element,fixture,opponent_team,total_points,was_home,kickoff_time,team_h_score,team_a_score,round,modified,minutes,goals_scored,assists,clean_sheets,goals_conceded,own_goals,penalties_saved,penalties_missed,yellow_cards,red_cards,saves,bonus,bps,influence,creativity,threat,ict_index,clearances_blocks_interceptions,recoveries,tackles,defensive_contribution,starts,expected_goals,expected_assists,expected_goal_involvements,expected_goals_conceded,value,transfers_balance,selected,transfers_in,transfers_out,player_id,web_name,position,team,team_name,opponent_name
1,1,7,6,True,2026-08-21T19:00:00Z,3,0,1,False,90,0,0,1,0,0,0,0,0,0,1,0,24,11.8,0.0,0.0,1.2,1,8,0,0,1,0.00,0.00,0.00,0.20,60,0,3347153,0,0,1,Raya,GK,1,ARS,COV
1,20,2,6,False,2026-08-31T19:00:00Z,0,1,2,False,90,0,0,1,0,0,0,0,0,0,0,0,21,5.6,0.0,0.0,0.6,1,11,0,0,1,0.00,0.00,0.00,0.33,60,24756,3801300,106734,81978,1,Raya,GK,1,ARS,AVL
1,29,6,3,True,2026-09-06T15:30:00Z,2,1,3,False,90,0,0,0,1,0,0,0,0,0,4,0,15,28.8,0.0,0.0,2.9,2,11,0,0,1,0.00,0.01,0.01,0.39,60,-23780,3887669,204948,228728,1,Raya,GK,1,ARS,CHE
1,36,20,14,False,2026-09-12T19:00:00Z,0,2,4,False,90,0,0,1,0,0,1,0,0,0,2,3,38,37.8,0.2,0.0,3.8,2,14,0,0,1,0.00,0.00,0.00,1.80,60,34449,4195206,249119,214670,1,Raya,GK,1,ARS,SUN
1,42,5,1,False,2026-09-19T14:00:00Z,3,0,5,False,90,0,0,0,3,0,0,0,0,0,2,0,6,20.6,0.0,0.0,2.1,0,14,1,0,1,0.00,0.00,0.00,1.31,60,212570,4487209,279598,67028,1,Raya,GK,1,ARS,BHA
2,1,7,0,True,2026-08-21T19:00:00Z,3,0,1,False,0,0,0,0,0,0,0,0,0,0,0,0,0,0.0,0.0,0.0,0.0,0,0,0,0,0,0.00,0.00,0.00,0.00,50,0,7415,0,0,2,Arrizabalaga,GK,1,ARS,COV
2,20,2,0,False,2026-08-31T19:00:00Z,0,1,2,False,0,0,0,0,0,0,0,0,0,0,0,0,0,0.0,0.0,0.0,0.0,0,0,0,0,0,0.00,0.00,0.00,0.00,50,-1067,7844,322,1389,2,Arrizabalaga,GK,1,ARS,AVL
2,29,6,0,True,2026-09-06T15:30:00Z,2,1,3,False,0,0,0,0,0,0,0,0,0,0,0,0,0,0.0,0.0,0.0,0.0,0,0,0,0,0,0.00,0.00,0.00,0.00,50,-615,8025,599,1214,2,Arrizabalaga,GK,1,ARS,CHE
2,36,20,0,False,2026-09-12T19:00:00Z,0,2,4,False,0,0,0,0,0,0,0,0,0,0,0,0,0,0.0,0.0,0.0,0.0,0,0,0,0,0,0.00,0.00,0.00,0.00,49,-576,7757,275,851,2,Arrizabalaga,GK,1,ARS,SUN
2,42,5,0,False,2026-09-19T14:00:00Z,3,0,5,False,0,0,0,0,0,0,0,0,0,0,0,0,0,0.0,0.0,0.0,0.0,0,0,0,0,0,0.00,0.00,0.00,0.00,49,-378,7555,181,559,2,Arrizabalaga,GK,1,ARS,BHA
3,1,7,0,True,2026-08-21T19:00:00Z,3,0,1,False,0,0,0,0,0,0,0,0,0,0,0,0,0,0.0,0.0,0.0,0.0,0,0,0,0,0,0.00,0.00,0.00,0.00,50,0,2971,0,0,3,Meslier,GK,1,ARS,COV
3,20,2,0,False,2026-08-31T19:00:00Z,0,1,2,False,0,0,0,0,0,0,0,0,0,0,0,0,0,0.0,0.0,0.0,0.0,0,0,0,0,0,0.00,0.00,0.00,0.00,50,-391,3125,101,492,3,Meslier,GK,1,ARS,AVL
3,29,6,0,True,2026-09-06T15:30:00Z,2,1,3,False,0,0,0,0,0,0,0,0,0,0,0,0,0,0.0,0.0,0.0,0.0,0,0,0,0,0,0.00,0.00,0.00,0.00,50,-287,3143,172,459,3,Meslier,GK,1,ARS,CHE
3,36,20,0,False,2026-09-12T19:00:00Z,0,2,4,False,0,0,0,0,0,0,0,0,0,0,0,0,0,0.0,0.0,0.0,0.0,0,0,0,0,0,0.00,0.00,0.00,0.00,49,-200,3081,108,308,3,Meslier,GK,1,ARS,SUN
3,42,5,0,False,2026-09-19T14:00:00Z,3,0,5,False,0,0,0,0,0,0,0,0,0,0,0,0,0,0.0,0.0,0.0,0.0,0,0,0,0,0,0.00,0.00,0.00,0.00,49,-115,3038,86,201,3,Meslier,GK,1,ARS,BHA
4,1,7,5,True,2026-08-21T19:00:00Z,3,0,1,False,90,0,0,1,0,0,0,0,1,0,0,0,21,6.6,1.8,1.0,0.9,4,2,0,4,1,0.05,0.01,0.06,0.20,80,0,2647984,0,0,4,Gabriel,DEF,1,ARS,COV
4,20,2,8,False,2026-08-31T19:00:00Z,0,1,2,False,90,0,0,1,0,0,0,0,0,0,0,0,23,18.2,3.2,6.0,2.7,8,5,2,10,1,0.13,0.02,0.15,0.33,80,-65343,2878770,58765,124108,4,Gabriel,DEF,1,ARS,AVL
4,29,6,2,True,2026-09-06T15:30:00Z,2,1,3,False,90,0,0,0,1,0,0,0,0,0,0,0,10,23.6,2.4,76.0,10.2,7,4,0,7,1,0.31,0.02,0.33,0.39,80,-298759,2590027,46883,345642,4,Gabriel,DEF,1,ARS,CHE
4,36,20,9,False,2026-09-12T19:00:00Z,0,2,4,False,90,0,0,1,0,0,0,0,1,0,0,2,30,20.6,1.5,1.0,2.3,10,2,1,11,1,0.02,0.01,0.03,1.80,80,-197767,2549738,56562,254329,4,Gabriel,DEF,1,ARS,SUN
4,42,5,1,False,2026-09-19T14:00:00Z,3,0,5,False,90,0,0,0,3,0,0,0,0,0,0,0,6,25.8,13.1,0.0,3.9,6,4,3,9,1,0.00,0.14,0.14,1.31,80,-70779,2494884,48033,118812,4,Gabriel,DEF,1,ARS,BHA
5,1,7,0,True,2026-08-21T19:00:00Z,3,0,1,False,0,0,0,0,0,0,0,0,0,0,0,0,0,0.0,0.0,0.0,0.0,0,0,0,0,0,0.00,0.00,0.00,0.00,65,0,11200,0,0,5,J.Timber,DEF,1,ARS,COV
5,20,2,0,False,2026-08-31T19:00:00Z,0,1,2,False,0,0,0,0,0,0,0,0,0,0,0,0,0,0.0,0.0,0.0,0.0,0,0,0,0,0,0.00,0.00,0.00,0.00,65,-2703,9810,401,3104,5,J.Timber,DEF,1,ARS,AVL
5,29,6,0,True,2026-09-06T15:30:00Z,2,1,3,False,0,0,0,0,0,0,0,0,0,0,0,0,0,0.0,0.0,0.0,0.0,0,0,0,0,0,0.00,0.00,0.00,0.00,65,-1892,8594,549,2441,5,J.Timber,DEF,1,ARS,CHE
5,36,20,1,False,2026-09-12T19:00:00Z,0,2,4,False,45,0,0,0,0,0,0,0,0,0,0,0,3,6.0,1.9,0.0,0.8,2,5,1,3,0,0.00,0.01,0.01,1.57,65,-772,8281,618,1390,5,J.Timber,DEF,1,ARS,SUN
5,42,5,0,False,2026-09-19T14:00:00Z,3,0,5,False,59,0,0,0,3,0,0,0,0,0,0,0,-6,4.2,2.3,0.0,0.7,0,2,2,2,1,0.00,0.02,0.02,0.61,65,16270,32012,20088,3818,5,J.Timber,DEF,1,ARS,BHA
6,1,7,0,True,2026-08-21T19:00:00Z,3,0,1,False,0,0,0,0,0,0,0,0,0,0,0,0,0,0.0,0.0,0.0,0.0,0,0,0,0,0,0.00,0.00,0.00,0.00,60,0,26559,0,0,6,Saliba,DEF,1,ARS,COV
6,20,2,0,False,2026-08-31T19:00:00Z,0,1,2,False,0,0,0,0,0,0,0,0,0,0,0,0,0,0.0,0.0,0.0,0.0,0,0,0,0,0,0.00,0.00,0.00,0.00,60,-5970,25581,846,6816,6,Saliba,DEF,1,ARS,AVL
6,29,6,0,True,2026-09-06T15:30:00Z,2,1,3,False,0,0,0,0,0,0,0,0,0,0,0,0,0,0.0,0.0,0.0,0.0,0,0,0,0,0,0.00,0.00,0.00,0.00,60,-4380,23846,1102,5482,6,Saliba,DEF,1,ARS,CHE
6,36,20,0,False,2026-09-12T19:00:00Z,0,2,4,False,0,0,0,0,0,0,0,0,0,0,0,0,0,0.0,0.0,0.0,0.0,0,0,0,0,0,0.00,0.00,0.00,0.00,59,-2516,22768,735,3251,6,Saliba,DEF,1,ARS,SUN
6,42,5,0,False,2026-09-19T14:00:00Z,3,0,5,False,0,0,0,0,0,0,0,0,0,0,0,0,0,0.0,0.0,0.0,0.0,0,0,0,0,0,0.00,0.00,0.00,0.00,59,-1605,21924,399,2004,6,Saliba,DEF,1,ARS,BHA
7,1,7,3,True,2026-08-21T19:00:00Z,3,0,1,False,90,0,0,1,0,0,0,0,0,0,0,0,15,11.0,22.9,7.0,4.1,1,5,1,7,1,0.06,0.11,0.17,0.20,55,0,55656,0,0,7,Lewis-Skelly,MID,1,ARS,COV
7,20,2,3,False,2026-08-31T19:00:00Z,0,1,2,False,70,0,0,1,0,0,0,0,0,0,0,0,15,10.6,3.2,5.0,1.9,4,1,0,5,1,0.07,0.02,0.09,0.33,55,642,70615,9693,9051,7,Lewis-Skelly,MID,1,ARS,AVL
7,29,6,2,True,2026-09-06T15:30:00Z,2,1,3,False,66,0,0,0,1,0,0,0,0,0,0,0,5,0.0,12.7,4.0,1.0,0,2,0,2,1,0.03,0.10,0.13,0.26,55,-4641,71335,8849,13490,7,Lewis-Skelly,MID,1,ARS,CHE
7,36,20,1,False,2026-09-12T19:00:00Z,0,2,4,False,45,0,0,0,0,0,0,0,0,0,0,0,2,0.0,1.4,0.0,0.0,0,0,0,0,1,0.00,0.00,0.00,0.23,55,-4212,70499,6908,11120,7,Lewis-Skelly,MID,1,ARS,SUN
7,42,5,0,False,2026-09-19T14:00:00Z,3,0,5,False,0,0,0,0,0,0,0,0,0,0,0,0,0,0.0,0.0,0.0,0.0,0,0,0,0,0,0.00,0.00,0.00,0.00,55,-7916,64229,3227,11143,7,Lewis-Skelly,MID,1,ARS,BHA
8,1,7,9,True,2026-08-21T19:00:00Z,3,0,1,False,80,0,1,1,0,0,0,0,0,0,0,0,31,26.0,12.2,4.0,4.2,4,1,1,5,1,0.04,0.09,0.13,0.06,55,0,3542684,0,0,8,Calafiori,DEF,1,ARS,COV
8,20,2,11,False,2026-08-31T19:00:00Z,0,1,2,False,90,0,1,1,0,0,0,0,0,0,0,2,30,21.2,11.9,9.0,4.2,2,4,1,3,1,0.11,0.46,0.57,0.33,56,268472,4150694,310105,41633,8,Calafiori,DEF,1,ARS,AVL
8,29,6,2,True,2026-09-06T15:30:00Z,2,1,3,False,66,0,0,0,1,0,0,0,0,0,0,0,0,4.4,3.2,26.0,3.4,0,1,1,1,1,0.39,0.03,0.42,0.26,57,396923,4639050,515479,118556,8,Calafiori,DEF,1,ARS,CHE
8,36,20,6,False,2026-09-12T19:00:00Z,0,2,4,False,90,0,0,1,0,0,0,0,0,0,0,0,18,8.8,1.7,7.0,1.8,4,2,0,4,1,0.06,0.01,0.07,1.80,58,392809,5296821,487524,94715,8,Calafiori,DEF,1,ARS,SUN
8,42,5,1,False,2026-09-19T14:00:00Z,3,0,5,False,90,0,0,0,3,0,0,0,0,0,0,0,-3,11.2,23.7,20.0,5.5,2,5,3,5,1,0.07,0.03,0.10,1.31,58,183297,5451521,266900,83603,8,Calafiori,DEF,1,ARS,BHA
9,1,7,1,True,2026-08-21T19:00:00Z,3,0,1,False,9,0,0,0,0,0,0,0,0,0,0,0,3,0.4,0.5,0.0,0.1,0,0,0,0,0,0.00,0.00,0.00,0.15,55,0,165924,0,0,9,Hincapie,DEF,1,ARS,COV
9,20,2,0,False,2026-08-31T19:00:00Z,0,1,2,False,0,0,0,0,0,0,0,0,0,0,0,0,0,0.0,0.0,0.0,0.0,0,0,0,0,0,0.00,0.00,0.00,0.00,54,-37136,145234,3910,41046,9,Hincapie,DEF,1,ARS,AVL
9,29,6,1,True,2026-09-06T15:30:00Z,2,1,3,False,23,0,0,0,0,0,0,0,0,0,0,0,3,6.0,0.5,2.0,0.9,2,0,1,3,0,0.00,0.00,0.00,0.13,54,-31216,119369,4425,35641,9,Hincapie,DEF,1,ARS,CHE
9,36,20,0,False,2026-09-12T19:00:00Z,0,2,4,False,0,0,0,0,0,0,0,0,0,0,0,0,0,0.0,0.0,0.0,0.0,0,0,0,0,0,0.00,0.00,0.00,0.00,53,-15451,109174,3925,19376,9,Hincapie,DEF,1,ARS,SUN
9,42,5,0,False,2026-09-19T14:00:00Z,3,0,5,False,0,0,0,0,0,0,0,0,0,0,0,0,0,0.0,0.0,0.0,0.0,0,0,0,0,0,0.00,0.00,0.00,0.00,53,-13089,98376,2559,15648,9,Hincapie,DEF,1,ARS,BHA
10,1,7,11,True,2026-08-21T19:00:00Z,3,0,1,False,90,0,1,1,0,0,0,0,0,0,0,2,37,33.2,26.8,13.0,7.3,4,3,1,5,1,0.18,0.21,0.39,0.20,55,0,401419,0,0,10,White,DEF,1,ARS,COV
10,20,2,7,False,2026-08-31T19:00:00Z,0,1,2,False,90,0,0,1,0,0,0,0,0,0,0,1,26,16.4,20.3,0.0,3.7,3,2,1,4,1,0.00,0.05,0.05,0.33,55,119886,683136,144941,25055,10,White,DEF,1,ARS,AVL
10,29,6,2,True,2026-09-06T15:30:00Z,2,1,3,False,90,0,0,0,1,0,0,0,0,0,0,0,11,15.8,5.1,10.0,3.1,4,4,2,6,1,0.00,0.03,0.03,0.39,55,45919,745511,163295,117376,10,White,DEF,1,ARS,CHE
10,36,20,1,False,2026-09-12T19:00:00Z,0,2,4,False,45,0,0,0,0,0,0,0,0,0,0,0,4,4.2,0.8,6.0,1.1,1,0,2,3,1,0.00,0.00,0.00,0.23,55,6399,815166,123355,116956,10,White,DEF,1,ARS,SUN
10,42,5,0,False,2026-09-19T14:00:00Z,3,0,5,False,0,0,0,0,0,0,0,0,0,0,0,0,0,0.0,0.0,0.0,0.0,0,0,0,0,0,0.00,0.00,0.00,0.00,55,-218227,573621,21167,239394,10,White,DEF,1,ARS,BHA
11,1,7,6,True,2026-08-21T19:00:00Z,3,0,1,False,90,0,0,1,0,0,0,0,0,0,0,0,27,14.4,0.6,0.0,1.5,6,3,0,6,1,0.00,0.00,0.00,0.20,55,0,571606,0,0,11,Mosquera,DEF,1,ARS,COV
11,20,2,6,False,2026-08-31T19:00:00Z,0,1,2,False,78,0,0,1,0,0,0,0,0,0,0,0,25,10.2,1.4,0.0,1.2,4,0,0,4,1,0.00,0.01,0.01,0.33,55,-30539,566006,15410,45949,11,Mosquera,DEF,1,ARS,AVL
11,29,6,0,True,2026-09-06T15:30:00Z,2,1,3,False,0,0,0,0,0,0,0,0,0,0,0,0,0,0.0,0.0,0.0,0.0,0,0,0,0,0,0.00,0.00,0.00,0.00,55,-114822,438589,13546,128368,11,Mosquera,DEF,1,ARS,CHE
11,36,20,0,False,2026-09-12T19:00:00Z,0,2,4,False,0,0,0,0,0,0,0,0,0,0,0,0,0,0.0,0.0,0.0,0.0,0,0,0,0,0,0.00,0.00,0.00,0.00,54,-201802,248830,733,202535,11,Mosquera,DEF,1,ARS,SUN
11,42,5,0,False,2026-09-19T14:00:00Z,3,0,5,False,0,0,0,0,0,0,0,0,0,0,0,0,0,0.0,0.0,0.0,0.0,0,0,0,0,0,0.00,0.00,0.00,0.00,53,-81401,181804,476,81877,11,Mosquera,DEF,1,ARS,BHA
12,1,7,9,True,2026-08-21T19:00:00Z,3,0,1,False,67,1,0,1,0,0,0,0,0,0,0,1,36,42.8,26.1,33.0,10.2,2,4,1,7,1,0.64,0.08,0.72,0.06,95,0,819914,0,0,12,Saka,MID,1,ARS,COV
12,20,2,11,False,2026-08-31T19:00:00Z,0,1,2,False,90,1,0,1,0,0,0,0,0,0,0,3,46,41.0,8.0,44.0,9.3,3,6,2,11,1,0.63,0.04,0.67,0.33,95,53683,1039189,88913,35230,12,Saka,MID,1,ARS,AVL
12,29,6,2,True,2026-09-06T15:30:00Z,2,1,3,False,89,0,0,0,1,0,0,0,0,0,0,0,13,10.6,27.8,70.0,10.8,1,2,1,4,1,0.23,0.23,0.46,0.39,95,55091,1160318,156377,101286,12,Saka,MID,1,ARS,CHE
12,36,20,8,False,2026-09-12T19:00:00Z,0,2,4,False,90,1,0,1,0,0,0,0,0,0,0,0,28,45.4,16.9,57.0,11.9,2,4,1,7,1,1.38,0.08,1.46,1.80,95,64680,1257689,213086,148406,12,Saka,MID,1,ARS,SUN
12,42,5,2,False,2026-09-19T14:00:00Z,3,0,5,False,80,0,0,0,3,0,0,0,0,0,0,0,14,15.8,46.8,36.0,9.9,0,1,1,2,1,0.34,0.55,0.89,1.00,95,156317,1461185,221246,64929,12,Saka,MID,1,ARS,BHA
13,1,7,3,True,2026-08-21T19:00:00Z,3,0,1,False,67,0,0,1,0,0,0,0,0,0,0,0,10,6.8,6.4,2.0,1.5,3,3,0,6,1,0.07,0.08,0.15,0.06,75,0,1604406,0,0,13,Rice,MID,1,ARS,COV
13,20,2,5,False,2026-08-31T19:00:00Z,0,1,2,False,84,0,0,1,0,0,0,0,0,0,0,0,19,24.0,27.6,0.0,5.2,2,7,3,12,1,0.00,0.10,0.10,0.33,75,-122235,1662633,35487,157722,13,Rice,MID,1,ARS,AVL
13,29,6,5,True,2026-09-06T15:30:00Z,2,1,3,False,90,0,1,0,1,0,0,0,0,0,0,0,22,33.8,19.9,2.0,5.6,5,1,0,6,1,0.03,0.08,0.11,0.39,75,-227106,1465517,21785,248891,13,Rice,MID,1,ARS,CHE
13,36,20,6,False,2026-09-12T19:00:00Z,0,2,4,False,80,0,1,1,0,0,0,0,0,0,0,0,27,45.0,36.4,0.0,8.1,6,2,2,10,1,0.00,0.37,0.37,1.41,74,-126667,1379844,25889,152556,13,Rice,MID,1,ARS,SUN
13,42,5,1,False,2026-09-19T14:00:00Z,3,0,5,False,90,0,0,0,3,0,0,0,1,0,0,0,13,10.6,18.1,1.0,3.0,2,4,2,8,1,0.02,0.06,0.08,1.31,74,-54820,1344452,28685,83505,13,Rice,MID,1,ARS,BHA
14,1,7,1,True,2026-08-21T19:00:00Z,3,0,1,False,14,0,0,0,0,0,0,0,0,0,0,0,4,0.0,1.8,1.0,0.1,0,2,0,2,0,0.04,0.00,0.04,0.15,65,0,188164,0,0,14,Eze,MID,1,ARS,COV
14,20,2,1,False,2026-08-31T19:00:00Z,0,1,2,False,45,0,0,0,0,0,0,0,0,0,0,0,6,1.6,2.0,2.0,0.6,0,3,0,3,0,0.00,0.07,0.07,0.24,65,-38776,169814,5716,44492,14,Eze,MID,1,ARS,AVL
14,29,6,0,True,2026-09-06T15:30:00Z,2,1,3,False,0,0,0,0,0,0,0,0,0,0,0,0,0,0.0,0.0,0.0,0.0,0,0,0,0,0,0.00,0.00,0.00,0.00,64,-32301,146059,8271,40572,14,Eze,MID,1,ARS,CHE
14,36,20,1,False,2026-09-12T19:00:00Z,0,2,4,False,9,0,0,0,0,0,0,0,0,0,0,0,3,0.2,0.0,2.0,0.2,0,0,0,0,0,0.00,0.00,0.00,0.40,63,-25833,125433,3906,29739,14,Eze,MID,1,ARS,SUN
14,42,5,1,False,2026-09-19T14:00:00Z,3,0,5,False,17,0,0,0,0,0,0,0,0,0,0,0,5,1.2,2.1,4.0,0.7,0,0,0,0,0,0.00,0.02,0.02,0.54,63,-15015,113499,3026,18041,14,Eze,MID,1,ARS,BHA
15,1,7,11,True,2026-08-21T19:00:00Z,3,0,1,False,75,1,0,1,0,0,0,0,0,0,0,3,41,50.6,41.5,31.0,12.3,1,4,3,8,1,0.21,0.10,0.31,0.06,65,0,717252,0,0,15,Ødegaard,MID,1,ARS,COV
15,20,2,3,False,2026-08-31T19:00:00Z,0,1,2,False,70,0,0,1,0,0,0,0,0,0,0,0,13,6.8,6.8,5.0,1.9,2,1,2,5,1,0.08,0.07,0.15,0.33,66,252699,1174125,289559,36860,15,Ødegaard,MID,1,ARS,AVL
15,29,6,10,True,2026-09-06T15:30:00Z,2,1,3,False,76,1,0,0,1,0,0,0,0,0,0,3,47,45.0,54.2,30.0,12.9,0,3,0,3,1,0.72,0.88,1.60,0.27,66,-52949,1130521,119653,172602,15,Ødegaard,MID,1,ARS,CHE
15,36,20,3,False,2026-09-12T19:00:00Z,0,2,4,False,84,0,0,1,0,0,0,0,0,0,0,0,26,19.4,58.2,2.0,8.0,1,3,1,5,1,0.00,0.25,0.25,1.80,67,702273,2036643,820232,117959,15,Ødegaard,MID,1,ARS,SUN
15,42,5,2,False,2026-09-19T14:00:00Z,3,0,5,False,72,0,0,0,3,0,0,0,0,0,0,0,10,0.0,6.2,5.0,1.1,1,1,0,2,1,0.07,0.02,0.09,0.77,68,194248,2167651,326276,132028,15,Ødegaard,MID,1,ARS,BHA
16,1,7,1,True,2026-08-21T19:00:00Z,3,0,1,False,22,0,0,0,0,0,0,0,0,0,0,0,8,9.4,43.1,0.0,5.3,0,2,0,2,0,0.00,0.04,0.04,0.15,65,0,30442,0,0,16,Madueke,MID,1,ARS,COV
16,20,2,0,False,2026-08-31T19:00:00Z,0,1,2,False,0,0,0,0,0,0,0,0,0,0,0,0,0,0.0,0.0,0.0,0.0,0,0,0,0,0,0.00,0.00,0.00,0.00,64,-6819,29476,1412,8231,16,Madueke,MID,1,ARS,AVL
16,29,6,1,True,2026-09-06T15:30:00Z,2,1,3,False,1,0,0,0,0,0,0,0,0,0,0,0,3,2.2,0.8,0.0,0.3,0,0,1,1,0,0.00,0.01,0.01,0.00,63,-6797,24885,1276,8073,16,Madueke,MID,1,ARS,CHE
16,36,20,0,False,2026-09-12T19:00:00Z,0,2,4,False,0,0,0,0,0,0,0,0,0,0,0,0,0,0.0,0.0,0.0,0.0,0,0,0,0,0,0.00,0.00,0.00,0.00,63,-3081,23695,1399,4480,16,Madueke,MID,1,ARS,SUN
16,42,5,0,False,2026-09-19T14:00:00Z,3,0,5,False,0,0,0,0,0,0,0,0,0,0,0,0,0,0.0,0.0,0.0,0.0,0,0,0,0,0,0.00,0.00,0.00,0.00,62,-2443,22229,1193,3636,16,Madueke,MID,1,ARS,BHA
17,1,7,1,True,2026-08-21T19:00:00Z,3,0,1,False,14,0,0,0,0,0,0,0,0,0,0,0,5,3.6,1.2,14.0,1.9,0,2,0,2,0,0.14,0.02,0.16,0.15,60,0,62671,0,0,17,Merino,MID,1,ARS,COV
17,20,2,1,False,2026-08-31T19:00:00Z,0,1,2,False,19,0,0,0,0,0,0,0,0,0,0,0,7,2.8,1.0,0.0,0.4,0,4,0,4,0,0.00,0.00,0.00,0.00,60,-12835,58253,2422,15257,17,Merino,MID,1,ARS,AVL
17,29,6,0,True,2026-09-06T15:30:00Z,2,1,3,False,13,0,0,0,0,0,0,0,1,0,0,0,0,0.0,1.1,0.0,0.1,0,0,0,0,0,0.00,0.00,0.00,0.11,59,-10808,51449,3061,13869,17,Merino,MID,1,ARS,CHE
17,36,20,1,False,2026-09-12T19:00:00Z,0,2,4,False,5,0,0,0,0,0,0,0,0,0,0,0,3,0.2,0.1,0.0,0.0,0,0,0,0,0,0.00,0.00,0.00,0.00,58,-7941,46215,1909,9850,17,Merino,MID,1,ARS,SUN
17,42,5,1,False,2026-09-19T14:00:00Z,3,0,5,False,30,0,0,0,0,0,0,0,0,0,0,0,4,3.4,0.8,2.0,0.6,1,3,0,4,0,0.00,0.13,0.13,0.70,58,-4969,42609,1345,6314,17,Merino,MID,1,ARS,BHA
18,1,7,0,True,2026-08-21T19:00:00Z,3,0,1,False,0,0,0,0,0,0,0,0,0,0,0,0,0,0.0,0.0,0.0,0.0,0,0,0,0,0,0.00,0.00,0.00,0.00,65,0,21290,0,0,18,Martinelli,MID,1,ARS,COV
18,20,2,0,False,2026-08-31T19:00:00Z,0,1,2,False,0,0,0,0,0,0,0,0,0,0,0,0,0,0.0,0.0,0.0,0.0,0,0,0,0,0,0.00,0.00,0.00,0.00,64,-5718,19331,1318,7036,18,Martinelli,MID,1,ARS,AVL
18,29,6,0,True,2026-09-06T15:30:00Z,2,1,3,False,0,0,0,0,0,0,0,0,0,0,0,0,0,0.0,0.0,0.0,0.0,0,0,0,0,0,0.00,0.00,0.00,0.00,63,-5441,15232,1165,6606,18,Martinelli,MID,1,ARS,CHE
18,36,20,0,False,2026-09-12T19:00:00Z,0,2,4,False,0,0,0,0,0,0,0,0,0,0,0,0,0,0.0,0.0,0.0,0.0,0,0,0,0,0,0.00,0.00,0.00,0.00,63,-6160,9183,0,6160,18,Martinelli,MID,1,ARS,SUN
18,42,5,0,False,2026-09-19T14:00:00Z,3,0,5,False,0,0,0,0,0,0,0,0,0,0,0,0,0,0.0,0.0,0.0,0.0,0,0,0,0,0,0.00,0.00,0.00,0.00,63,-1499,7867,0,1499,18,Martinelli,MID,1,ARS,BHA
19,1,7,1,True,2026-08-21T19:00:00Z,3,0,1,False,22,0,0,0,0,0,0,0,0,0,0,0,3,3.8,2.3,0.0,0.6,0,2,1,3,0,0.00,0.02,0.02,0.15,55,0,107568,0,0,19,Zubimendi,MID,1,ARS,COV
19,20,2,1,False,2026-08-31T19:00:00Z,0,1,2,False,5,0,0,0,0,0,0,0,0,0,0,0,5,4.8,0.9,0.0,0.6,0,0,2,2,0,0.00,0.00,0.00,0.00,55,-19013,94430,1579,20592,19,Zubimendi,MID,1,ARS,AVL
19,29,6,1,True,2026-09-06T15:30:00Z,2,1,3,False,23,0,0,0,0,0,0,0,0,0,0,0,1,1.4,0.8,11.0,1.3,4,0,0,4,0,0.08,0.02,0.10,0.13,54,-16532,80922,3485,20017,19,Zubimendi,MID,1,ARS,CHE
19,36,20,1,False,2026-09-12T19:00:00Z,0,2,4,False,9,0,0,0,0,0,0,0,0,0,0,0,5,3.4,0.2,0.0,0.4,0,1,1,2,0,0.00,0.00,0.00,0.40,54,-11465,71283,1507,12972,19,Zubimendi,MID,1,ARS,SUN
19,42,5,1,False,2026-09-19T14:00:00Z,3,0,5,False,30,0,0,0,0,0,0,0,0,0,0,0,2,0.0,0.8,18.0,1.9,1,0,0,1,0,0.13,0.00,0.13,0.70,53,-7918,64585,1444,9362,19,Zubimendi,MID,1,ARS,BHA
20,1,7,0,True,2026-08-21T19:00:00Z,3,0,1,False,0,0,0,0,0,0,0,0,0,0,0,0,0,0.0,0.0,0.0,0.0,0,0,0,0,0,0.00,0.00,0.00,0.00,55,0,8920,0,0,20,Dowman,MID,1,ARS,COV
20,20,2,0,False,2026-08-31T19:00:00Z,0,1,2,False,0,0,0,0,0,0,0,0,0,0,0,0,0,0.0,0.0,0.0,0.0,0,0,0,0,0,0.00,0.00,0.00,0.00,54,-1857,8233,473,2330,20,Dowman,MID,1,ARS,AVL
20,29,6,0,True,2026-09-06T15:30:00Z,2,1,3,False,0,0,0,0,0,0,0,0,0,0,0,0,0,0.0,0.0,0.0,0.0,0,0,0,0,0,0.00,0.00,0.00,0.00,54,-1389,7381,608,1997,20,Dowman,MID,1,ARS,CHE
20,36,20,0,False,2026-09-12T19:00:00Z,0,2,4,False,0,0,0,0,0,0,0,0,0,0,0,0,0,0.0,0.0,0.0,0.0,0,0,0,0,0,0.00,0.00,0.00,0.00,53,-713,7072,629,1342,20,Dowman,MID,1,ARS,SUN
20,42,5,1,False,2026-09-19T14:00:00Z,3,0,5,False,9,0,0,0,0,0,0,0,0,0,0,0,4,2.0,14.8,0.0,1.7,0,0,0,0,0,0.00,0.08,0.08,0.31,53,-172,7252,878,1050,20,Dowman,MID,1,ARS,BHA
22,1,7,0,True,2026-08-21T19:00:00Z,3,0,1,False,0,0,0,0,0,0,0,0,0,0,0,0,0,0.0,0.0,0.0,0.0,0,0,0,0,0,0.00,0.00,0.00,0.00,55,0,1260,0,0,22,Nwaneri,MID,1,ARS,COV
22,20,2,0,False,2026-08-31T19:00:00Z,0,1,2,False,0,0,0,0,0,0,0,0,0,0,0,0,0,0.0,0.0,0.0,0.0,0,0,0,0,0,0.00,0.00,0.00,0.00,55,-248,1254,76,324,22,Nwaneri,MID,1,ARS,AVL
22,29,6,0,True,2026-09-06T15:30:00Z,2,1,3,False,0,0,0,0,0,0,0,0,0,0,0,0,0,0.0,0.0,0.0,0.0,0,0,0,0,0,0.00,0.00,0.00,0.00,54,-270,1107,157,427,22,Nwaneri,MID,1,ARS,CHE
22,36,20,0,False,2026-09-12T19:00:00Z,0,2,4,False,0,0,0,0,0,0,0,0,0,0,0,0,0,0.0,0.0,0.0,0.0,0,0,0,0,0,0.00,0.00,0.00,0.00,54,-333,783,0,333,22,Nwaneri,MID,1,ARS,SUN
22,42,5,0,False,2026-09-19T14:00:00Z,3,0,5,False,0,0,0,0,0,0,0,0,0,0,0,0,0,0.0,0.0,0.0,0.0,0,0,0,0,0,0.00,0.00,0.00,0.00,54,-116,680,0,116,22,Nwaneri,MID,1,ARS,BHA
23,1,7,0,True,2026-08-21T19:00:00Z,3,0,1,False,0,0,0,0,0,0,0,0,0,0,0,0,0,0.0,0.0,0.0,0.0,0,0,0,0,0,0.00,0.00,0.00,0.00,55,0,892,0,0,23,Fábio Vieira,MID,1,ARS,COV
23,20,2,0,False,2026-08-31T19:00:00Z,0,1,2,False,0,0,0,0,0,0,0,0,0,0,0,0,0,0.0,0.0,0.0,0.0,0,0,0,0,0,0.00,0.00,0.00,0.00,55,-135,979,80,215,23,Fábio Vieira,MID,1,ARS,AVL
23,29,6,0,True,2026-09-06T15:30:00Z,2,1,3,False,0,0,0,0,0,0,0,0,0,0,0,0,0,0.0,0.0,0.0,0.0,0,0,0,0,0,0.00,0.00,0.00,0.00,55,-136,972,175,311,23,Fábio Vieira,MID,1,ARS,CHE
23,36,20,0,False,2026-09-12T19:00:00Z,0,2,4,False,0,0,0,0,0,0,0,0,0,0,0,0,0,0.0,0.0,0.0,0.0,0,0,0,0,0,0.00,0.00,0.00,0.00,55,-265,708,0,265,23,Fábio Vieira,MID,1,ARS,SUN
23,42,5,0,False,2026-09-19T14:00:00Z,3,0,5,False,0,0,0,0,0,0,0,0,0,0,0,0,0,0.0,0.0,0.0,0.0,0,0,0,0,0,0.00,0.00,0.00,0.00,55,-88,633,0,88,23,Fábio Vieira,MID,1,ARS,BHA
24,1,7,0,True,2026-08-21T19:00:00Z,3,0,1,False,0,0,0,0,0,0,0,0,0,0,0,0,0,0.0,0.0,0.0,0.0,0,0,0,0,0,0.00,0.00,0.00,0.00,55,0,853,0,0,24,Nelson,MID,1,ARS,COV
24,20,2,0,False,2026-08-31T19:00:00Z,0,1,2,False,0,0,0,0,0,0,0,0,0,0,0,0,0,0.0,0.0,0.0,0.0,0,0,0,0,0,0.00,0.00,0.00,0.00,55,-108,966,64,172,24,Nelson,MID,1,ARS,AVL
24,29,6,0,True,2026-09-06T15:30:00Z,2,1,3,False,0,0,0,0,0,0,0,0,0,0,0,0,0,0.0,0.0,0.0,0.0,0,0,0,0,0,0.00,0.00,0.00,0.00,55,-299,662,4,303,24,Nelson,MID,1,ARS,CHE
24,36,20,0,False,2026-09-12T19:00:00Z,0,2,4,False,0,0,0,0,0,0,0,0,0,0,0,0,0,0.0,0.0,0.0,0.0,0,0,0,0,0,0.00,0.00,0.00,0.00,55,-113,565,0,113,24,Nelson,MID,1,ARS,SUN
24,42,5,0,False,2026-09-19T14:00:00Z,3,0,5,False,0,0,0,0,0,0,0,0,0,0,0,0,0,0.0,0.0,0.0,0.0,0,0,0,0,0,0.00,0.00,0.00,0.00,55,-66,500,0,66,24,Nelson,MID,1,ARS,BHA
25,1,7,0,True,2026-08-21T19:00:00Z,3,0,1,False,0,0,0,0,0,0,0,0,0,0,0,0,0,0.0,0.0,0.0,0.0,0,0,0,0,0,0.00,0.00,0.00,0.00,75,0,816962,0,0,25,Gyökeres,FWD,1,ARS,COV
25,20,2,0,False,2026-08-31T19:00:00Z,0,1,2,False,0,0,0,0,0,0,0,0,0,0,0,0,0,0.0,0.0,0.0,0.0,0,0,0,0,0,0.00,0.00,0.00,0.00,74,-229353,650596,8776,238129,25,Gyökeres,FWD,1,ARS,AVL
25,29,6,1,True,2026-09-06T15:30:00Z,2,1,3,False,12,0,0,0,0,0,0,0,0,0,0,0,2,0.0,0.1,0.0,0.0,0,1,0,1,0,0.00,0.00,0.00,0.11,73,-192830,466852,8161,200991,25,Gyökeres,FWD,1,ARS,CHE
25,36,20,0,False,2026-09-12T19:00:00Z,0,2,4,False,0,0,0,0,0,0,0,0,0,0,0,0,0,0.0,0.0,0.0,0.0,0,0,0,0,0,0.00,0.00,0.00,0.00,72,-92048,388876,6130,98178,25,Gyökeres,FWD,1,ARS,SUN
25,42,5,1,False,2026-09-19T14:00:00Z,3,0,5,False,17,0,0,0,0,0,0,0,0,0,0,0,5,0.0,14.6,0.0,1.4,0,0,0,0,0,0.00,0.23,0.23,0.54,72,-51870,342393,5156,57026,25,Gyökeres,FWD,1,ARS,BHA
26,1,7,6,True,2026-08-21T19:00:00Z,3,0,1,False,90,1,0,1,0,0,0,0,0,0,0,0,34,37.2,13.2,25.0,7.5,2,0,0,2,1,0.26,0.03,0.29,0.20,75,0,468616,0,0,26,Havertz,FWD,1,ARS,COV
26,20,2,2,False,2026-08-31T19:00:00Z,0,1,2,False,90,0,0,1,0,0,0,0,0,0,0,0,5,2.4,3.4,23.0,2.9,0,5,0,5,1,0.02,0.03,0.05,0.33,75,148783,752082,187608,38825,26,Havertz,FWD,1,ARS,AVL
26,29,6,8,True,2026-09-06T15:30:00Z,2,1,3,False,77,1,0,0,1,0,0,0,0,0,0,2,38,43.0,37.0,57.0,13.7,1,0,0,1,1,0.27,0.27,0.54,0.27,75,-68870,686572,72519,141389,26,Havertz,FWD,1,ARS,CHE
26,36,20,1,False,2026-09-12T19:00:00Z,0,2,4,False,90,0,0,1,0,0,0,0,1,0,0,0,0,1.6,12.4,32.0,4.6,1,1,0,2,1,0.34,0.02,0.36,1.80,75,118477,871717,195764,77287,26,Havertz,FWD,1,ARS,SUN
26,42,5,2,False,2026-09-19T14:00:00Z,3,0,5,False,90,0,0,0,3,0,0,0,0,0,0,0,5,5.2,5.3,28.0,3.9,2,1,0,3,1,0.78,0.02,0.80,1.31,76,44371,915557,147342,102971,26,Havertz,FWD,1,ARS,BHA
27,1,7,0,True,2026-08-21T19:00:00Z,3,0,1,False,0,0,0,0,0,0,0,0,0,0,0,0,0,0.0,0.0,0.0,0.0,0,0,0,0,0,0.00,0.00,0.00,0.00,60,0,31403,0,0,27,G.Jesus,FWD,1,ARS,COV
27,20,2,0,False,2026-08-31T19:00:00Z,0,1,2,False,0,0,0,0,0,0,0,0,0,0,0,0,0,0.0,0.0,0.0,0.0,0,0,0,0,0,0.00,0.00,0.00,0.00,60,-5264,32779,1914,7178,27,G.Jesus,FWD,1,ARS,AVL
27,29,6,0,True,2026-09-06T15:30:00Z,2,1,3,False,0,0,0,0,0,0,0,0,0,0,0,0,0,0.0,0.0,0.0,0.0,0,0,0,0,0,0.00,0.00,0.00,0.00,59,-8859,26101,2250,11109,27,G.Jesus,FWD,1,ARS,CHE
27,36,20,0,False,2026-09-12T19:00:00Z,0,2,4,False,0,0,0,0,0,0,0,0,0,0,0,0,0,0.0,0.0,0.0,0.0,0,0,0,0,0,0.00,0.00,0.00,0.00,59,-7696,18614,0,7696,27,G.Jesus,FWD,1,ARS,SUN
27,42,5,0,False,2026-09-19T14:00:00Z,3,0,5,False,0,0,0,0,0,0,0,0,0,0,0,0,0,0.0,0.0,0.0,0.0,0,0,0,0,0,0.00,0.00,0.00,0.00,59,-2292,16588,0,2292,27,G.Jesus,FWD,1,ARS,BHA
31,1,7,0,True,2026-08-21T19:00:00Z,3,0,1,False,0,0,0,0,0,0,0,0,0,0,0,0,0,0.0,0.0,0.0,0.0,0,0,0,0,0,0.00,0.00,0.00,0.00,45,0,1206127,0,0,31,Konsa,DEF,1,ARS,COV
31,20,2,1,False,2026-08-31T19:00:00Z,0,1,2,False,11,0,0,0,0,0,0,0,0,0,0,0,3,3.2,0.1,0.0,0.3,1,0,0,1,0,0.00,0.00,0.00,0.00,45,-179766,1061562,49821,229587,31,Konsa,DEF,1,ARS,AVL
31,29,6,4,True,2026-09-06T15:30:00Z,2,1,3,False,90,0,0,0,1,0,0,0,0,0,0,0,15,19.4,1.4,4.0,2.5,7,5,3,10,1,0.00,0.01,0.01,0.39,44,71726,1139279,270872,199146,31,Konsa,DEF,1,ARS,CHE
31,36,20,6,False,2026-09-12T19:00:00Z,0,2,4,False,90,0,0,1,0,0,0,0,0,0,0,0,16,11.8,0.2,0.0,1.2,6,1,2,8,1,0.00,0.00,0.00,1.80,45,612675,1867300,709520,96845,31,Konsa,DEF,1,ARS,SUN
31,42,5,1,False,2026-09-19T14:00:00Z,3,0,5,False,90,0,0,0,3,0,0,0,0,0,0,0,2,10.6,12.3,10.0,3.3,4,3,0,4,1,0.23,0.01,0.24,1.31,45,277564,2062931,343094,65530,31,Konsa,DEF,1,ARS,BHA
452,1,7,0,True,2026-08-21T19:00:00Z,3,0,1,False,0,0,0,0,0,0,0,0,0,0,0,0,0,0.0,0.0,0.0,0.0,0,0,0,0,0,0.00,0.00,0.00,0.00,70,0,391151,0,0,452,Bruno G.,MID,1,ARS,COV
452,20,2,1,False,2026-08-31T19:00:00Z,0,1,2,False,19,0,0,0,0,0,0,0,0,0,0,0,4,1.4,0.8,2.0,0.4,0,3,0,3,0,0.00,0.01,0.01,0.00,69,-125705,265263,850,126555,452,Bruno G.,MID,1,ARS,AVL
452,29,6,0,True,2026-09-06T15:30:00Z,2,1,3,False,0,0,0,0,0,0,0,0,0,0,0,0,0,0.0,0.0,0.0,0.0,0,0,0,0,0,0.00,0.00,0.00,0.00,68,-57236,212586,5546,62782,452,Bruno G.,MID,1,ARS,CHE
452,36,20,7,False,2026-09-12T19:00:00Z,0,2,4,False,45,1,0,0,0,0,0,0,0,0,0,1,29,35.4,3.9,11.0,5.0,1,1,1,3,0,0.09,0.14,0.23,1.57,68,-35502,181073,2351,37853,452,Bruno G.,MID,1,ARS,SUN
452,42,5,1,False,2026-09-19T14:00:00Z,3,0,5,False,59,0,0,0,3,0,0,0,0,0,0,0,12,4.2,1.8,6.0,1.2,2,4,0,6,1,0.00,0.01,0.01,0.61,67,6316,192568,16199,9883,452,Bruno G.,MID,1,ARS,BHA
557,1,7,6,True,2026-08-21T19:00:00Z,3,0,1,False,75,0,1,1,0,0,0,0,0,0,0,0,30,17.0,39.8,30.0,8.7,2,3,1,6,1,0.19,0.14,0.33,0.06,65,0,2247384,0,0,557,Tzolis,MID,1,ARS,COV
557,20,2,0,False,2026-08-31T19:00:00Z,0,1,2,False,45,0,0,0,0,0,0,0,1,0,0,0,1,0.0,11.8,4.0,1.6,1,2,0,3,1,0.00,0.01,0.01,0.10,65,180987,2597617,236687,55700,557,Tzolis,MID,1,ARS,AVL
557,29,6,5,True,2026-09-06T15:30:00Z,2,1,3,False,90,0,1,0,1,0,0,0,1,0,0,1,31,30.6,50.0,4.0,8.5,2,5,1,8,1,0.00,0.20,0.20,0.39,65,-601940,1889271,91384,693324,557,Tzolis,MID,1,ARS,CHE
557,36,20,3,False,2026-09-12T19:00:00Z,0,2,4,False,80,0,0,1,0,0,0,0,0,0,0,0,10,3.8,7.3,2.0,1.3,1,1,1,3,1,0.00,0.13,0.13,1.41,64,-328555,1659753,82691,411246,557,Tzolis,MID,1,ARS,SUN
557,42,5,2,False,2026-09-19T14:00:00Z,3,0,5,False,72,0,0,0,3,0,0,0,0,0,0,0,9,5.0,6.2,6.0,1.7,1,1,1,3,1,0.00,0.07,0.07,0.77,64,-263333,1417272,39605,302938,557,Tzolis,MID,1,ARS,BHA
29,7,5,1,False,2026-08-23T13:00:00Z,4,0,1,False,90,0,0,0,4,0,0,0,0,0,3,0,1,28.2,0.0,0.0,2.8,2,6,0,0,1,0.00,0.00,0.00,3.77,45,0,10183,0,0,29,M.Bizot,GK,2,AVL,BHA
29,20,1,0,True,2026-08-31T19:00:00Z,0,1,2,False,0,0,0,0,0,0,0,0,0,0,0,0,0,0.0,0.0,0.0,0.0,0,0,0,0,0,0.00,0.00,0.00,0.00,45,-36,13320,845,881,29,M.Bizot,GK,2,AVL,ARS
29,25,11,0,False,2026-09-05T16:30:00Z,0,0,3,False,0,0,0,0,0,0,0,0,0,0,0,0,0,0.0,0.0,0.0,0.0,0,0,0,0,0,0.00,0.00,0.00,0.00,45,-69,14920,2306,2375,29,M.Bizot,GK,2,AVL,HUL
29,31,18,0,True,2026-09-12T14:00:00Z,1,2,4,False,0,0,0,0,0,0,0,0,0,0,0,0,0,0.0,0.0,0.0,0.0,0,0,0,0,0,0.00,0.00,0.00,0.00,45,-601,14214,1027,1628,29,M.Bizot,GK,2,AVL,NFO
29,48,19,0,False,2026-09-19T11:30:00Z,2,3,5,False,0,0,0,0,0,0,0,0,0,0,0,0,0,0.0,0.0,0.0,0.0,0,0,0,0,0,0.00,0.00,0.00,0.00,45,-1076,13259,416,1492,29,M.Bizot,GK,2,AVL,TOT
30,7,5,0,False,2026-08-23T13:00:00Z,4,0,1,False,0,0,0,0,0,0,0,0,0,0,0,0,0,0.0,0.0,0.0,0.0,0,0,0,0,0,0.00,0.00,0.00,0.00,45,0,13780,0,0,30,Digne,DEF,2,AVL,BHA
30,20,1,0,True,2026-08-31T19:00:00Z,0,1,2,False,0,0,0,0,0,0,0,0,0,0,0,0,0,0.0,0.0,0.0,0.0,0,0,0,0,0,0.00,0.00,0.00,0.00,45,-4977,8690,0,4977,30,Digne,DEF,2,AVL,ARS
30,25,11,0,False,2026-09-05T16:30:00Z,0,0,3,False,0,0,0,0,0,0,0,0,0,0,0,0,0,0.0,0.0,0.0,0.0,0,0,0,0,0,0.00,0.00,0.00,0.00,45,-2071,6725,0,2071,30,Digne,DEF,2,AVL,HUL
30,31,18,0,True,2026-09-12T14:00:00Z,1,2,4,False,0,0,0,0,0,0,0,0,0,0,0,0,0,0.0,0.0,0.0,0.0,0,0,0,0,0,0.00,0.00,0.00,0.00,45,-932,5846,0,932,30,Digne,DEF,2,AVL,NFO
30,48,19,0,False,2026-09-19T11:30:00Z,2,3,5,False,0,0,0,0,0,0,0,0,0,0,0,0,0,0.0,0.0,0.0,0.0,0,0,0,0,0,0.00,0.00,0.00,0.00,45,-431,5450,0,431,30,Digne,DEF,2,AVL,TOT
32,7,5,-1,False,2026-08-23T13:00:00Z,4,0,1,False,90,0,0,0,4,0,0,0,1,0,0,0,-8,12.0,1.1,0.0,1.3,5,0,2,7,1,0.00,0.00,0.00,3.77,45,0,789072,0,0,32,Cash,DEF,2,AVL,BHA
32,20,1,2,True,2026-08-31T19:00:00Z,0,1,2,False,77,0,0,0,1,0,0,0,0,0,0,0,8,14.0,1.8,7.0,2.3,2,1,4,6,1,0.15,0.01,0.16,1.04,45,-79349,749133,26978,106327,32,Cash,DEF,2,AVL,ARS
32,25,11,6,False,2026-09-05T16:30:00Z,0,0,3,False,84,0,0,1,0,0,0,0,0,0,0,0,23,6.4,16.3,6.0,2.9,1,1,0,1,1,0.00,0.03,0.03,0.22,45,-35679,731987,41628,77307,32,Cash,DEF,2,AVL,HUL
32,31,18,0,True,2026-09-12T14:00:00Z,1,2,4,False,0,0,0,0,0,0,0,0,0,0,0,0,0,0.0,0.0,0.0,0.0,0,0,0,0,0,0.00,0.00,0.00,0.00,45,-80882,641566,18781,99663,32,Cash,DEF,2,AVL,NFO
32,48,19,-1,False,2026-09-19T11:30:00Z,2,3,5,False,45,0,0,0,2,0,0,0,1,0,0,0,-7,4.0,3.1,0.0,0.7,3,0,0,3,0,0.00,0.00,0.00,0.92,44,-105428,542880,5264,110692,32,Cash,DEF,2,AVL,TOT
33,7,5,1,False,2026-08-23T13:00:00Z,4,0,1,False,16,0,0,0,0,0,0,0,0,0,0,0,5,2.0,0.0,0.0,0.2,0,0,1,1,0,0.00,0.00,0.00,0.22,45,0,29034,0,0,33,Mings,DEF,2,AVL,BHA
33,20,1,0,True,2026-08-31T19:00:00Z,0,1,2,False,0,0,0,0,0,0,0,0,0,0,0,0,0,0.0,0.0,0.0,0.0,0,0,0,0,0,0.00,0.00,0.00,0.00,45,-254,38144,3253,3507,33,Mings,DEF,2,AVL,ARS
33,25,11,6,False,2026-09-05T16:30:00Z,0,0,3,False,90,0,0,1,0,0,0,0,0,0,0,0,28,14.8,4.4,13.0,3.2,4,2,1,5,1,0.11,0.02,0.13,0.57,45,-2214,38099,2622,4836,33,Mings,DEF,2,AVL,HUL
33,31,18,0,True,2026-09-12T14:00:00Z,1,2,4,False,65,0,0,0,2,0,0,0,1,0,0,0,0,15.6,0.6,4.0,2.0,4,2,1,5,0,0.09,0.00,0.09,2.08,45,2788,43024,5312,2524,33,Mings,DEF,2,AVL,NFO
33,48,19,3,False,2026-09-19T11:30:00Z,2,3,5,False,90,0,0,0,2,0,0,0,0,0,0,0,10,27.4,0.6,0.0,2.8,12,3,1,13,1,0.00,0.00,0.00,1.56,45,-1624,41769,3533,5157,33,Mings,DEF,2,AVL,TOT
34,7,5,0,False,2026-08-23T13:00:00Z,4,0,1,False,73,0,0,0,4,0,0,0,0,0,0,0,-14,0.0,0.7,0.0,0.0,5,1,0,5,1,0.00,0.00,0.00,3.55,45,0,38472,0,0,34,Pau,DEF,2,AVL,BHA
34,20,1,2,True,2026-08-31T19:00:00Z,0,1,2,False,90,0,0,0,1,0,0,0,0,0,0,0,6,11.0,0.8,0.0,1.2,3,8,1,4,1,0.00,0.01,0.01,1.04,45,-3229,41549,1831,5060,34,Pau,DEF,2,AVL,ARS
34,25,11,0,False,2026-09-05T16:30:00Z,0,0,3,False,0,0,0,0,0,0,0,0,0,0,0,0,0,0.0,0.0,0.0,0.0,0,0,0,0,0,0.00,0.00,0.00,0.00,45,919,46943,5255,4336,34,Pau,DEF,2,AVL,HUL
34,31,18,1,True,2026-09-12T14:00:00Z,1,2,4,False,24,0,0,0,0,0,0,0,0,0,0,0,4,0.2,0.4,2.0,0.3,0,0,0,0,1,0.00,0.00,0.00,0.20,45,-1717,43964,3870,5587,34,Pau,DEF,2,AVL,NFO
34,48,19,0,False,2026-09-19T11:30:00Z,2,3,5,False,0,0,0,0,0,0,0,0,0,0,0,0,0,0.0,0.0,0.0,0.0,0,0,0,0,0,0.00,0.00,0.00,0.00,45,-9138,34289,237,9375,34,Pau,DEF,2,AVL,TOT
35,7,5,1,False,2026-08-23T13:00:00Z,4,0,1,False,16,0,0,0,0,0,0,0,0,0,0,0,3,2.2,0.5,0.0,0.3,1,0,0,1,0,0.00,0.00,0.00,0.22,50,0,5822,0,0,35,Bogarde,MID,2,AVL,BHA
35,20,1,0,True,2026-08-31T19:00:00Z,0,1,2,False,0,0,0,0,0,0,0,0,0,0,0,0,0,0.0,0.0,0.0,0.0,0,0,0,0,0,0.00,0.00,0.00,0.00,50,-349,6973,636,985,35,Bogarde,MID,2,AVL,ARS
35,25,11,0,False,2026-09-05T16:30:00Z,0,0,3,False,0,0,0,0,0,0,0,0,0,0,0,0,0,0.0,0.0,0.0,0.0,0,0,0,0,0,0.00,0.00,0.00,0.00,50,-311,7284,945,1256,35,Bogarde,MID,2,AVL,HUL
35,31,18,0,True,2026-09-12T14:00:00Z,1,2,4,False,0,0,0,0,0,0,0,0,0,0,0,0,0,0.0,0.0,0.0,0.0,0,0,0,0,0,0.00,0.00,0.00,0.00,50,-440,7155,686,1126,35,Bogarde,MID,2,AVL,NFO
35,48,19,0,False,2026-09-19T11:30:00Z,2,3,5,False,0,0,0,0,0,0,0,0,0,0,0,0,0,0.0,0.0,0.0,0.0,0,0,0,0,0,0.00,0.00,0.00,0.00,50,-487,6803,474,961,35,Bogarde,MID,2,AVL,TOT
36,7,5,0,False,2026-08-23T13:00:00Z,4,0,1,False,81,0,0,0,4,0,0,0,0,0,0,0,-9,9.2,0.8,3.0,1.3,7,2,2,9,1,0.03,0.00,0.03,3.62,45,0,71952,0,0,36,Maatsen,DEF,2,AVL,BHA
36,20,1,1,True,2026-08-31T19:00:00Z,0,1,2,False,90,0,0,0,1,0,0,0,1,0,0,0,-5,4.8,0.5,12.0,1.7,5,2,3,8,1,0.07,0.00,0.07,1.04,45,-6312,72655,2546,8858,36,Maatsen,DEF,2,AVL,ARS
36,25,11,7,False,2026-09-05T16:30:00Z,0,0,3,False,74,0,0,1,0,0,0,0,0,0,0,1,29,10.6,19.8,4.0,3.4,2,0,1,3,1,0.00,0.42,0.42,0.22,45,2667,83194,11292,8625,36,Maatsen,DEF,2,AVL,HUL
36,31,18,1,True,2026-09-12T14:00:00Z,1,2,4,False,90,0,0,0,2,0,0,0,0,0,0,0,7,10.2,3.4,24.0,3.8,3,6,1,4,1,0.18,0.03,0.21,1.66,45,10444,92419,17456,7012,36,Maatsen,DEF,2,AVL,NFO
36,48,19,0,False,2026-09-19T11:30:00Z,2,3,5,False,0,0,0,0,0,0,0,0,0,0,0,0,0,0.0,0.0,0.0,0.0,0,0,0,0,0,0.00,0.00,0.00,0.00,45,-30695,58351,548,31243,36,Maatsen,DEF,2,AVL,TOT
37,7,5,-2,False,2026-08-23T13:00:00Z,4,0,1,False,90,0,0,0,4,1,0,0,0,0,0,0,-13,1.8,0.1,0.0,0.2,3,1,0,3,1,0.00,0.00,0.00,3.77,45,0,24630,0,0,37,Lindelöf,DEF,2,AVL,BHA
37,20,1,2,True,2026-08-31T19:00:00Z,0,1,2,False,90,0,0,0,1,0,0,0,0,0,0,0,10,15.0,1.2,0.0,1.6,6,1,1,7,1,0.00,0.08,0.08,1.04,45,-2236,27172,1775,4011,37,Lindelöf,DEF,2,AVL,ARS
37,25,11,6,False,2026-09-05T16:30:00Z,0,0,3,False,90,0,0,1,0,0,0,0,0,0,0,0,28,22.4,24.9,2.0,4.9,4,3,0,4,1,0.00,0.08,0.08,0.57,45,216,29725,3211,2995,37,Lindelöf,DEF,2,AVL,HUL
37,31,18,1,True,2026-09-12T14:00:00Z,1,2,4,False,90,0,0,0,2,0,0,0,0,0,0,0,2,16.4,1.1,35.0,5.3,2,0,0,2,1,0.44,0.01,0.45,2.28,45,3012,33974,5112,2100,37,Lindelöf,DEF,2,AVL,NFO
37,48,19,1,False,2026-09-19T11:30:00Z,2,3,5,False,90,0,0,0,2,0,0,0,0,0,0,0,1,18.8,10.0,0.0,2.9,6,2,0,6,1,0.00,0.00,0.00,1.56,45,-415,33907,3502,3917,37,Lindelöf,DEF,2,AVL,TOT
38,7,5,0,False,2026-08-23T13:00:00Z,4,0,1,False,0,0,0,0,0,0,0,0,0,0,0,0,0,0.0,0.0,0.0,0.0,0,0,0,0,0,0.00,0.00,0.00,0.00,40,0,157304,0,0,38,A.García,DEF,2,AVL,BHA
38,20,1,0,True,2026-08-31T19:00:00Z,0,1,2,False,0,0,0,0,0,0,0,0,0,0,0,0,0,0.0,0.0,0.0,0.0,0,0,0,0,0,0.00,0.00,0.00,0.00,40,-6584,167046,7339,13923,38,A.García,DEF,2,AVL,ARS
38,25,11,0,False,2026-09-05T16:30:00Z,0,0,3,False,0,0,0,0,0,0,0,0,0,0,0,0,0,0.0,0.0,0.0,0.0,0,0,0,0,0,0.00,0.00,0.00,0.00,40,-506,187661,16171,16677,38,A.García,DEF,2,AVL,HUL
38,31,18,0,True,2026-09-12T14:00:00Z,1,2,4,False,0,0,0,0,0,0,0,0,0,0,0,0,0,0.0,0.0,0.0,0.0,0,0,0,0,0,0.00,0.00,0.00,0.00,40,-4343,183834,12784,17127,38,A.García,DEF,2,AVL,NFO
38,48,19,0,False,2026-09-19T11:30:00Z,2,3,5,False,0,0,0,0,0,0,0,0,0,0,0,0,0,0.0,0.0,0.0,0.0,0,0,0,0,0,0.00,0.00,0.00,0.00,40,-7021,171537,7152,14173,38,A.García,DEF,2,AVL,TOT
39,7,5,0,False,2026-08-23T13:00:00Z,4,0,1,False,0,0,0,0,0,0,0,0,0,0,0,0,0,0.0,0.0,0.0,0.0,0,0,0,0,0,0.00,0.00,0.00,0.00,40,0,29043,0,0,39,Nedeljkovic,DEF,2,AVL,BHA
39,20,1,0,True,2026-08-31T19:00:00Z,0,1,2,False,0,0,0,0,0,0,0,0,0,0,0,0,0,0.0,0.0,0.0,0.0,0,0,0,0,0,0.00,0.00,0.00,0.00,40,-7238,21591,0,7238,39,Nedeljkovic,DEF,2,AVL,ARS
39,25,11,0,False,2026-09-05T16:30:00Z,0,0,3,False,0,0,0,0,0,0,0,0,0,0,0,0,0,0.0,0.0,0.0,0.0,0,0,0,0,0,0.00,0.00,0.00,0.00,40,-3988,17687,0,3988,39,Nedeljkovic,DEF,2,AVL,HUL
39,31,18,0,True,2026-09-12T14:00:00Z,1,2,4,False,0,0,0,0,0,0,0,0,0,0,0,0,0,0.0,0.0,0.0,0.0,0,0,0,0,0,0.00,0.00,0.00,0.00,40,-2186,15637,0,2186,39,Nedeljkovic,DEF,2,AVL,NFO
39,48,19,0,False,2026-09-19T11:30:00Z,2,3,5,False,0,0,0,0,0,0,0,0,0,0,0,0,0,0.0,0.0,0.0,0.0,0,0,0,0,0,0.00,0.00,0.00,0.00,40,-1273,14409,0,1273,39,Nedeljkovic,DEF,2,AVL,TOT
41,7,5,2,False,2026-08-23T13:00:00Z,4,0,1,False,85,0,0,0,4,0,0,0,0,0,0,0,4,0.0,16.3,8.0,2.2,3,3,1,7,1,0.13,0.09,0.22,3.62,60,0,120830,0,0,41,Buendía,MID,2,AVL,BHA
41,20,1,2,True,2026-08-31T19:00:00Z,0,1,2,False,90,0,0,0,1,0,0,0,0,0,0,0,9,5.0,13.2,9.0,2.7,0,4,1,5,1,0.04,0.02,0.06,1.04,60,-16866,114718,5020,21886,41,Buendía,MID,2,AVL,ARS
41,25,11,3,False,2026-09-05T16:30:00Z,0,0,3,False,74,0,0,1,0,0,0,0,0,0,0,0,2,0.0,10.8,7.0,1.4,0,2,0,2,1,0.61,0.05,0.66,0.22,60,-3519,128636,20598,24117,41,Buendía,MID,2,AVL,HUL
41,31,18,2,True,2026-09-12T14:00:00Z,1,2,4,False,62,0,0,0,1,0,0,0,0,0,0,0,8,0.0,3.9,0.0,0.1,0,5,0,5,1,0.00,0.01,0.01,1.42,59,-5900,111856,15961,21861,41,Buendía,MID,2,AVL,NFO
41,48,19,12,False,2026-09-19T11:30:00Z,2,3,5,False,90,1,0,0,2,0,0,0,0,0,0,3,50,61.0,36.3,35.0,13.2,2,6,7,15,1,0.14,0.07,0.21,1.56,59,-16876,94622,6405,23281,41,Buendía,MID,2,AVL,TOT
44,7,5,0,False,2026-08-23T13:00:00Z,4,0,1,False,0,0,0,0,0,0,0,0,0,0,0,0,0,0.0,0.0,0.0,0.0,0,0,0,0,0,0.00,0.00,0.00,0.00,55,0,12940,0,0,44,Bailey,MID,2,AVL,BHA
44,20,1,0,True,2026-08-31T19:00:00Z,0,1,2,False,0,0,0,0,0,0,0,0,0,0,0,0,0,0.0,0.0,0.0,0.0,0,0,0,0,0,0.00,0.00,0.00,0.00,55,-1655,14192,1002,2657,44,Bailey,MID,2,AVL,ARS
44,25,11,0,False,2026-09-05T16:30:00Z,0,0,3,False,0,0,0,0,0,0,0,0,0,0,0,0,0,0.0,0.0,0.0,0.0,0,0,0,0,0,0.00,0.00,0.00,0.00,54,-2630,12237,1094,3724,44,Bailey,MID,2,AVL,HUL
44,31,18,0,True,2026-09-12T14:00:00Z,1,2,4,False,0,0,0,0,0,0,0,0,0,0,0,0,0,0.0,0.0,0.0,0.0,0,0,0,0,0,0.00,0.00,0.00,0.00,54,-4702,7592,0,4702,44,Bailey,MID,2,AVL,NFO
44,48,19,0,False,2026-09-19T11:30:00Z,2,3,5,False,0,0,0,0,0,0,0,0,0,0,0,0,0,0.0,0.0,0.0,0.0,0,0,0,0,0,0.00,0.00,0.00,0.00,54,-1648,6080,0,1648,44,Bailey,MID,2,AVL,TOT
45,7,5,1,False,2026-08-23T13:00:00Z,4,0,1,False,81,0,0,0,4,0,0,0,1,0,0,0,8,1.6,2.4,1.0,0.5,2,3,1,6,1,0.04,0.01,0.05,3.62,55,0,290994,0,0,45,McGinn,MID,2,AVL,BHA
45,20,1,1,True,2026-08-31T19:00:00Z,0,1,2,False,90,0,0,0,1,0,0,0,1,0,0,0,2,0.0,12.0,10.0,1.7,1,2,1,4,1,0.05,0.05,0.10,1.04,55,-37047,274653,7606,44653,45,McGinn,MID,2,AVL,ARS
45,25,11,3,False,2026-09-05T16:30:00Z,0,0,3,False,90,0,0,1,0,0,0,0,0,0,0,0,6,1.4,5.6,4.0,1.1,1,2,2,5,1,0.68,0.03,0.71,0.57,54,-27591,252885,16891,44482,45,McGinn,MID,2,AVL,HUL
45,31,18,6,True,2026-09-12T14:00:00Z,1,2,4,False,90,0,1,0,2,0,0,0,0,0,0,1,30,26.4,31.4,0.0,5.8,2,6,1,9,1,0.00,0.11,0.11,2.28,54,-12721,243800,20520,33241,45,McGinn,MID,2,AVL,NFO
45,48,19,6,False,2026-09-19T11:30:00Z,2,3,5,False,83,0,1,1,0,0,0,0,0,0,0,0,19,23.0,33.5,0.0,5.7,2,4,0,6,1,0.00,0.04,0.04,0.78,54,-5772,240695,18814,24586,45,McGinn,MID,2,AVL,TOT
46,7,5,2,False,2026-08-23T13:00:00Z,4,0,1,False,73,0,0,0,4,0,0,0,0,0,0,0,11,9.4,21.4,7.0,3.8,1,0,0,1,1,0.10,0.02,0.12,3.55,50,0,20508,0,0,46,Barkley,MID,2,AVL,BHA
46,20,1,2,True,2026-08-31T19:00:00Z,0,1,2,False,77,0,0,0,1,0,0,0,0,0,0,0,23,12.8,23.3,2.0,3.8,1,6,3,10,1,0.03,0.02,0.05,1.04,50,-841,23246,1875,2716,46,Barkley,MID,2,AVL,ARS
46,25,11,3,False,2026-09-05T16:30:00Z,0,0,3,False,90,0,0,1,0,0,0,0,0,0,0,0,15,13.6,34.1,15.0,6.3,2,4,0,6,1,0.22,0.09,0.31,0.57,50,1735,27497,5744,4009,46,Barkley,MID,2,AVL,HUL
46,31,18,2,True,2026-09-12T14:00:00Z,1,2,4,False,62,0,0,0,1,0,0,0,0,0,0,0,14,6.0,2.7,7.0,1.6,0,3,4,7,1,0.03,0.01,0.04,1.42,50,1496,29642,5244,3748,46,Barkley,MID,2,AVL,NFO
46,48,19,1,False,2026-09-19T11:30:00Z,2,3,5,False,6,0,0,0,2,0,0,0,0,0,0,0,3,0.6,0.8,0.0,0.1,1,3,0,4,0,0.00,0.00,0.00,0.78,50,-1310,28594,2694,4004,46,Barkley,MID,2,AVL,TOT
47,7,5,2,False,2026-08-23T13:00:00Z,4,0,1,False,90,0,0,0,4,0,0,0,0,0,0,0,9,11.2,2.8,0.0,1.4,3,2,2,7,1,0.00,0.00,0.00,3.77,50,0,31172,0,0,47,Kamara,MID,2,AVL,BHA
47,20,1,2,True,2026-08-31T19:00:00Z,0,1,2,False,90,0,0,0,1,0,0,0,0,0,0,0,13,10.6,14.2,0.0,2.5,3,4,1,8,1,0.00,0.03,0.03,1.04,50,-2250,33591,2489,4739,47,Kamara,MID,2,AVL,ARS
47,25,11,3,False,2026-09-05T16:30:00Z,0,0,3,False,90,0,0,1,0,0,0,0,0,0,0,0,20,13.6,26.2,0.0,4.0,3,6,1,10,1,0.00,0.07,0.07,0.57,50,-720,35132,5061,5781,47,Kamara,MID,2,AVL,HUL
47,31,18,2,True,2026-09-12T14:00:00Z,1,2,4,False,90,0,0,0,2,0,0,0,0,0,0,0,17,11.6,12.4,2.0,2.6,1,1,3,5,1,0.00,0.05,0.05,2.28,50,-1023,34935,3671,4694,47,Kamara,MID,2,AVL,NFO
47,48,19,6,False,2026-09-19T11:30:00Z,2,3,5,False,83,0,1,1,0,0,0,0,0,0,0,0,26,21.0,13.2,4.0,3.8,1,3,2,6,1,0.12,0.01,0.13,0.78,50,-2746,32641,1988,4734,47,Kamara,MID,2,AVL,TOT
48,7,5,0,False,2026-08-23T13:00:00Z,4,0,1,False,0,0,0,0,0,0,0,0,0,0,0,0,0,0.0,0.0,0.0,0.0,0,0,0,0,0,0.00,0.00,0.00,0.00,50,0,2081,0,0,48,Onana,MID,2,AVL,BHA
48,20,1,0,True,2026-08-31T19:00:00Z,0,1,2,False,0,0,0,0,0,0,0,0,0,0,0,0,0,0.0,0.0,0.0,0.0,0,0,0,0,0,0.00,0.00,0.00,0.00,50,-372,2156,157,529,48,Onana,MID,2,AVL,ARS
48,25,11,0,False,2026-09-05T16:30:00Z,0,0,3,False,0,0,0,0,0,0,0,0,0,0,0,0,0,0.0,0.0,0.0,0.0,0,0,0,0,0,0.00,0.00,0.00,0.00,50,-430,1852,140,570,48,Onana,MID,2,AVL,HUL
48,31,18,0,True,2026-09-12T14:00:00Z,1,2,4,False,0,0,0,0,0,0,0,0,0,0,0,0,0,0.0,0.0,0.0,0.0,0,0,0,0,0,0.00,0.00,0.00,0.00,50,-160,1757,108,268,48,Onana,MID,2,AVL,NFO
48,48,19,0,False,2026-09-19T11:30:00Z,2,3,5,False,0,0,0,0,0,0,0,0,0,0,0,0,0,0.0,0.0,0.0,0.0,0,0,0,0,0,0.00,0.00,0.00,0.00,49,-137,1654,66,203,48,Onana,MID,2,AVL,TOT
49,7,5,0,False,2026-08-23T13:00:00Z,4,0,1,False,0,0,0,0,0,0,0,0,0,0,0,0,0,0.0,0.0,0.0,0.0,0,0,0,0,0,0.00,0.00,0.00,0.00,50,0,394,0,0,49,Iling Jr,MID,2,AVL,BHA
49,20,1,0,True,2026-08-31T19:00:00Z,0,1,2,False,0,0,0,0,0,0,0,0,0,0,0,0,0,0.0,0.0,0.0,0.0,0,0,0,0,0,0.00,0.00,0.00,0.00,50,-120,271,0,120,49,Iling Jr,MID,2,AVL,ARS
49,25,11,0,False,2026-09-05T16:30:00Z,0,0,3,False,0,0,0,0,0,0,0,0,0,0,0,0,0,0.0,0.0,0.0,0.0,0,0,0,0,0,0.00,0.00,0.00,0.00,50,-63,211,0,63,49,Iling Jr,MID,2,AVL,HUL
49,31,18,0,True,2026-09-12T14:00:00Z,1,2,4,False,0,0,0,0,0,0,0,0,0,0,0,0,0,0.0,0.0,0.0,0.0,0,0,0,0,0,0.00,0.00,0.00,0.00,50,-22,188,0,22,49,Iling Jr,MID,2,AVL,NFO
49,48,19,0,False,2026-09-19T11:30:00Z,2,3,5,False,0,0,0,0,0,0,0,0,0,0,0,0,0,0.0,0.0,0.0,0.0,0,0,0,0,0,0.00,0.00,0.00,0.00,50,-20,169,0,20,49,Iling Jr,MID,2,AVL,TOT
50,7,5,0,False,2026-08-23T13:00:00Z,4,0,1,False,0,0,0,0,0,0,0,0,0,0,0,0,0,0.0,0.0,0.0,0.0,0,0,0,0,0,0.00,0.00,0.00,0.00,45,0,60228,0,0,50,Burrowes,MID,2,AVL,BHA
50,20,1,0,True,2026-08-31T19:00:00Z,0,1,2,False,0,0,0,0,0,0,0,0,0,0,0,0,0,0.0,0.0,0.0,0.0,0,0,0,0,0,0.00,0.00,0.00,0.00,45,-3255,64781,3513,6768,50,Burrowes,MID,2,AVL,ARS
50,25,11,0,False,2026-09-05T16:30:00Z,0,0,3,False,0,0,0,0,0,0,0,0,0,0,0,0,0,0.0,0.0,0.0,0.0,0,0,0,0,0,0.00,0.00,0.00,0.00,45,-408,72806,8705,9113,50,Burrowes,MID,2,AVL,HUL
50,31,18,0,True,2026-09-12T14:00:00Z,1,2,4,False,0,0,0,0,0,0,0,0,0,0,0,0,0,0.0,0.0,0.0,0.0,0,0,0,0,0,0.00,0.00,0.00,0.00,45,-1967,71444,6646,8613,50,Burrowes,MID,2,AVL,NFO
50,48,19,0,False,2026-09-19T11:30:00Z,2,3,5,False,0,0,0,0,0,0,0,0,0,0,0,0,0,0.0,0.0,0.0,0.0,0,0,0,0,0,0.00,0.00,0.00,0.00,45,-5269,63804,1961,7230,50,Burrowes,MID,2,AVL,TOT
51,7,5,2,False,2026-08-23T13:00:00Z,4,0,1,False,90,0,0,0,4,0,0,0,0,0,0,0,12,10.6,11.6,2.0,2.4,0,2,3,5,1,0.00,0.00,0.00,3.77,45,0,60759,0,0,51,George Hemmings,MID,2,AVL,BHA
51,20,1,2,True,2026-08-31T19:00:00Z,0,1,2,False,70,0,0,0,1,0,0,0,0,0,0,0,5,1.8,4.3,0.0,0.6,0,4,2,6,1,0.00,0.01,0.01,1.01,45,3259,72550,8743,5484,51,George Hemmings,MID,2,AVL,ARS
51,25,11,3,False,2026-09-05T16:30:00Z,0,0,3,False,74,0,0,1,0,0,0,0,0,0,0,0,12,10.8,13.5,21.0,4.5,2,4,1,7,1,0.07,0.14,0.21,0.22,45,21970,110782,36405,14435,51,George Hemmings,MID,2,AVL,HUL
51,31,18,1,True,2026-09-12T14:00:00Z,1,2,4,False,45,0,0,0,0,0,0,0,0,0,0,0,3,2.0,11.5,2.0,1.6,1,0,0,1,1,0.00,0.01,0.01,0.39,45,30719,147009,53459,22740,51,George Hemmings,MID,2,AVL,NFO
51,48,19,1,False,2026-09-19T11:30:00Z,2,3,5,False,18,0,0,0,2,0,0,0,0,0,0,0,2,0.0,1.2,0.0,0.0,0,0,0,0,0,0.00,0.00,0.00,0.87,45,-3198,135094,14076,17274,51,George Hemmings,MID,2,AVL,TOT
52,7,5,1,False,2026-08-23T13:00:00Z,4,0,1,False,8,0,0,0,0,0,0,0,0,0,0,0,5,4.0,0.0,0.0,0.4,1,1,1,3,0,0.00,0.00,0.00,0.14,50,0,3792,0,0,52,Alysson,MID,2,AVL,BHA
52,20,1,0,True,2026-08-31T19:00:00Z,0,1,2,False,19,0,0,0,0,0,0,0,1,0,0,0,2,1.2,0.8,2.0,0.4,0,1,1,2,0,0.00,0.00,0.00,0.02,50,-253,4426,343,596,52,Alysson,MID,2,AVL,ARS
52,25,11,1,False,2026-09-05T16:30:00Z,0,0,3,False,15,0,0,0,0,0,0,0,0,0,0,0,3,0.2,1.8,0.0,0.2,0,1,0,1,0,0.00,0.00,0.00,0.35,50,-102,4733,827,929,52,Alysson,MID,2,AVL,HUL
52,31,18,6,True,2026-09-12T14:00:00Z,1,2,4,False,45,1,0,0,2,0,0,0,0,0,0,0,24,34.4,2.3,23.0,6.0,1,1,0,2,0,0.06,0.00,0.06,1.89,50,-205,4724,508,713,52,Alysson,MID,2,AVL,NFO
52,48,19,0,False,2026-09-19T11:30:00Z,2,3,5,False,0,0,0,0,0,0,0,0,0,0,0,0,0,0.0,0.0,0.0,0.0,0,0,0,0,0,0.00,0.00,0.00,0.00,50,983,6101,1608,625,52,Alysson,MID,2,AVL,TOT
53,7,5,0,False,2026-08-23T13:00:00Z,4,0,1,False,0,0,0,0,0,0,0,0,0,0,0,0,0,0.0,0.0,0.0,0.0,0,0,0,0,0,0.00,0.00,0.00,0.00,60,0,26624,0,0,53,Manzambi,MID,2,AVL,BHA
53,20,1,0,True,2026-08-31T19:00:00Z,0,1,2,False,0,0,0,0,0,0,0,0,0,0,0,0,0,0.0,0.0,0.0,0.0,0,0,0,0,0,0.00,0.00,0.00,0.00,60,-8558,18618,232,8790,53,Manzambi,MID,2,AVL,ARS
53,25,11,0,False,2026-09-05T16:30:00Z,0,0,3,False,0,0,0,0,0,0,0,0,0,0,0,0,0,0.0,0.0,0.0,0.0,0,0,0,0,0,0.00,0.00,0.00,0.00,59,-4708,14230,341,5049,53,Manzambi,MID,2,AVL,HUL
53,31,18,1,True,2026-09-12T14:00:00Z,1,2,4,False,27,0,0,0,1,0,0,0,0,0,0,0,3,2.6,4.0,0.0,0.7,0,1,1,2,0,0.00,0.08,0.08,0.86,59,-1220,13307,570,1790,53,Manzambi,MID,2,AVL,NFO
53,48,19,13,False,2026-09-19T11:30:00Z,2,3,5,False,71,1,1,1,0,0,0,0,0,0,0,2,45,63.2,25.8,60.0,14.9,2,4,1,7,1,0.44,0.16,0.60,0.68,59,853,14639,1843,990,53,Manzambi,MID,2,AVL,TOT
54,7,5,-2,False,2026-08-23T13:00:00Z,4,0,1,False,39,0,0,0,4,0,0,0,0,1,0,0,-2,1.0,11.0,0.0,1.2,1,2,4,7,1,0.00,0.01,0.01,2.58,55,0,6573,0,0,54,Gomes,MID,2,AVL,BHA
54,20,1,0,True,2026-08-31T19:00:00Z,0,1,2,False,0,0,0,0,0,0,0,0,0,0,0,0,0,0.0,0.0,0.0,0.0,0,0,0,0,0,0.00,0.00,0.00,0.00,55,-1729,5096,154,1883,54,Gomes,MID,2,AVL,ARS
54,25,11,0,False,2026-09-05T16:30:00Z,0,0,3,False,0,0,0,0,0,0,0,0,0,0,0,0,0,0.0,0.0,0.0,0.0,0,0,0,0,0,0.00,0.00,0.00,0.00,55,-1095,4112,90,1185,54,Gomes,MID,2,AVL,HUL
54,31,18,0,True,2026-09-12T14:00:00Z,1,2,4,False,0,0,0,0,0,0,0,0,0,0,0,0,0,0.0,0.0,0.0,0.0,0,0,0,0,0,0.00,0.00,0.00,0.00,55,-383,3819,131,514,54,Gomes,MID,2,AVL,NFO
54,48,19,4,False,2026-09-19T11:30:00Z,2,3,5,False,90,0,0,0,2,0,0,0,0,0,0,0,13,22.6,13.8,0.0,3.6,5,3,5,13,1,0.00,0.02,0.02,1.56,55,137,4213,464,327,54,Gomes,MID,2,AVL,TOT
55,7,5,0,False,2026-08-23T13:00:00Z,4,0,1,False,0,0,0,0,0,0,0,0,0,0,0,0,0,0.0,0.0,0.0,0.0,0,0,0,0,0,0.00,0.00,0.00,0.00,80,0,898121,0,0,55,Watkins,FWD,2,AVL,BHA
55,20,1,0,True,2026-08-31T19:00:00Z,0,1,2,False,0,0,0,0,0,0,0,0,0,0,0,0,0,0.0,0.0,0.0,0.0,0,0,0,0,0,0.00,0.00,0.00,0.00,79,-265828,734872,10632,276460,55,Watkins,FWD,2,AVL,ARS
55,25,11,0,False,2026-09-05T16:30:00Z,0,0,3,False,0,0,0,0,0,0,0,0,0,0,0,0,0,0.0,0.0,0.0,0.0,0,0,0,0,0,0.00,0.00,0.00,0.00,78,-305129,433685,4250,309379,55,Watkins,FWD,2,AVL,HUL
55,31,18,0,True,2026-09-12T14:00:00Z,1,2,4,False,0,0,0,0,0,0,0,0,0,0,0,0,0,0.0,0.0,0.0,0.0,0,0,0,0,0,0.00,0.00,0.00,0.00,78,-126292,317753,0,126292,55,Watkins,FWD,2,AVL,NFO
55,48,19,0,False,2026-09-19T11:30:00Z,2,3,5,False,0,0,0,0,0,0,0,0,0,0,0,0,0,0.0,0.0,0.0,0.0,0,0,0,0,0,0.00,0.00,0.00,0.00,78,-35250,284909,0,35250,55,Watkins,FWD,2,AVL,TOT
56,7,5,0,False,2026-08-23T13:00:00Z,4,0,1,False,0,0,0,0,0,0,0,0,0,0,0,0,0,0.0,0.0,0.0,0.0,0,0,0,0,0,0.00,0.00,0.00,0.00,55,0,11764,0,0,56,Abraham,FWD,2,AVL,BHA
56,20,1,1,True,2026-08-31T19:00:00Z,0,1,2,False,19,0,0,0,0,0,0,0,0,0,0,0,3,0.0,1.3,0.0,0.1,0,0,0,0,0,0.00,0.00,0.00,0.02,55,-2086,10592,597,2683,56,Abraham,FWD,2,AVL,ARS
56,25,11,1,False,2026-09-05T16:30:00Z,0,0,3,False,5,0,0,0,0,0,0,0,0,0,0,0,3,2.0,1.0,0.0,0.3,0,0,1,1,0,0.00,0.00,0.00,0.35,55,2174,14917,4925,2751,56,Abraham,FWD,2,AVL,HUL
56,31,18,1,True,2026-09-12T14:00:00Z,1,2,4,False,45,0,0,0,2,0,0,0,0,0,0,0,4,1.2,1.5,2.0,0.5,0,1,0,1,0,0.00,0.00,0.00,1.89,55,1369,17325,4186,2817,56,Abraham,FWD,2,AVL,NFO
56,48,19,1,False,2026-09-19T11:30:00Z,2,3,5,False,2,0,0,0,1,0,0,0,0,0,0,0,3,0.0,2.4,0.0,0.2,0,0,0,0,0,0.00,0.00,0.00,0.43,55,1415,19806,4340,2925,56,Abraham,FWD,2,AVL,TOT
160,7,5,1,False,2026-08-23T13:00:00Z,4,0,1,False,4,0,0,0,0,0,0,0,0,0,0,0,2,0.0,0.0,0.0,0.0,0,0,0,0,0,0.00,0.00,0.00,0.14,60,0,54802,0,0,160,Garnacho,MID,2,AVL,BHA
160,20,1,1,True,2026-08-31T19:00:00Z,0,1,2,False,12,0,0,0,0,0,0,0,0,0,0,0,3,0.2,2.0,0.0,0.2,0,2,0,2,0,0.00,0.00,0.00,0.00,60,-8554,53506,2021,10575,160,Garnacho,MID,2,AVL,ARS
160,25,11,1,False,2026-09-05T16:30:00Z,0,0,3,False,15,0,0,0,0,0,0,0,0,0,0,0,4,1.0,1.6,0.0,0.3,0,0,0,0,0,0.00,0.00,0.00,0.35,59,-9524,46064,2557,12081,160,Garnacho,MID,2,AVL,HUL
160,31,18,0,True,2026-09-12T14:00:00Z,1,2,4,False,0,0,0,0,0,0,0,0,0,0,0,0,0,0.0,0.0,0.0,0.0,0,0,0,0,0,0.00,0.00,0.00,0.00,59,-7225,40475,1531,8756,160,Garnacho,MID,2,AVL,NFO
160,48,19,0,False,2026-09-19T11:30:00Z,2,3,5,False,0,0,0,0,0,0,0,0,0,0,0,0,0,0.0,0.0,0.0,0.0,0,0,0,0,0,0.00,0.00,0.00,0.00,58,-6202,35129,839,7041,160,Garnacho,MID,2,AVL,TOT
166,10,10,0,False,2026-08-24T19:00:00Z,2,3,1,False,0,0,0,0,0,0,0,0,0,0,0,0,0,0.0,0.0,0.0,0.0,0,0,0,0,0,0.00,0.00,0.00,0.00,65,0,29435,0,0,166,N.Jackson,FWD,2,AVL,FUL
166,20,1,2,True,2026-08-31T19:00:00Z,0,1,2,False,70,0,0,0,1,0,0,0,0,0,0,0,11,4.2,5.9,2.0,1.2,0,3,0,3,1,0.00,0.10,0.10,1.01,65,-2878,63340,26989,5175,166,N.Jackson,FWD,2,AVL,ARS
166,25,11,2,False,2026-09-05T16:30:00Z,0,0,3,False,84,0,0,1,0,0,0,0,0,0,0,0,10,1.2,17.5,20.0,3.9,0,2,0,2,1,0.24,0.44,0.68,0.22,65,37834,115958,46877,9043,166,N.Jackson,FWD,2,AVL,HUL
166,31,18,0,True,2026-09-12T14:00:00Z,1,2,4,False,45,0,0,0,0,0,0,0,1,0,0,0,0,0.0,2.0,2.0,0.2,0,0,0,0,1,0.00,0.04,0.04,0.39,65,28857,143354,47223,18366,166,N.Jackson,FWD,2,AVL,NFO
166,48,19,6,False,2026-09-19T11:30:00Z,2,3,5,False,87,1,0,0,1,0,0,0,1,0,0,1,31,37.4,11.4,52.0,10.1,1,3,0,4,1,0.44,0.02,0.46,1.13,65,-17305,125508,18834,36139,166,N.Jackson,FWD,2,AVL,TOT
582,7,5,0,False,2026-08-23T13:00:00Z,4,0,1,False,0,0,0,0,0,0,0,0,0,0,0,0,0,0.0,0.0,0.0,0.0,0,0,0,0,0,0.00,0.00,0.00,0.00,55,0,46241,0,0,582,Madjo,FWD,2,AVL,BHA
582,20,1,0,True,2026-08-31T19:00:00Z,0,1,2,False,0,0,0,0,0,0,0,0,0,0,0,0,0,0.0,0.0,0.0,0.0,0,0,0,0,0,0.00,0.00,0.00,0.00,55,-7757,40291,1166,8923,582,Madjo,FWD,2,AVL,ARS
582,25,11,0,False,2026-09-05T16:30:00Z,0,0,3,False,0,0,0,0,0,0,0,0,0,0,0,0,0,0.0,0.0,0.0,0.0,0,0,0,0,0,0.00,0.00,0.00,0.00,55,-8463,31743,894,9357,582,Madjo,FWD,2,AVL,HUL
582,31,18,0,True,2026-09-12T14:00:00Z,1,2,4,False,0,0,0,0,0,0,0,0,0,0,0,0,0,0.0,0.0,0.0,0.0,0,0,0,0,0,0.00,0.00,0.00,0.00,55,-5489,26815,357,5846,582,Madjo,FWD,2,AVL,NFO
582,48,19,0,False,2026-09-19T11:30:00Z,2,3,5,False,0,0,0,0,0,0,0,0,0,0,0,0,0,0.0,0.0,0.0,0.0,0,0,0,0,0,0.00,0.00,0.00,0.00,54,-4377,22744,268,4645,582,Madjo,FWD,2,AVL,TOT
596,7,5,1,False,2026-08-23T13:00:00Z,4,0,1,False,8,0,0,0,0,0,0,0,0,0,0,0,3,4.0,0.0,0.0,0.4,0,0,2,2,0,0.00,0.00,0.00,0.14,45,0,7884,0,0,596,Ruggeri,DEF,2,AVL,BHA
596,20,1,0,True,2026-08-31T19:00:00Z,0,1,2,False,0,0,0,0,0,0,0,0,0,0,0,0,0,0.0,0.0,0.0,0.0,0,0,0,0,0,0.00,0.00,0.00,0.00,45,-243,10673,856,1099,596,Ruggeri,DEF,2,AVL,ARS
596,25,11,1,False,2026-09-05T16:30:00Z,0,0,3,False,15,0,0,0,0,0,0,0,0,0,0,0,3,2.6,2.6,0.0,0.5,1,2,0,1,0,0.00,0.01,0.01,0.35,45,-990,10240,736,1726,596,Ruggeri,DEF,2,AVL,HUL
596,31,18,0,True,2026-09-12T14:00:00Z,1,2,4,False,0,0,0,0,0,0,0,0,0,0,0,0,0,0.0,0.0,0.0,0.0,0,0,0,0,0,0.00,0.00,0.00,0.00,45,-993,9485,272,1265,596,Ruggeri,DEF,2,AVL,NFO
596,48,19,3,False,2026-09-19T11:30:00Z,2,3,5,False,90,0,0,0,2,0,0,0,0,0,0,0,11,19.4,11.5,1.0,3.2,13,9,0,13,1,0.03,0.01,0.04,1.56,45,-395,9272,779,1174,596,Ruggeri,DEF,2,AVL,TOT
597,7,5,0,False,2026-08-23T13:00:00Z,4,0,1,False,0,0,0,0,0,0,0,0,0,0,0,0,0,0.0,0.0,0.0,0.0,0,0,0,0,0,0.00,0.00,0.00,0.00,50,0,61739,0,0,597,Suzuki,GK,2,AVL,BHA
597,20,1,2,True,2026-08-31T19:00:00Z,0,1,2,False,90,0,0,0,1,0,0,0,0,0,1,0,8,13.6,0.0,0.0,1.4,2,9,0,0,1,0.00,0.00,0.00,1.04,50,-2542,82325,4229,6771,597,Suzuki,GK,2,AVL,ARS
597,25,11,10,False,2026-09-05T16:30:00Z,0,0,3,False,90,0,0,1,0,0,0,0,0,0,4,3,38,27.2,0.0,0.0,2.7,1,13,0,0,1,0.00,0.00,0.00,0.57,50,21820,144003,33094,11274,597,Suzuki,GK,2,AVL,HUL
597,31,18,2,True,2026-09-12T14:00:00Z,1,2,4,False,90,0,0,0,2,0,0,0,0,0,5,0,17,38.6,0.0,0.0,3.9,2,9,0,0,1,0.00,0.01,0.01,2.28,50,64651,206678,83655,19004,597,Suzuki,GK,2,AVL,NFO
597,48,19,2,False,2026-09-19T11:30:00Z,2,3,5,False,90,0,0,0,2,0,0,0,0,0,5,0,17,36.2,0.0,0.0,3.6,3,12,0,0,1,0.00,0.00,0.00,1.56,50,-2224,196011,16586,18810,597,Suzuki,GK,2,AVL,TOT
606,7,5,0,False,2026-08-23T13:00:00Z,4,0,1,False,0,0,0,0,0,0,0,0,0,0,0,0,0,0.0,0.0,0.0,0.0,0,0,0,0,0,0.00,0.00,0.00,0.00,40,0,0,0,0,606,Rowe,DEF,2,AVL,BHA
606,20,1,0,True,2026-08-31T19:00:00Z,0,1,2,False,0,0,0,0,0,0,0,0,0,0,0,0,0,0.0,0.0,0.0,0.0,0,0,0,0,0,0.00,0.00,0.00,0.00,40,1314,5947,1560,246,606,Rowe,DEF,2,AVL,ARS
606,25,11,0,False,2026-09-05T16:30:00Z,0,0,3,False,0,0,0,0,0,0,0,0,0,0,0,0,0,0.0,0.0,0.0,0.0,0,0,0,0,0,0.00,0.00,0.00,0.00,40,4717,18767,6400,1683,606,Rowe,DEF,2,AVL,HUL
606,31,18,0,True,2026-09-12T14:00:00Z,1,2,4,False,0,0,0,0,0,0,0,0,0,0,0,0,0,0.0,0.0,0.0,0.0,0,0,0,0,0,0.00,0.00,0.00,0.00,40,1187,18103,2914,1727,606,Rowe,DEF,2,AVL,NFO
606,48,19,0,False,2026-09-19T11:30:00Z,2,3,5,False,0,0,0,0,0,0,0,0,0,0,0,0,0,0.0,0.0,0.0,0.0,0,0,0,0,0,0.00,0.00,0.00,0.00,40,223,18299,1822,1599,606,Rowe,DEF,2,AVL,TOT
607,7,5,0,False,2026-08-23T13:00:00Z,4,0,1,False,0,0,0,0,0,0,0,0,0,0,0,0,0,0.0,0.0,0.0,0.0,0,0,0,0,0,0.00,0.00,0.00,0.00,45,0,0,0,0,607,Lynch,MID,2,AVL,BHA
607,20,1,0,True,2026-08-31T19:00:00Z,0,1,2,False,0,0,0,0,0,0,0,0,0,0,0,0,0,0.0,0.0,0.0,0.0,0,0,0,0,0,0.00,0.00,0.00,0.00,45,2771,8874,3603,832,607,Lynch,MID,2,AVL,ARS
607,25,11,0,False,2026-09-05T16:30:00Z,0,0,3,False,0,0,0,0,0,0,0,0,0,0,0,0,0,0.0,0.0,0.0,0.0,0,0,0,0,0,0.00,0.00,0.00,0.00,45,1177,12683,3500,2323,607,Lynch,MID,2,AVL,HUL
607,31,18,0,True,2026-09-12T14:00:00Z,1,2,4,False,0,0,0,0,0,0,0,0,0,0,0,0,0,0.0,0.0,0.0,0.0,0,0,0,0,0,0.00,0.00,0.00,0.00,45,-2922,8828,0,2922,607,Lynch,MID,2,AVL,NFO
607,48,19,0,False,2026-09-19T11:30:00Z,2,3,5,False,0,0,0,0,0,0,0,0,0,0,0,0,0,0.0,0.0,0.0,0.0,0,0,0,0,0,0.00,0.00,0.00,0.00,45,-1367,7636,0,1367,607,Lynch,MID,2,AVL,TOT
611,20,1,1,True,2026-08-31T19:00:00Z,0,1,2,False,12,0,0,0,0,0,0,0,0,0,0,0,4,3.6,0.8,0.0,0.4,0,0,2,2,0,0.00,0.00,0.00,0.00,45,1383,4588,1549,166,611,Wan-Bissaka,DEF,2,AVL,ARS
611,25,11,1,False,2026-09-05T16:30:00Z,0,0,3,False,5,0,0,0,0,0,0,0,0,0,0,0,3,2.8,0.9,0.0,0.4,1,0,0,1,0,0.00,0.00,0.00,0.35,45,5012,15829,6633,1621,611,Wan-Bissaka,DEF,2,AVL,HUL
611,31,18,3,True,2026-09-12T14:00:00Z,1,2,4,False,90,0,0,0,2,0,0,0,0,0,0,0,11,26.0,13.3,0.0,3.9,7,1,5,12,1,0.00,0.06,0.06,2.28,45,1842,19667,4076,2234,611,Wan-Bissaka,DEF,2,AVL,NFO
611,48,19,1,False,2026-09-19T11:30:00Z,2,3,5,False,45,0,0,0,0,0,0,0,0,0,0,0,6,10.4,1.4,0.0,1.2,4,0,2,6,1,0.00,0.01,0.01,0.64,45,2283,23660,4595,2312,611,Wan-Bissaka,DEF,2,AVL,TOT
618,20,1,0,True,2026-08-31T19:00:00Z,0,1,2,False,0,0,0,0,0,0,0,0,0,0,0,0,0,0.0,0.0,0.0,0.0,0,0,0,0,0,0.00,0.00,0.00,0.00,60,205,386,212,7,618,Goretzka,MID,2,AVL,ARS
618,25,11,0,False,2026-09-05T16:30:00Z,0,0,3,False,0,0,0,0,0,0,0,0,0,0,0,0,0,0.0,0.0,0.0,0.0,0,0,0,0,0,0.00,0.00,0.00,0.00,60,2608,5084,3449,841,618,Goretzka,MID,2,AVL,HUL
618,31,18,0,True,2026-09-12T14:00:00Z,1,2,4,False,0,0,0,0,0,0,0,0,0,0,0,0,0,0.0,0.0,0.0,0.0,0,0,0,0,0,0.00,0.00,0.00,0.00,60,-1201,4178,901,2102,618,Goretzka,MID,2,AVL,NFO
618,48,19,0,False,2026-09-19T11:30:00Z,2,3,5,False,0,0,0,0,0,0,0,0,0,0,0,0,0,0.0,0.0,0.0,0.0,0,0,0,0,0,0.00,0.00,0.00,0.00,59,-1317,2971,47,1364,618,Goretzka,MID,2,AVL,TOT
630,25,11,0,False,2026-09-05T16:30:00Z,0,0,3,False,0,0,0,0,0,0,0,0,0,0,0,0,0,0.0,0.0,0.0,0.0,0,0,0,0,0,0.00,0.00,0.00,0.00,45,755,1010,945,190,630,Harwood-Bellis,DEF,2,AVL,HUL
630,31,18,0,True,2026-09-12T14:00:00Z,1,2,4,False,0,0,0,0,0,0,0,0,0,0,0,0,0,0.0,0.0,0.0,0.0,0,0,0,0,0,0.00,0.00,0.00,0.00,45,388,1586,653,265,630,Harwood-Bellis,DEF,2,AVL,NFO
630,48,19,0,False,2026-09-19T11:30:00Z,2,3,5,False,0,0,0,0,0,0,0,0,0,0,0,0,0,0.0,0.0,0.0,0.0,0,0,0,0,0,0.00,0.00,0.00,0.00,45,28,1743,379,351,630,Harwood-Bellis,DEF,2,AVL,TOT
631,25,11,0,False,2026-09-05T16:30:00Z,0,0,3,False,0,0,0,0,0,0,0,0,0,0,0,0,0,0.0,0.0,0.0,0.0,0,0,0,0,0,0.00,0.00,0.00,0.00,60,3426,4421,4056,630,631,Mbaye,MID,2,AVL,HUL
631,31,18,1,True,2026-09-12T14:00:00Z,1,2,4,False,27,0,0,0,1,0,0,0,0,0,0,0,6,9.0,15.2,19.0,4.3,0,1,1,2,0,0.02,0.13,0.15,0.86,60,1207,5917,2787,1580,631,Mbaye,MID,2,AVL,NFO
631,48,19,1,False,2026-09-19T11:30:00Z,2,3,5,False,6,0,0,0,2,0,0,0,0,0,0,0,2,0.0,0.0,0.0,0.0,0,0,0,0,0,0.00,0.00,0.00,0.78,60,1194,7570,2665,1471,631,Mbaye,MID,2,AVL,TOT
667,48,19,0,False,2026-09-19T11:30:00Z,2,3,5,False,0,0,0,0,0,0,0,0,0,0,0,0,0,0.0,0.0,0.0,0.0,0,0,0,0,0,0.00,0.00,0.00,0.00,40,0,0,0,0,667,Wright,GK,2,AVL,TOT
57,8,15,2,False,2026-08-23T13:00:00Z,2,1,1,False,90,0,0,0,2,0,0,0,0,0,4,0,13,36.8,0.0,0.0,3.7,2,5,0,0,1,0.00,0.00,0.00,2.25,45,0,288326,0,0,57,Petrović,GK,3,BOU,MCI
57,12,9,3,True,2026-08-29T14:00:00Z,1,1,2,False,90,0,0,0,1,0,0,0,0,0,5,0,20,33.8,0.0,0.0,3.4,3,8,0,0,1,0.00,0.00,0.00,1.84,45,11325,332768,25378,14053,57,Petrović,GK,3,BOU,EVE
57,27,17,1,False,2026-09-05T11:30:00Z,2,2,3,False,90,0,0,0,2,0,0,0,0,0,0,0,0,3.4,0.0,0.0,0.3,1,8,0,0,1,0.00,0.00,0.00,0.71,45,11030,349425,45982,34952,57,Petrović,GK,3,BOU,NEW
57,32,4,1,True,2026-09-12T14:00:00Z,2,2,4,False,90,0,0,0,2,0,0,0,0,0,0,0,0,0.0,0.0,0.0,0.0,0,10,0,0,1,0.00,0.00,0.00,0.50,45,-9622,346097,27504,37126,57,Petrović,GK,3,BOU,BRE
57,49,14,2,True,2026-09-20T13:00:00Z,0,1,5,False,90,0,0,0,1,0,0,0,0,0,2,0,12,18.2,0.0,0.0,1.8,0,12,0,0,1,0.00,0.00,0.00,1.65,45,-19421,325591,7119,26540,57,Petrović,GK,3,BOU,LIV
58,8,15,0,False,2026-08-23T13:00:00Z,2,1,1,False,0,0,0,0,0,0,0,0,0,0,0,0,0,0.0,0.0,0.0,0.0,0,0,0,0,0,0.00,0.00,0.00,0.00,40,0,283903,0,0,58,Forster,GK,3,BOU,MCI
58,12,9,0,True,2026-08-29T14:00:00Z,1,1,2,False,0,0,0,0,0,0,0,0,0,0,0,0,0,0.0,0.0,0.0,0.0,0,0,0,0,0,0.00,0.00,0.00,0.00,40,-1091,317899,9562,10653,58,Forster,GK,3,BOU,EVE
58,27,17,0,False,2026-09-05T11:30:00Z,2,2,3,False,0,0,0,0,0,0,0,0,0,0,0,0,0,0.0,0.0,0.0,0.0,0,0,0,0,0,0.00,0.00,0.00,0.00,40,17023,371559,38348,21325,58,Forster,GK,3,BOU,NEW
58,32,4,0,True,2026-09-12T14:00:00Z,2,2,4,False,0,0,0,0,0,0,0,0,0,0,0,0,0,0.0,0.0,0.0,0.0,0,0,0,0,0,0.00,0.00,0.00,0.00,40,14555,383559,38779,24224,58,Forster,GK,3,BOU,BRE
58,49,14,0,True,2026-09-20T13:00:00Z,0,1,5,False,0,0,0,0,0,0,0,0,0,0,0,0,0,0.0,0.0,0.0,0.0,0,0,0,0,0,0.00,0.00,0.00,0.00,40,6886,391157,22505,15619,58,Forster,GK,3,BOU,LIV
59,8,15,0,False,2026-08-23T13:00:00Z,2,1,1,False,0,0,0,0,0,0,0,0,0,0,0,0,0,0.0,0.0,0.0,0.0,0,0,0,0,0,0.00,0.00,0.00,0.00,40,0,16822,0,0,59,Dennis,GK,3,BOU,MCI
59,12,9,0,True,2026-08-29T14:00:00Z,1,1,2,False,0,0,0,0,0,0,0,0,0,0,0,0,0,0.0,0.0,0.0,0.0,0,0,0,0,0,0.00,0.00,0.00,0.00,40,-384,18847,1133,1517,59,Dennis,GK,3,BOU,EVE
59,27,17,0,False,2026-09-05T11:30:00Z,2,2,3,False,0,0,0,0,0,0,0,0,0,0,0,0,0,0.0,0.0,0.0,0.0,0,0,0,0,0,0.00,0.00,0.00,0.00,40,-2784,15695,0,2784,59,Dennis,GK,3,BOU,NEW
59,32,4,0,True,2026-09-12T14:00:00Z,2,2,4,False,0,0,0,0,0,0,0,0,0,0,0,0,0,0.0,0.0,0.0,0.0,0,0,0,0,0,0.00,0.00,0.00,0.00,40,-1608,14269,0,1608,59,Dennis,GK,3,BOU,BRE
59,49,14,0,True,2026-09-20T13:00:00Z,0,1,5,False,0,0,0,0,0,0,0,0,0,0,0,0,0,0.0,0.0,0.0,0.0,0,0,0,0,0,0.00,0.00,0.00,0.00,40,-1059,13258,0,1059,59,Dennis,GK,3,BOU,LIV
60,8,15,1,False,2026-08-23T13:00:00Z,2,1,1,False,90,0,0,0,2,0,0,0,0,0,0,0,0,11.6,0.3,0.0,1.2,5,1,1,6,1,0.00,0.00,0.00,2.25,55,0,72436,0,0,60,Hill,DEF,3,BOU,MCI
60,12,9,4,True,2026-08-29T14:00:00Z,1,1,2,False,90,0,0,0,1,0,0,0,0,0,0,0,19,25.6,21.0,4.0,5.1,9,3,3,12,1,0.00,0.74,0.74,1.84,55,2412,89428,9153,6741,60,Hill,DEF,3,BOU,EVE
60,27,17,1,False,2026-09-05T11:30:00Z,2,2,3,False,90,0,0,0,2,0,0,0,0,0,0,0,4,16.8,31.5,2.0,5.0,6,1,0,6,1,0.00,0.02,0.02,0.71,55,-4574,87381,7094,11668,60,Hill,DEF,3,BOU,NEW
60,32,4,2,True,2026-09-12T14:00:00Z,2,2,4,False,90,0,0,0,2,0,0,0,1,0,0,0,5,22.0,11.4,0.0,3.3,10,3,1,11,1,0.00,0.01,0.01,0.50,55,-2382,89044,8173,10555,60,Hill,DEF,3,BOU,BRE
60,49,14,4,True,2026-09-20T13:00:00Z,0,1,5,False,90,0,0,0,1,0,0,0,0,0,0,0,15,43.6,5.1,0.0,4.9,11,3,4,15,1,0.00,0.02,0.02,1.65,55,-8309,80776,3321,11630,60,Hill,DEF,3,BOU,LIV
61,8,15,1,False,2026-08-23T13:00:00Z,2,1,1,False,90,0,0,0,2,0,0,0,0,0,0,0,0,15.4,1.3,0.0,1.7,5,7,2,7,1,0.00,0.00,0.00,2.25,55,0,392050,0,0,61,Truffert,DEF,3,BOU,MCI
61,12,9,4,True,2026-08-29T14:00:00Z,1,1,2,False,90,0,0,0,1,0,0,0,0,0,0,2,27,27.8,23.7,4.0,5.6,7,6,2,9,1,0.00,0.07,0.07,1.84,55,-5220,417325,20601,25821,61,Truffert,DEF,3,BOU,EVE
61,27,17,0,False,2026-09-05T11:30:00Z,2,2,3,False,90,0,0,0,2,0,0,0,1,0,0,0,-3,10.2,15.7,2.0,2.8,3,5,3,6,1,0.01,0.06,0.07,0.71,55,-30205,387734,11879,42084,61,Truffert,DEF,3,BOU,NEW
61,32,4,3,True,2026-09-12T14:00:00Z,2,2,4,False,90,0,0,0,2,0,0,0,0,0,0,0,23,38.6,18.0,28.0,8.5,8,3,8,16,1,0.08,0.10,0.18,0.50,55,-33011,362027,12869,45880,61,Truffert,DEF,3,BOU,BRE
61,49,14,2,True,2026-09-20T13:00:00Z,0,1,5,False,90,0,0,0,1,0,0,0,0,0,0,0,6,12.6,11.8,5.0,2.9,5,3,2,7,1,0.02,0.06,0.08,1.65,55,-27978,334232,6520,34498,61,Truffert,DEF,3,BOU,LIV
62,8,15,0,False,2026-08-23T13:00:00Z,2,1,1,False,0,0,0,0,0,0,0,0,0,0,0,0,0,0.0,0.0,0.0,0.0,0,0,0,0,0,0.00,0.00,0.00,0.00,50,0,15573,0,0,62,Diakité,DEF,3,BOU,MCI
62,12,9,0,True,2026-08-29T14:00:00Z,1,1,2,False,0,0,0,0,0,0,0,0,0,0,0,0,0,0.0,0.0,0.0,0.0,0,0,0,0,0,0.00,0.00,0.00,0.00,50,401,19940,2722,2321,62,Diakité,DEF,3,BOU,EVE
62,27,17,0,False,2026-09-05T11:30:00Z,2,2,3,False,0,0,0,0,0,0,0,0,0,0,0,0,0,0.0,0.0,0.0,0.0,0,0,0,0,0,0.00,0.00,0.00,0.00,50,-2153,18773,1710,3863,62,Diakité,DEF,3,BOU,NEW
62,32,4,0,True,2026-09-12T14:00:00Z,2,2,4,False,0,0,0,0,0,0,0,0,0,0,0,0,0,0.0,0.0,0.0,0.0,0,0,0,0,0,0.00,0.00,0.00,0.00,50,-1343,18147,1310,2653,62,Diakité,DEF,3,BOU,BRE
62,49,14,0,True,2026-09-20T13:00:00Z,0,1,5,False,0,0,0,0,0,0,0,0,0,0,0,0,0,0.0,0.0,0.0,0.0,0,0,0,0,0,0.00,0.00,0.00,0.00,50,-1312,17170,916,2228,62,Diakité,DEF,3,BOU,LIV
63,8,15,0,False,2026-08-23T13:00:00Z,2,1,1,False,0,0,0,0,0,0,0,0,0,0,0,0,0,0.0,0.0,0.0,0.0,0,0,0,0,0,0.00,0.00,0.00,0.00,50,0,1122,0,0,63,Milosavljević,DEF,3,BOU,MCI
63,12,9,0,True,2026-08-29T14:00:00Z,1,1,2,False,0,0,0,0,0,0,0,0,0,0,0,0,0,0.0,0.0,0.0,0.0,0,0,0,0,0,0.00,0.00,0.00,0.00,50,-222,1026,74,296,63,Milosavljević,DEF,3,BOU,EVE
63,27,17,0,False,2026-09-05T11:30:00Z,2,2,3,False,0,0,0,0,0,0,0,0,0,0,0,0,0,0.0,0.0,0.0,0.0,0,0,0,0,0,0.00,0.00,0.00,0.00,50,-154,919,88,242,63,Milosavljević,DEF,3,BOU,NEW
63,32,4,0,True,2026-09-12T14:00:00Z,2,2,4,False,0,0,0,0,0,0,0,0,0,0,0,0,0,0.0,0.0,0.0,0.0,0,0,0,0,0,0.00,0.00,0.00,0.00,50,-94,852,70,164,63,Milosavljević,DEF,3,BOU,BRE
63,49,14,0,True,2026-09-20T13:00:00Z,0,1,5,False,0,0,0,0,0,0,0,0,0,0,0,0,0,0.0,0.0,0.0,0.0,0,0,0,0,0,0.00,0.00,0.00,0.00,49,-21,843,74,95,63,Milosavljević,DEF,3,BOU,LIV
64,8,15,1,False,2026-08-23T13:00:00Z,2,1,1,False,90,0,0,0,2,0,0,0,0,0,0,0,4,7.0,0.6,0.0,0.8,4,3,1,5,1,0.00,0.00,0.00,2.25,45,0,8561,0,0,64,Smith,DEF,3,BOU,MCI
64,12,9,1,True,2026-08-29T14:00:00Z,1,1,2,False,90,0,0,0,1,0,0,0,1,0,0,0,5,15.6,15.7,0.0,3.1,4,0,2,6,1,0.00,0.02,0.02,1.84,45,1827,13789,2845,1018,64,Smith,DEF,3,BOU,EVE
64,27,17,0,False,2026-09-05T11:30:00Z,2,2,3,False,90,0,0,0,2,0,0,0,1,0,0,0,3,9.6,25.3,4.0,3.9,3,6,1,4,1,0.01,0.04,0.05,0.71,45,-461,13869,1630,2091,64,Smith,DEF,3,BOU,NEW
64,32,4,0,True,2026-09-12T14:00:00Z,2,2,4,False,90,0,0,0,2,0,0,0,1,0,0,0,-1,11.4,2.0,0.0,1.3,5,4,1,6,1,0.00,0.01,0.01,0.50,45,-233,14155,1505,1738,64,Smith,DEF,3,BOU,BRE
64,49,14,2,True,2026-09-20T13:00:00Z,0,1,5,False,74,0,0,0,1,0,0,0,0,0,0,0,3,0.0,0.8,0.0,0.0,0,2,0,0,1,0.00,0.02,0.02,1.40,45,-1163,13093,818,1981,64,Smith,DEF,3,BOU,LIV
65,8,15,0,False,2026-08-23T13:00:00Z,2,1,1,False,0,0,0,0,0,0,0,0,0,0,0,0,0,0.0,0.0,0.0,0.0,0,0,0,0,0,0.00,0.00,0.00,0.00,45,0,1775,0,0,65,J.Araujo,DEF,3,BOU,MCI
65,12,9,0,True,2026-08-29T14:00:00Z,1,1,2,False,0,0,0,0,0,0,0,0,0,0,0,0,0,0.0,0.0,0.0,0.0,0,0,0,0,0,0.00,0.00,0.00,0.00,45,-418,1571,88,506,65,J.Araujo,DEF,3,BOU,EVE
65,27,17,0,False,2026-09-05T11:30:00Z,2,2,3,False,0,0,0,0,0,0,0,0,0,0,0,0,0,0.0,0.0,0.0,0.0,0,0,0,0,0,0.00,0.00,0.00,0.00,45,-270,1391,96,366,65,J.Araujo,DEF,3,BOU,NEW
65,32,4,0,True,2026-09-12T14:00:00Z,2,2,4,False,0,0,0,0,0,0,0,0,0,0,0,0,0,0.0,0.0,0.0,0.0,0,0,0,0,0,0.00,0.00,0.00,0.00,44,-117,1303,99,216,65,J.Araujo,DEF,3,BOU,BRE
65,49,14,0,True,2026-09-20T13:00:00Z,0,1,5,False,0,0,0,0,0,0,0,0,0,0,0,0,0,0.0,0.0,0.0,0.0,0,0,0,0,0,0.00,0.00,0.00,0.00,44,-50,1281,101,151,65,J.Araujo,DEF,3,BOU,LIV
66,8,15,0,False,2026-08-23T13:00:00Z,2,1,1,False,0,0,0,0,0,0,0,0,0,0,0,0,0,0.0,0.0,0.0,0.0,0,0,0,0,0,0.00,0.00,0.00,0.00,40,0,19739,0,0,66,Soler,DEF,3,BOU,MCI
66,12,9,0,True,2026-08-29T14:00:00Z,1,1,2,False,0,0,0,0,0,0,0,0,0,0,0,0,0,0.0,0.0,0.0,0.0,0,0,0,0,0,0.00,0.00,0.00,0.00,40,-2011,18565,416,2427,66,Soler,DEF,3,BOU,EVE
66,27,17,0,False,2026-09-05T11:30:00Z,2,2,3,False,0,0,0,0,0,0,0,0,0,0,0,0,0,0.0,0.0,0.0,0.0,0,0,0,0,0,0.00,0.00,0.00,0.00,40,3691,30657,6046,2355,66,Soler,DEF,3,BOU,NEW
66,32,4,0,True,2026-09-12T14:00:00Z,2,2,4,False,0,0,0,0,0,0,0,0,0,0,0,0,0,0.0,0.0,0.0,0.0,0,0,0,0,0,0.00,0.00,0.00,0.00,40,1583,31214,4282,2699,66,Soler,DEF,3,BOU,BRE
66,49,14,0,True,2026-09-20T13:00:00Z,0,1,5,False,0,0,0,0,0,0,0,0,0,0,0,0,0,0.0,0.0,0.0,0.0,0,0,0,0,0,0.00,0.00,0.00,0.00,40,-57,28923,2347,2404,66,Soler,DEF,3,BOU,LIV
67,8,15,2,False,2026-08-23T13:00:00Z,2,1,1,False,88,0,0,0,1,0,0,0,0,0,0,0,9,6.2,11.3,17.0,3.5,1,0,0,1,1,0.04,0.03,0.07,2.06,65,0,242374,0,0,67,Rayan,MID,3,BOU,MCI
67,12,9,2,True,2026-08-29T14:00:00Z,1,1,2,False,90,0,0,0,1,0,0,0,0,0,0,0,4,8.6,3.5,44.0,5.6,1,3,1,5,1,0.40,0.02,0.42,1.84,65,1501,276541,23680,22179,67,Rayan,MID,3,BOU,EVE
67,27,17,2,False,2026-09-05T11:30:00Z,2,2,3,False,88,0,0,0,2,0,0,0,0,0,0,0,8,1.6,0.9,10.0,1.3,1,0,1,2,1,0.04,0.01,0.05,0.66,65,-48316,230133,11708,60024,67,Rayan,MID,3,BOU,NEW
67,32,4,2,True,2026-09-12T14:00:00Z,2,2,4,False,81,0,0,0,2,0,0,0,0,0,0,0,7,5.6,17.8,20.0,4.3,2,0,1,3,1,0.39,0.02,0.41,0.39,64,-33384,202880,8549,41933,67,Rayan,MID,3,BOU,BRE
67,49,14,2,True,2026-09-20T13:00:00Z,0,1,5,False,87,0,0,0,1,0,0,0,0,0,0,0,17,8.4,16.9,8.0,3.3,1,1,2,4,1,0.00,0.35,0.35,1.40,64,-30627,173374,4733,35360,67,Rayan,MID,3,BOU,LIV
68,8,15,10,False,2026-08-23T13:00:00Z,2,1,1,False,90,1,0,0,2,0,0,0,0,0,0,3,32,40.0,17.2,18.0,7.5,2,4,2,8,1,0.40,0.08,0.48,2.25,60,0,139421,0,0,68,Tavernier,MID,3,BOU,MCI
68,12,9,1,True,2026-08-29T14:00:00Z,1,1,2,False,90,0,0,0,1,0,0,0,1,0,0,0,20,15.0,38.3,11.0,6.4,1,6,4,11,1,0.09,0.21,0.30,1.84,60,74776,254437,87207,12431,68,Tavernier,MID,3,BOU,EVE
68,27,17,10,False,2026-09-05T11:30:00Z,2,2,3,False,88,1,0,0,2,0,0,0,0,0,0,3,43,46.6,13.2,77.0,13.7,0,8,1,9,1,1.01,0.05,1.06,0.66,60,-21585,230783,28263,49848,68,Tavernier,MID,3,BOU,NEW
68,32,4,8,True,2026-09-12T14:00:00Z,2,2,4,False,82,1,0,0,2,0,0,0,1,0,0,2,44,49.4,58.3,37.0,14.5,2,5,1,8,1,0.20,0.47,0.67,0.39,60,125960,417515,177420,51460,68,Tavernier,MID,3,BOU,BRE
68,49,14,2,True,2026-09-20T13:00:00Z,0,1,5,False,74,0,0,0,1,0,0,0,0,0,0,0,14,10.8,19.1,4.0,3.4,0,3,3,6,1,0.00,0.11,0.11,1.40,61,257318,709800,318303,60985,68,Tavernier,MID,3,BOU,LIV
69,8,15,2,False,2026-08-23T13:00:00Z,2,1,1,False,90,0,0,0,2,0,0,0,0,0,0,0,17,11.4,4.8,0.0,1.6,1,6,4,11,1,0.00,0.01,0.01,2.25,60,0,134668,0,0,69,Scott,MID,3,BOU,MCI
69,12,9,12,True,2026-08-29T14:00:00Z,1,1,2,False,86,1,0,1,0,0,0,0,1,0,0,3,39,47.6,32.1,21.0,10.1,3,9,3,15,1,0.26,0.27,0.53,1.71,60,-4366,145926,8520,12886,69,Scott,MID,3,BOU,EVE
69,27,17,10,False,2026-09-05T11:30:00Z,2,2,3,False,90,0,2,0,2,0,0,0,0,0,0,2,37,13.4,22.9,12.0,4.8,5,6,0,11,1,0.07,0.02,0.09,0.71,60,39114,210299,56885,17771,69,Scott,MID,3,BOU,NEW
69,32,4,4,True,2026-09-12T14:00:00Z,2,2,4,False,90,0,0,0,2,0,0,0,0,0,0,0,19,22.2,46.1,10.0,7.8,6,7,2,15,1,0.19,0.05,0.24,0.50,61,324036,657646,386435,62399,69,Scott,MID,3,BOU,BRE
69,49,14,2,True,2026-09-20T13:00:00Z,0,1,5,False,90,0,0,0,1,0,0,0,0,0,0,0,17,8.2,40.5,13.0,6.2,0,8,0,8,1,0.12,0.07,0.19,1.65,61,-5057,624564,72063,77120,69,Scott,MID,3,BOU,LIV
70,8,15,3,False,2026-08-23T13:00:00Z,2,1,1,False,74,0,0,1,0,0,0,0,0,0,0,0,15,11.0,14.3,17.0,4.2,1,5,3,9,1,0.11,0.00,0.11,1.94,60,0,96045,0,0,70,Kluivert,MID,3,BOU,MCI
70,12,9,3,True,2026-08-29T14:00:00Z,1,1,2,False,80,0,0,1,0,0,0,0,0,0,0,0,12,11.2,26.9,57.0,9.5,0,5,0,5,1,0.61,0.05,0.66,1.67,60,6731,123176,16321,9590,70,Kluivert,MID,3,BOU,EVE
70,27,17,1,False,2026-09-05T11:30:00Z,2,2,3,False,75,0,0,0,1,0,0,0,1,0,0,0,6,0.0,2.0,3.0,0.2,0,3,1,4,1,0.06,0.01,0.07,0.48,60,-12692,113173,10830,23522,70,Kluivert,MID,3,BOU,NEW
70,32,4,8,True,2026-09-12T14:00:00Z,2,2,4,False,65,1,0,0,2,0,0,0,0,0,0,1,31,40.0,3.3,43.0,8.6,1,3,0,4,1,0.21,0.02,0.23,0.39,60,-12026,104989,8665,20691,70,Kluivert,MID,3,BOU,BRE
70,49,14,0,True,2026-09-20T13:00:00Z,0,1,5,False,0,0,0,0,0,0,0,0,0,0,0,0,0,0.0,0.0,0.0,0.0,0,0,0,0,0,0.00,0.00,0.00,0.00,60,3462,110738,14541,11079,70,Kluivert,MID,3,BOU,LIV
71,8,15,3,False,2026-08-23T13:00:00Z,2,1,1,False,75,0,0,1,0,0,0,0,0,0,0,0,8,4.6,2.1,0.0,0.7,3,3,1,7,1,0.00,0.00,0.00,1.94,50,0,13065,0,0,71,Cook,MID,3,BOU,MCI
71,12,9,3,True,2026-08-29T14:00:00Z,1,1,2,False,68,0,0,1,0,0,0,0,0,0,0,0,13,3.8,12.8,0.0,1.7,0,2,0,2,1,0.00,0.01,0.01,1.67,50,1552,18237,3259,1707,71,Cook,MID,3,BOU,EVE
71,27,17,1,False,2026-09-05T11:30:00Z,2,2,3,False,14,0,0,0,1,0,0,0,0,0,0,0,2,0.0,0.3,0.0,0.0,1,0,0,1,0,0.00,0.00,0.00,0.23,50,2757,23118,6600,3843,71,Cook,MID,3,BOU,NEW
71,32,4,0,True,2026-09-12T14:00:00Z,2,2,4,False,8,0,0,0,0,0,0,0,1,0,0,0,-1,0.6,0.3,0.0,0.1,2,0,0,2,0,0.00,0.00,0.00,0.11,50,-1358,21878,2134,3492,71,Cook,MID,3,BOU,BRE
71,49,14,1,True,2026-09-20T13:00:00Z,0,1,5,False,15,0,0,0,0,0,0,0,0,0,0,0,3,2.8,0.3,0.0,0.3,1,1,0,2,0,0.00,0.00,0.00,0.25,50,-2898,19112,841,3739,71,Cook,MID,3,BOU,LIV
72,8,15,1,False,2026-08-23T13:00:00Z,2,1,1,False,1,0,0,0,1,0,0,0,0,0,0,0,3,0.2,0.1,2.0,0.2,0,1,0,1,0,0.00,0.00,0.00,0.19,50,0,7889,0,0,72,Gannon-Doak,MID,3,BOU,MCI
72,12,9,0,True,2026-08-29T14:00:00Z,1,1,2,False,0,0,0,0,0,0,0,0,0,0,0,0,0,0.0,0.0,0.0,0.0,0,0,0,0,0,0.00,0.00,0.00,0.00,50,-468,8171,365,833,72,Gannon-Doak,MID,3,BOU,EVE
72,27,17,1,False,2026-09-05T11:30:00Z,2,2,3,False,1,0,0,0,0,0,0,0,0,0,0,0,3,2.0,0.5,5.0,0.8,0,1,1,2,0,0.02,0.00,0.02,0.05,50,-1165,7170,384,1549,72,Gannon-Doak,MID,3,BOU,NEW
72,32,4,1,True,2026-09-12T14:00:00Z,2,2,4,False,8,0,0,0,0,0,0,0,0,0,0,0,6,1.6,1.5,7.0,1.0,0,3,1,4,0,0.10,0.03,0.13,0.11,49,-612,6799,413,1025,72,Gannon-Doak,MID,3,BOU,BRE
72,49,14,1,True,2026-09-20T13:00:00Z,0,1,5,False,2,0,0,0,0,0,0,0,0,0,0,0,3,0.2,0.8,2.0,0.3,0,0,0,0,0,0.00,0.02,0.02,0.25,49,-515,6412,338,853,72,Gannon-Doak,MID,3,BOU,LIV
73,8,15,1,False,2026-08-23T13:00:00Z,2,1,1,False,15,0,0,0,2,0,0,0,0,0,0,0,4,3.6,0.6,0.0,0.4,3,0,0,3,0,0.00,0.00,0.00,0.31,50,0,19512,0,0,73,Adams,MID,3,BOU,MCI
73,12,9,1,True,2026-08-29T14:00:00Z,1,1,2,False,21,0,0,0,1,0,0,0,0,0,0,0,4,1.6,1.3,0.0,0.3,0,3,0,3,0,0.00,0.00,0.00,0.16,50,177,22708,3032,2855,73,Adams,MID,3,BOU,EVE
73,27,17,4,False,2026-09-05T11:30:00Z,2,2,3,False,75,0,0,0,1,0,0,0,0,0,0,0,15,12.2,11.5,0.0,2.4,1,8,3,12,1,0.00,0.01,0.01,0.48,50,897,26019,5588,4691,73,Adams,MID,3,BOU,NEW
73,32,4,2,True,2026-09-12T14:00:00Z,2,2,4,False,81,0,0,0,2,0,0,0,0,0,0,0,16,13.0,5.9,7.0,2.6,3,5,2,10,1,0.03,0.02,0.05,0.39,50,2015,29708,5594,3579,73,Adams,MID,3,BOU,BRE
73,49,14,4,True,2026-09-20T13:00:00Z,0,1,5,False,87,0,0,0,1,0,0,0,0,0,0,0,13,15.4,12.9,0.0,2.8,5,6,2,13,1,0.00,0.04,0.04,1.40,50,-871,29052,2995,3866,73,Adams,MID,3,BOU,LIV
74,8,15,0,False,2026-08-23T13:00:00Z,2,1,1,False,0,0,0,0,0,0,0,0,0,0,0,0,0,0.0,0.0,0.0,0.0,0,0,0,0,0,0.00,0.00,0.00,0.00,50,0,4610,0,0,74,Brooks,MID,3,BOU,MCI
74,12,9,1,True,2026-08-29T14:00:00Z,1,1,2,False,9,0,0,0,1,0,0,0,0,0,0,0,3,0.0,1.6,0.0,0.1,0,0,0,0,0,0.00,0.01,0.01,0.16,50,-93,5133,602,695,74,Brooks,MID,3,BOU,EVE
74,27,17,1,False,2026-09-05T11:30:00Z,2,2,3,False,14,0,0,0,1,0,0,0,0,0,0,0,2,0.0,0.0,0.0,0.0,0,0,0,0,0,0.00,0.00,0.00,0.23,50,292,5938,1296,1004,74,Brooks,MID,3,BOU,NEW
74,32,4,0,True,2026-09-12T14:00:00Z,2,2,4,False,7,0,0,0,0,0,0,0,1,0,0,0,-1,4.2,0.3,2.0,0.7,2,1,0,3,0,0.00,0.00,0.00,0.11,50,-81,6000,781,862,74,Brooks,MID,3,BOU,BRE
74,49,14,1,True,2026-09-20T13:00:00Z,0,1,5,False,15,0,0,0,0,0,0,0,0,0,0,0,4,5.0,21.7,0.0,2.7,0,2,0,2,0,0.00,0.06,0.06,0.25,50,-394,5709,503,897,74,Brooks,MID,3,BOU,LIV
75,8,15,0,False,2026-08-23T13:00:00Z,2,1,1,False,0,0,0,0,0,0,0,0,0,0,0,0,0,0.0,0.0,0.0,0.0,0,0,0,0,0,0.00,0.00,0.00,0.00,50,0,1007,0,0,75,Christie,MID,3,BOU,MCI
75,12,9,1,True,2026-08-29T14:00:00Z,1,1,2,False,3,0,0,0,1,0,0,0,0,0,0,0,5,2.8,0.3,0.0,0.3,0,1,1,2,0,0.00,0.00,0.00,0.13,50,364,1962,560,196,75,Christie,MID,3,BOU,EVE
75,27,17,1,False,2026-09-05T11:30:00Z,2,2,3,False,1,0,0,0,0,0,0,0,0,0,0,0,3,0.0,0.0,0.0,0.0,0,0,0,0,0,0.00,0.00,0.00,0.00,50,522,2833,1038,516,75,Christie,MID,3,BOU,NEW
75,32,4,1,True,2026-09-12T14:00:00Z,2,2,4,False,24,0,0,0,0,0,0,0,0,0,0,0,7,6.6,14.4,4.0,2.5,3,4,0,7,0,0.00,0.12,0.12,0.11,50,542,3640,1116,574,75,Christie,MID,3,BOU,BRE
75,49,14,2,True,2026-09-20T13:00:00Z,0,1,5,False,74,0,0,0,1,0,0,0,0,0,0,0,0,0.0,2.4,27.0,2.4,0,5,0,5,1,0.50,0.01,0.51,1.40,50,-118,3511,541,659,75,Christie,MID,3,BOU,LIV
76,8,15,1,False,2026-08-23T13:00:00Z,2,1,1,False,15,0,0,0,2,0,0,0,0,0,0,0,5,2.8,0.6,0.0,0.3,0,1,1,2,0,0.00,0.00,0.00,0.31,50,0,1238,0,0,76,Tóth.A,MID,3,BOU,MCI
76,12,9,0,True,2026-08-29T14:00:00Z,1,1,2,False,0,0,0,0,0,0,0,0,0,0,0,0,0,0.0,0.0,0.0,0.0,0,0,0,0,0,0.00,0.00,0.00,0.00,50,-46,1576,100,146,76,Tóth.A,MID,3,BOU,EVE
76,27,17,0,False,2026-09-05T11:30:00Z,2,2,3,False,0,0,0,0,0,0,0,0,0,0,0,0,0,0.0,0.0,0.0,0.0,0,0,0,0,0,0.00,0.00,0.00,0.00,50,-108,1563,123,231,76,Tóth.A,MID,3,BOU,NEW
76,32,4,0,True,2026-09-12T14:00:00Z,2,2,4,False,0,0,0,0,0,0,0,0,0,0,0,0,0,0.0,0.0,0.0,0.0,0,0,0,0,0,0.00,0.00,0.00,0.00,50,-138,1498,72,210,76,Tóth.A,MID,3,BOU,BRE
76,49,14,1,True,2026-09-20T13:00:00Z,0,1,5,False,2,0,0,0,0,0,0,0,0,0,0,0,3,0.2,0.1,0.0,0.0,0,0,0,0,0,0.00,0.00,0.00,0.25,49,-80,1445,62,142,76,Tóth.A,MID,3,BOU,LIV
77,8,15,0,False,2026-08-23T13:00:00Z,2,1,1,False,0,0,0,0,0,0,0,0,0,0,0,0,0,0.0,0.0,0.0,0.0,0,0,0,0,0,0.00,0.00,0.00,0.00,50,0,3087,0,0,77,Adli,MID,3,BOU,MCI
77,12,9,0,True,2026-08-29T14:00:00Z,1,1,2,False,0,0,0,0,0,0,0,0,0,0,0,0,0,0.0,0.0,0.0,0.0,0,0,0,0,0,0.00,0.00,0.00,0.00,50,-922,2226,54,976,77,Adli,MID,3,BOU,EVE
77,27,17,0,False,2026-09-05T11:30:00Z,2,2,3,False,0,0,0,0,0,0,0,0,0,0,0,0,0,0.0,0.0,0.0,0.0,0,0,0,0,0,0.00,0.00,0.00,0.00,49,-491,1803,136,627,77,Adli,MID,3,BOU,NEW
77,32,4,0,True,2026-09-12T14:00:00Z,2,2,4,False,0,0,0,0,0,0,0,0,0,0,0,0,0,0.0,0.0,0.0,0.0,0,0,0,0,0,0.00,0.00,0.00,0.00,49,-275,1557,54,329,77,Adli,MID,3,BOU,BRE
77,49,14,0,True,2026-09-20T13:00:00Z,0,1,5,False,0,0,0,0,0,0,0,0,0,0,0,0,0,0.0,0.0,0.0,0.0,0,0,0,0,0,0.00,0.00,0.00,0.00,49,-184,1387,25,209,77,Adli,MID,3,BOU,LIV
78,8,15,0,False,2026-08-23T13:00:00Z,2,1,1,False,0,0,0,0,0,0,0,0,0,0,0,0,0,0.0,0.0,0.0,0.0,0,0,0,0,0,0.00,0.00,0.00,0.00,75,0,42378,0,0,78,Kroupi.Jr,MID,3,BOU,MCI
78,12,9,0,True,2026-08-29T14:00:00Z,1,1,2,False,0,0,0,0,0,0,0,0,0,0,0,0,0,0.0,0.0,0.0,0.0,0,0,0,0,0,0.00,0.00,0.00,0.00,75,-12946,30734,462,13408,78,Kroupi.Jr,MID,3,BOU,EVE
78,27,17,0,False,2026-09-05T11:30:00Z,2,2,3,False,0,0,0,0,0,0,0,0,0,0,0,0,0,0.0,0.0,0.0,0.0,0,0,0,0,0,0.00,0.00,0.00,0.00,74,-7714,23655,246,7960,78,Kroupi.Jr,MID,3,BOU,NEW
78,32,4,0,True,2026-09-12T14:00:00Z,2,2,4,False,0,0,0,0,0,0,0,0,0,0,0,0,0,0.0,0.0,0.0,0.0,0,0,0,0,0,0.00,0.00,0.00,0.00,74,-3124,21026,197,3321,78,Kroupi.Jr,MID,3,BOU,BRE
78,49,14,0,True,2026-09-20T13:00:00Z,0,1,5,False,0,0,0,0,0,0,0,0,0,0,0,0,0,0.0,0.0,0.0,0.0,0,0,0,0,0,0.00,0.00,0.00,0.00,74,-1688,19554,141,1829,78,Kroupi.Jr,MID,3,BOU,LIV
79,8,15,4,False,2026-08-23T13:00:00Z,2,1,1,False,74,0,1,1,0,0,0,0,1,0,0,0,17,19.4,11.9,2.0,3.3,4,3,1,8,1,0.00,0.21,0.21,1.94,60,0,200122,0,0,79,Evanilson,FWD,3,BOU,MCI
79,12,9,5,True,2026-08-29T14:00:00Z,1,1,2,False,80,0,1,1,0,0,0,0,0,0,0,0,11,15.0,22.2,22.0,5.9,1,2,0,3,1,0.58,0.04,0.62,1.67,60,53599,300527,72625,19026,79,Evanilson,FWD,3,BOU,EVE
79,27,17,2,False,2026-09-05T11:30:00Z,2,2,3,False,90,0,0,0,2,0,0,0,0,0,0,0,4,3.2,5.1,21.0,2.9,4,3,0,7,1,0.13,0.01,0.14,0.71,60,26119,336364,69571,43452,79,Evanilson,FWD,3,BOU,NEW
79,32,4,5,True,2026-09-12T14:00:00Z,2,2,4,False,90,0,1,0,2,0,0,0,0,0,0,0,22,22.8,40.0,4.0,6.7,1,3,0,4,1,0.00,0.25,0.25,0.48,60,3494,349369,48861,45367,79,Evanilson,FWD,3,BOU,BRE
79,49,14,2,True,2026-09-20T13:00:00Z,0,1,5,False,90,0,0,0,1,0,0,0,0,0,0,0,12,11.0,3.4,50.0,6.4,1,2,2,5,1,0.16,0.01,0.17,1.65,60,-2578,350510,44404,46982,79,Evanilson,FWD,3,BOU,LIV
80,8,15,0,False,2026-08-23T13:00:00Z,2,1,1,False,0,0,0,0,0,0,0,0,0,0,0,0,0,0.0,0.0,0.0,0.0,0,0,0,0,0,0.00,0.00,0.00,0.00,55,0,3581,0,0,80,Enes Ünal,FWD,3,BOU,MCI
80,12,9,0,True,2026-08-29T14:00:00Z,1,1,2,False,0,0,0,0,0,0,0,0,0,0,0,0,0,0.0,0.0,0.0,0.0,0,0,0,0,0,0.00,0.00,0.00,0.00,55,-1070,2487,0,1070,80,Enes Ünal,FWD,3,BOU,EVE
80,27,17,0,False,2026-09-05T11:30:00Z,2,2,3,False,0,0,0,0,0,0,0,0,0,0,0,0,0,0.0,0.0,0.0,0.0,0,0,0,0,0,0.00,0.00,0.00,0.00,55,-522,1977,0,522,80,Enes Ünal,FWD,3,BOU,NEW
80,32,4,0,True,2026-09-12T14:00:00Z,2,2,4,False,0,0,0,0,0,0,0,0,0,0,0,0,0,0.0,0.0,0.0,0.0,0,0,0,0,0,0.00,0.00,0.00,0.00,55,-219,1781,0,219,80,Enes Ünal,FWD,3,BOU,BRE
80,49,14,0,True,2026-09-20T13:00:00Z,0,1,5,False,0,0,0,0,0,0,0,0,0,0,0,0,0,0.0,0.0,0.0,0.0,0,0,0,0,0,0.00,0.00,0.00,0.00,55,-121,1665,0,121,80,Enes Ünal,FWD,3,BOU,LIV
81,8,15,0,False,2026-08-23T13:00:00Z,2,1,1,False,0,0,0,0,0,0,0,0,0,0,0,0,0,0.0,0.0,0.0,0.0,0,0,0,0,0,0.00,0.00,0.00,0.00,60,0,9051,0,0,81,Rodríguez,FWD,3,BOU,MCI
81,12,9,1,True,2026-08-29T14:00:00Z,1,1,2,False,9,0,0,0,1,0,0,0,0,0,0,0,4,0.0,0.0,0.0,0.0,0,1,0,1,0,0.00,0.00,0.00,0.16,60,-182,11569,1000,1182,81,Rodríguez,FWD,3,BOU,EVE
81,27,17,0,False,2026-09-05T11:30:00Z,2,2,3,False,0,0,0,0,0,0,0,0,0,0,0,0,0,0.0,0.0,0.0,0.0,0,0,0,0,0,0.00,0.00,0.00,0.00,60,-398,12281,1521,1919,81,Rodríguez,FWD,3,BOU,NEW
81,32,4,1,True,2026-09-12T14:00:00Z,2,2,4,False,1,0,0,0,0,0,0,0,0,0,0,0,3,0.0,0.5,0.0,0.1,0,0,0,0,0,0.00,0.00,0.00,0.02,60,-409,12593,1247,1656,81,Rodríguez,FWD,3,BOU,BRE
81,49,14,0,True,2026-09-20T13:00:00Z,0,1,5,False,0,0,0,0,0,0,0,0,0,0,0,0,0,0.0,0.0,0.0,0.0,0,0,0,0,0,0.00,0.00,0.00,0.00,60,-435,12687,939,1374,81,Rodríguez,FWD,3,BOU,LIV
566,8,15,2,False,2026-08-23T13:00:00Z,2,1,1,False,90,0,0,0,2,0,0,0,1,0,0,0,5,31.4,0.3,0.0,3.2,13,1,0,13,1,0.00,0.00,0.00,2.25,50,0,23702,0,0,566,Silva,DEF,3,BOU,MCI
566,12,9,4,True,2026-08-29T14:00:00Z,1,1,2,False,90,0,0,0,1,0,0,0,0,0,0,0,11,18.6,1.8,13.0,3.3,8,4,2,10,1,0.25,0.03,0.28,1.84,50,5175,36812,7365,2190,566,Silva,DEF,3,BOU,EVE
566,27,17,1,False,2026-09-05T11:30:00Z,2,2,3,False,90,0,0,0,2,0,0,0,0,0,0,0,8,23.8,1.2,17.0,4.2,7,2,1,8,1,0.02,0.01,0.03,0.71,50,3048,43269,9722,6674,566,Silva,DEF,3,BOU,NEW
566,32,4,3,True,2026-09-12T14:00:00Z,2,2,4,False,90,0,0,0,2,0,0,0,0,0,0,0,-2,18.0,5.3,11.0,3.4,10,5,0,10,1,0.58,0.23,0.81,0.50,50,-299,44292,5703,6002,566,Silva,DEF,3,BOU,BRE
566,49,14,3,True,2026-09-20T13:00:00Z,0,1,5,False,90,0,0,0,1,0,0,0,1,0,0,0,8,32.8,1.5,2.0,3.6,13,2,2,15,1,0.00,0.02,0.02,1.65,50,-3903,40509,2672,6575,566,Silva,DEF,3,BOU,LIV
573,8,15,0,False,2026-08-23T13:00:00Z,2,1,1,False,0,0,0,0,0,0,0,0,0,0,0,0,0,0.0,0.0,0.0,0.0,0,0,0,0,0,0.00,0.00,0.00,0.00,45,0,18342,0,0,573,Sanchez,DEF,3,BOU,MCI
573,12,9,0,True,2026-08-29T14:00:00Z,1,1,2,False,0,0,0,0,0,0,0,0,0,0,0,0,0,0.0,0.0,0.0,0.0,0,0,0,0,0,0.00,0.00,0.00,0.00,45,-1013,21445,452,1465,573,Sanchez,DEF,3,BOU,EVE
573,27,17,0,False,2026-09-05T11:30:00Z,2,2,3,False,0,0,0,0,0,0,0,0,0,0,0,0,0,0.0,0.0,0.0,0.0,0,0,0,0,0,0.00,0.00,0.00,0.00,45,-1920,19900,369,2289,573,Sanchez,DEF,3,BOU,NEW
573,32,4,0,True,2026-09-12T14:00:00Z,2,2,4,False,0,0,0,0,0,0,0,0,0,0,0,0,0,0.0,0.0,0.0,0.0,0,0,0,0,0,0.00,0.00,0.00,0.00,45,-1322,18893,285,1607,573,Sanchez,DEF,3,BOU,BRE
573,49,14,0,True,2026-09-20T13:00:00Z,0,1,5,False,0,0,0,0,0,0,0,0,0,0,0,0,0,0.0,0.0,0.0,0.0,0,0,0,0,0,0.00,0.00,0.00,0.00,44,-982,18099,314,1296,573,Sanchez,DEF,3,BOU,LIV
608,8,15,1,False,2026-08-23T13:00:00Z,2,1,1,False,15,0,0,0,2,0,0,0,0,0,0,0,6,3.4,0.8,17.0,2.1,0,1,0,1,0,0.10,0.00,0.10,0.31,50,0,0,0,0,608,Jebbison,FWD,3,BOU,MCI
608,12,9,0,True,2026-08-29T14:00:00Z,1,1,2,False,0,0,0,0,0,0,0,0,0,0,0,0,0,0.0,0.0,0.0,0.0,0,0,0,0,0,0.00,0.00,0.00,0.00,50,2056,4738,2477,421,608,Jebbison,FWD,3,BOU,EVE
608,27,17,1,False,2026-09-05T11:30:00Z,2,2,3,False,1,0,0,0,0,0,0,0,0,0,0,0,4,0.0,0.0,0.0,0.0,0,0,0,0,0,0.00,0.00,0.00,0.05,50,2512,9237,4510,1998,608,Jebbison,FWD,3,BOU,NEW
608,32,4,0,True,2026-09-12T14:00:00Z,2,2,4,False,0,0,0,0,0,0,0,0,0,0,0,0,0,0.0,0.0,0.0,0.0,0,0,0,0,0,0.00,0.00,0.00,0.00,50,1502,11375,3390,1888,608,Jebbison,FWD,3,BOU,BRE
608,49,14,1,True,2026-09-20T13:00:00Z,0,1,5,False,15,0,0,0,0,0,0,0,0,0,0,0,3,0.2,0.8,4.0,0.5,0,0,0,0,0,0.00,0.00,0.00,0.25,50,-62,11675,1986,2048,608,Jebbison,FWD,3,BOU,LIV
615,12,9,0,True,2026-08-29T14:00:00Z,1,1,2,False,0,0,0,0,0,0,0,0,0,0,0,0,0,0.0,0.0,0.0,0.0,0,0,0,0,0,0.00,0.00,0.00,0.00,45,214,593,241,27,615,Di Gregorio,GK,3,BOU,EVE
615,27,17,0,False,2026-09-05T11:30:00Z,2,2,3,False,0,0,0,0,0,0,0,0,0,0,0,0,0,0.0,0.0,0.0,0.0,0,0,0,0,0,0.00,0.00,0.00,0.00,45,949,2932,1404,455,615,Di Gregorio,GK,3,BOU,NEW
615,32,4,0,True,2026-09-12T14:00:00Z,2,2,4,False,0,0,0,0,0,0,0,0,0,0,0,0,0,0.0,0.0,0.0,0.0,0,0,0,0,0,0.00,0.00,0.00,0.00,45,229,3698,755,526,615,Di Gregorio,GK,3,BOU,BRE
615,49,14,0,True,2026-09-20T13:00:00Z,0,1,5,False,0,0,0,0,0,0,0,0,0,0,0,0,0,0.0,0.0,0.0,0.0,0,0,0,0,0,0.00,0.00,0.00,0.00,45,-198,3687,343,541,615,Di Gregorio,GK,3,BOU,LIV
82,2,19,7,True,2026-08-22T16:30:00Z,3,0,1,False,90,0,0,1,0,0,0,0,0,0,4,0,34,31.4,0.0,0.0,3.1,0,5,0,0,1,0.00,0.01,0.01,0.57,50,0,513912,0,0,82,Kelleher,GK,4,BRE,TOT
82,17,13,2,False,2026-08-30T13:00:00Z,1,1,2,False,90,0,0,0,1,0,0,0,0,0,1,0,7,9.4,0.0,0.0,0.9,2,4,0,0,1,0.00,0.00,0.00,1.46,50,54510,649790,74434,19924,82,Kelleher,GK,4,BRE,LEE
82,22,20,2,True,2026-09-05T14:00:00Z,1,1,3,False,90,0,0,0,1,0,0,0,0,0,2,0,10,16.8,0.0,0.0,1.7,2,6,0,0,1,0.00,0.00,0.00,1.71,50,54758,832099,113703,58945,82,Kelleher,GK,4,BRE,SUN
82,32,3,3,False,2026-09-12T14:00:00Z,2,2,4,False,90,0,0,0,2,0,0,0,0,0,8,0,19,44.0,0.0,0.0,4.4,1,11,0,0,1,0.00,0.00,0.00,1.75,50,-23973,702931,34374,58347,82,Kelleher,GK,4,BRE,BOU
82,41,6,6,True,2026-09-18T19:00:00Z,3,0,5,False,90,0,0,1,0,0,0,0,0,0,2,0,27,16.4,0.0,0.0,1.6,2,8,0,0,1,0.00,0.00,0.00,0.83,50,-53924,649762,9126,63050,82,Kelleher,GK,4,BRE,CHE
83,2,19,0,True,2026-08-22T16:30:00Z,3,0,1,False,0,0,0,0,0,0,0,0,0,0,0,0,0,0.0,0.0,0.0,0.0,0,0,0,0,0,0.00,0.00,0.00,0.00,45,0,9667,0,0,83,Valdimarsson,GK,4,BRE,TOT
83,17,13,0,False,2026-08-30T13:00:00Z,1,1,2,False,0,0,0,0,0,0,0,0,0,0,0,0,0,0.0,0.0,0.0,0.0,0,0,0,0,0,0.00,0.00,0.00,0.00,45,-248,10896,642,890,83,Valdimarsson,GK,4,BRE,LEE
83,22,20,0,True,2026-09-05T14:00:00Z,1,1,3,False,0,0,0,0,0,0,0,0,0,0,0,0,0,0.0,0.0,0.0,0.0,0,0,0,0,0,0.00,0.00,0.00,0.00,45,-432,11246,975,1407,83,Valdimarsson,GK,4,BRE,SUN
83,32,3,0,False,2026-09-12T14:00:00Z,2,2,4,False,0,0,0,0,0,0,0,0,0,0,0,0,0,0.0,0.0,0.0,0.0,0,0,0,0,0,0.00,0.00,0.00,0.00,45,-438,10856,631,1069,83,Valdimarsson,GK,4,BRE,BOU
83,41,6,0,True,2026-09-18T19:00:00Z,3,0,5,False,0,0,0,0,0,0,0,0,0,0,0,0,0,0.0,0.0,0.0,0.0,0,0,0,0,0,0.00,0.00,0.00,0.00,45,-567,10440,317,884,83,Valdimarsson,GK,4,BRE,CHE
84,2,19,6,True,2026-08-22T16:30:00Z,3,0,1,False,90,0,0,1,0,0,0,0,0,0,0,0,21,11.6,21.5,17.0,5.0,3,3,0,3,1,0.34,0.04,0.38,0.57,55,0,156847,0,0,84,Collins,DEF,4,BRE,TOT
84,17,13,3,False,2026-08-30T13:00:00Z,1,1,2,False,90,0,0,0,1,0,0,0,1,0,0,0,14,28.0,0.9,34.0,6.3,11,8,2,13,1,0.17,0.01,0.18,1.46,55,15716,207535,25089,9373,84,Collins,DEF,4,BRE,LEE
84,22,20,1,True,2026-09-05T14:00:00Z,1,1,3,False,16,0,0,0,0,0,0,0,0,0,0,0,4,1.0,0.0,0.0,0.1,1,0,0,1,1,0.00,0.00,0.00,0.10,55,11591,271484,32175,20584,84,Collins,DEF,4,BRE,SUN
84,32,3,0,False,2026-09-12T14:00:00Z,2,2,4,False,0,0,0,0,0,0,0,0,0,0,0,0,0,0.0,0.0,0.0,0.0,0,0,0,0,0,0.00,0.00,0.00,0.00,55,-76756,146784,1251,78007,84,Collins,DEF,4,BRE,BOU
84,41,6,0,True,2026-09-18T19:00:00Z,3,0,5,False,0,0,0,0,0,0,0,0,0,0,0,0,0,0.0,0.0,0.0,0.0,0,0,0,0,0,0.00,0.00,0.00,0.00,54,-39288,111916,104,39392,84,Collins,DEF,4,BRE,CHE
85,2,19,0,True,2026-08-22T16:30:00Z,3,0,1,False,0,0,0,0,0,0,0,0,0,0,0,0,0,0.0,0.0,0.0,0.0,0,0,0,0,0,0.00,0.00,0.00,0.00,50,0,14391,0,0,85,Van den Berg,DEF,4,BRE,TOT
85,17,13,0,False,2026-08-30T13:00:00Z,1,1,2,False,0,0,0,0,0,0,0,0,0,0,0,0,0,0.0,0.0,0.0,0.0,0,0,0,0,0,0.00,0.00,0.00,0.00,50,-3978,10710,145,4123,85,Van den Berg,DEF,4,BRE,LEE
85,22,20,0,True,2026-09-05T14:00:00Z,1,1,3,False,0,0,0,0,0,0,0,0,0,0,0,0,0,0.0,0.0,0.0,0.0,0,0,0,0,0,0.00,0.00,0.00,0.00,49,-2342,8510,121,2463,85,Van den Berg,DEF,4,BRE,SUN
85,32,3,0,False,2026-09-12T14:00:00Z,2,2,4,False,0,0,0,0,0,0,0,0,0,0,0,0,0,0.0,0.0,0.0,0.0,0,0,0,0,0,0.00,0.00,0.00,0.00,49,-1184,7443,70,1254,85,Van den Berg,DEF,4,BRE,BOU
85,41,6,0,True,2026-09-18T19:00:00Z,3,0,5,False,0,0,0,0,0,0,0,0,0,0,0,0,0,0.0,0.0,0.0,0.0,0,0,0,0,0,0.00,0.00,0.00,0.00,49,-729,6772,37,766,85,Van den Berg,DEF,4,BRE,CHE
86,2,19,10,True,2026-08-22T16:30:00Z,3,0,1,False,90,1,0,1,0,0,0,0,0,0,0,2,37,47.2,15.9,19.0,8.2,4,5,1,10,1,0.77,0.12,0.89,0.57,55,0,38558,0,0,86,Lewis-Potter,MID,4,BRE,TOT
86,17,13,6,False,2026-08-30T13:00:00Z,1,1,2,False,87,0,1,0,1,0,0,0,0,0,0,1,29,38.4,31.6,2.0,7.2,3,6,2,11,1,0.02,0.13,0.15,1.46,55,45826,116486,52542,6716,86,Lewis-Potter,MID,4,BRE,LEE
86,22,20,2,True,2026-09-05T14:00:00Z,1,1,3,False,90,0,0,0,1,0,0,0,0,0,0,0,4,8.2,45.1,22.0,7.5,4,1,1,6,1,0.24,0.40,0.64,1.71,55,74882,235201,101209,26327,86,Lewis-Potter,MID,4,BRE,SUN
86,32,3,1,False,2026-09-12T14:00:00Z,2,2,4,False,59,0,0,0,2,0,0,0,0,0,0,0,0,0.8,1.6,6.0,0.8,1,0,1,2,1,0.03,0.13,0.16,1.25,55,-6193,223550,26643,32836,86,Lewis-Potter,MID,4,BRE,BOU
86,41,6,3,True,2026-09-18T19:00:00Z,3,0,5,False,80,0,0,1,0,0,0,0,0,0,0,0,15,19.0,15.1,24.0,5.8,5,3,1,9,1,0.15,0.01,0.16,0.70,55,-36251,187862,6251,42502,86,Lewis-Potter,MID,4,BRE,CHE
87,2,19,8,True,2026-08-22T16:30:00Z,3,0,1,False,90,0,0,1,0,0,0,0,0,0,0,0,29,20.0,0.9,35.0,5.6,8,3,2,10,1,0.11,0.02,0.13,0.57,45,0,318142,0,0,87,Ajer,DEF,4,BRE,TOT
87,17,13,3,False,2026-08-30T13:00:00Z,1,1,2,False,90,0,0,0,1,0,0,0,1,0,0,0,7,37.8,21.0,2.0,6.1,17,2,0,17,1,0.00,0.01,0.01,1.46,45,56076,412431,69978,13902,87,Ajer,DEF,4,BRE,LEE
87,22,20,2,True,2026-09-05T14:00:00Z,1,1,3,False,90,0,0,0,1,0,0,0,0,0,0,0,8,11.8,0.3,0.0,1.2,5,2,0,5,1,0.00,0.00,0.00,1.71,45,112523,610187,174453,61930,87,Ajer,DEF,4,BRE,SUN
87,32,3,1,False,2026-09-12T14:00:00Z,2,2,4,False,90,0,0,0,2,0,0,0,0,0,0,0,0,15.2,0.5,8.0,2.4,7,1,2,9,1,0.02,0.00,0.02,1.75,45,-51781,479881,52109,103890,87,Ajer,DEF,4,BRE,BOU
87,41,6,7,True,2026-09-18T19:00:00Z,3,0,5,False,90,0,0,1,0,0,0,0,0,0,0,1,29,19.4,11.3,4.0,3.5,9,3,0,9,1,0.00,0.05,0.05,0.83,45,-65023,417707,8947,73970,87,Ajer,DEF,4,BRE,CHE
88,2,19,13,True,2026-08-22T16:30:00Z,3,0,1,False,75,1,0,1,0,0,0,0,0,0,0,1,36,33.8,1.5,46.0,8.1,4,5,0,4,1,0.50,0.00,0.50,0.47,45,0,282611,0,0,88,Kayode,DEF,4,BRE,TOT
88,17,13,2,False,2026-08-30T13:00:00Z,1,1,2,False,87,0,0,0,1,0,0,0,0,0,0,0,9,14.4,16.0,8.0,3.8,3,4,1,4,1,0.02,0.21,0.23,1.46,46,289643,778776,310803,21160,88,Kayode,DEF,4,BRE,LEE
88,22,20,1,True,2026-09-05T14:00:00Z,1,1,3,False,45,0,0,0,0,0,0,0,0,0,0,0,2,7.6,0.3,2.0,1.0,5,2,0,5,1,0.03,0.00,0.03,0.35,46,121903,1044649,201513,79610,88,Kayode,DEF,4,BRE,SUN
88,32,3,1,False,2026-09-12T14:00:00Z,2,2,4,False,19,0,0,0,0,0,0,0,0,0,0,0,5,5.4,14.1,0.0,2.0,1,1,0,1,0,0.00,0.15,0.15,0.41,46,-58707,934432,52146,110853,88,Kayode,DEF,4,BRE,BOU
88,41,6,6,True,2026-09-18T19:00:00Z,3,0,5,False,68,0,0,1,0,0,0,0,0,0,0,0,20,2.6,1.0,0.0,0.4,1,2,1,2,1,0.00,0.07,0.07,0.55,46,-116375,819720,18236,134611,88,Kayode,DEF,4,BRE,CHE
89,2,19,0,True,2026-08-22T16:30:00Z,3,0,1,False,0,0,0,0,0,0,0,0,0,0,0,0,0,0.0,0.0,0.0,0.0,0,0,0,0,0,0.00,0.00,0.00,0.00,45,0,22322,0,0,89,Henry,DEF,4,BRE,TOT
89,17,13,1,False,2026-08-30T13:00:00Z,1,1,2,False,2,0,0,0,0,0,0,0,0,0,0,0,3,0.0,0.0,0.0,0.0,0,0,0,0,0,0.00,0.00,0.00,0.00,45,-1602,24226,544,2146,89,Henry,DEF,4,BRE,LEE
89,22,20,0,True,2026-09-05T14:00:00Z,1,1,3,False,0,0,0,0,0,0,0,0,0,0,0,0,0,0.0,0.0,0.0,0.0,0,0,0,0,0,0.00,0.00,0.00,0.00,45,-1641,22909,561,2202,89,Henry,DEF,4,BRE,SUN
89,32,3,0,False,2026-09-12T14:00:00Z,2,2,4,False,0,0,0,0,0,0,0,0,0,0,0,0,0,0.0,0.0,0.0,0.0,0,0,0,0,0,0.00,0.00,0.00,0.00,45,-1693,21461,309,2002,89,Henry,DEF,4,BRE,BOU
89,41,6,0,True,2026-09-18T19:00:00Z,3,0,5,False,0,0,0,0,0,0,0,0,0,0,0,0,0,0.0,0.0,0.0,0.0,0,0,0,0,0,0.00,0.00,0.00,0.00,44,-1238,20442,410,1648,89,Henry,DEF,4,BRE,CHE
90,2,19,1,True,2026-08-22T16:30:00Z,3,0,1,False,14,0,0,0,0,0,0,0,0,0,0,0,2,0.0,0.3,0.0,0.0,0,2,0,0,0,0.00,0.00,0.00,0.10,45,0,5416,0,0,90,Hickey,DEF,4,BRE,TOT
90,17,13,1,False,2026-08-30T13:00:00Z,1,1,2,False,2,0,0,0,0,0,0,0,0,0,0,0,6,4.0,4.1,0.0,0.8,0,0,1,1,0,0.00,0.02,0.02,0.00,45,83,7643,623,540,90,Hickey,DEF,4,BRE,LEE
90,22,20,1,True,2026-09-05T14:00:00Z,1,1,3,False,45,0,0,0,1,0,0,0,0,0,0,0,0,7.6,1.0,0.0,0.9,4,2,1,5,0,0.00,0.00,0.00,1.36,45,-239,7835,653,892,90,Hickey,DEF,4,BRE,SUN
90,32,3,1,False,2026-09-12T14:00:00Z,2,2,4,False,70,0,0,0,2,0,0,0,0,0,0,0,4,10.0,2.1,6.0,1.8,5,4,2,7,1,0.03,0.03,0.06,1.33,45,-402,7602,309,711,90,Hickey,DEF,4,BRE,BOU
90,41,6,1,True,2026-09-18T19:00:00Z,3,0,5,False,21,0,0,0,0,0,0,0,0,0,0,0,5,11.2,0.3,0.0,1.2,4,0,0,4,0,0.00,0.01,0.01,0.28,45,-261,7505,329,590,90,Hickey,DEF,4,BRE,CHE
92,2,19,0,True,2026-08-22T16:30:00Z,3,0,1,False,0,0,0,0,0,0,0,0,0,0,0,0,0,0.0,0.0,0.0,0.0,0,0,0,0,0,0.00,0.00,0.00,0.00,45,0,1635,0,0,92,Ji-soo,DEF,4,BRE,TOT
92,17,13,0,False,2026-08-30T13:00:00Z,1,1,2,False,0,0,0,0,0,0,0,0,0,0,0,0,0,0.0,0.0,0.0,0.0,0,0,0,0,0,0.00,0.00,0.00,0.00,45,-86,1940,112,198,92,Ji-soo,DEF,4,BRE,LEE
92,22,20,0,True,2026-09-05T14:00:00Z,1,1,3,False,0,0,0,0,0,0,0,0,0,0,0,0,0,0.0,0.0,0.0,0.0,0,0,0,0,0,0.00,0.00,0.00,0.00,45,-133,1937,151,284,92,Ji-soo,DEF,4,BRE,SUN
92,32,3,0,False,2026-09-12T14:00:00Z,2,2,4,False,0,0,0,0,0,0,0,0,0,0,0,0,0,0.0,0.0,0.0,0.0,0,0,0,0,0,0.00,0.00,0.00,0.00,45,-125,1896,102,227,92,Ji-soo,DEF,4,BRE,BOU
92,41,6,0,True,2026-09-18T19:00:00Z,3,0,5,False,0,0,0,0,0,0,0,0,0,0,0,0,0,0.0,0.0,0.0,0.0,0,0,0,0,0,0.00,0.00,0.00,0.00,45,-94,1849,69,163,92,Ji-soo,DEF,4,BRE,CHE
93,2,19,0,True,2026-08-22T16:30:00Z,3,0,1,False,0,0,0,0,0,0,0,0,0,0,0,0,0,0.0,0.0,0.0,0.0,0,0,0,0,0,0.00,0.00,0.00,0.00,45,0,15125,0,0,93,Schuster,DEF,4,BRE,TOT
93,17,13,0,False,2026-08-30T13:00:00Z,1,1,2,False,0,0,0,0,0,0,0,0,0,0,0,0,0,0.0,0.0,0.0,0.0,0,0,0,0,0,0.00,0.00,0.00,0.00,45,-1064,16511,142,1206,93,Schuster,DEF,4,BRE,LEE
93,22,20,4,True,2026-09-05T14:00:00Z,1,1,3,False,73,0,0,0,1,0,0,0,0,0,0,0,11,17.2,0.2,4.0,2.1,10,0,0,10,0,0.10,0.01,0.11,1.61,45,-1306,15267,166,1472,93,Schuster,DEF,4,BRE,SUN
93,32,3,3,False,2026-09-12T14:00:00Z,2,2,4,False,90,0,0,0,2,0,0,0,0,0,0,0,5,22.2,0.5,8.0,3.1,10,3,2,12,1,0.00,0.01,0.01,1.75,45,170,15722,905,735,93,Schuster,DEF,4,BRE,BOU
93,41,6,14,True,2026-09-18T19:00:00Z,3,0,5,False,90,0,1,1,0,0,0,0,0,0,0,3,43,53.0,10.8,4.0,6.8,15,3,1,16,1,0.00,0.52,0.52,0.83,45,-726,15098,349,1075,93,Schuster,DEF,4,BRE,CHE
94,2,19,3,True,2026-08-22T16:30:00Z,3,0,1,False,90,0,0,1,0,0,0,0,0,0,0,0,17,14.4,11.8,59.0,8.5,1,5,3,9,1,0.52,0.01,0.53,0.57,60,0,330810,0,0,94,Schade,MID,4,BRE,TOT
94,17,13,10,False,2026-08-30T13:00:00Z,1,1,2,False,87,1,0,0,1,0,0,0,0,0,0,3,34,45.6,11.1,34.0,9.1,3,4,2,9,1,0.25,0.02,0.27,1.46,60,-791,344201,24998,25789,94,Schade,MID,4,BRE,LEE
94,22,20,2,True,2026-09-05T14:00:00Z,1,1,3,False,90,0,0,0,1,0,0,0,0,0,0,0,11,4.0,13.3,8.0,2.5,0,5,0,5,1,0.00,0.17,0.17,1.71,60,92782,492340,140288,47506,94,Schade,MID,4,BRE,SUN
94,32,3,15,False,2026-09-12T14:00:00Z,2,2,4,False,90,2,0,0,2,0,0,0,0,0,0,3,49,70.8,8.3,28.0,10.7,0,3,1,4,1,0.21,0.10,0.31,1.75,60,-59161,374153,28990,88151,94,Schade,MID,4,BRE,BOU
94,41,6,9,True,2026-09-18T19:00:00Z,3,0,5,False,90,0,2,1,0,0,0,0,0,0,0,0,27,11.4,3.5,31.0,4.6,2,4,1,7,1,0.54,0.02,0.56,0.83,61,367021,847173,425579,58558,94,Schade,MID,4,BRE,CHE
95,2,19,3,True,2026-08-22T16:30:00Z,3,0,1,False,66,0,0,1,0,0,0,0,0,0,0,0,6,1.0,30.8,15.0,4.7,2,4,0,6,1,0.05,0.29,0.34,0.47,65,0,105835,0,0,95,O.Dango,MID,4,BRE,TOT
95,17,13,1,False,2026-08-30T13:00:00Z,1,1,2,False,29,0,0,0,1,0,0,0,0,0,0,0,16,15.4,15.5,2.0,3.3,3,3,1,7,0,0.02,0.08,0.10,1.36,65,-3604,110686,7348,10952,95,O.Dango,MID,4,BRE,LEE
95,22,20,1,True,2026-09-05T14:00:00Z,1,1,3,False,45,0,0,0,0,0,0,0,0,0,0,0,6,6.8,11.3,0.0,1.8,3,7,1,11,1,0.00,0.01,0.01,0.35,65,-24974,85265,4607,29581,95,O.Dango,MID,4,BRE,SUN
95,32,3,1,False,2026-09-12T14:00:00Z,2,2,4,False,30,0,0,0,0,0,0,0,0,0,0,0,4,2.0,1.7,6.0,1.0,1,3,0,4,0,0.02,0.01,0.03,0.50,64,-22021,64766,1377,23398,95,O.Dango,MID,4,BRE,BOU
95,41,6,1,True,2026-09-18T19:00:00Z,3,0,5,False,9,0,0,0,0,0,0,0,0,0,0,0,2,0.2,0.0,0.0,0.0,0,0,0,0,0,0.00,0.00,0.00,0.13,63,-13619,52273,1029,14648,95,O.Dango,MID,4,BRE,CHE
96,2,19,1,True,2026-08-22T16:30:00Z,3,0,1,False,14,0,0,0,0,0,0,0,0,0,0,0,6,7.6,26.3,0.0,3.4,0,3,1,4,0,0.00,0.11,0.11,0.10,55,0,52929,0,0,96,Damsgaard,MID,4,BRE,TOT
96,17,13,3,False,2026-08-30T13:00:00Z,1,1,2,False,68,0,0,1,0,0,0,0,0,0,0,0,20,16.6,32.4,25.0,7.4,2,5,2,9,1,0.03,0.13,0.16,0.13,55,-5226,52568,2318,7544,96,Damsgaard,MID,4,BRE,LEE
96,22,20,8,True,2026-09-05T14:00:00Z,1,1,3,False,85,0,1,0,1,0,0,0,0,0,0,3,30,10.0,28.5,6.0,4.5,1,3,0,4,1,0.00,0.21,0.21,1.63,55,-3734,49863,3933,7667,96,Damsgaard,MID,4,BRE,SUN
96,32,3,1,False,2026-09-12T14:00:00Z,2,2,4,False,30,0,0,0,0,0,0,0,0,0,0,0,3,0.0,7.8,6.0,1.3,1,3,0,4,0,0.10,0.00,0.10,0.50,55,807,51791,5734,4927,96,Damsgaard,MID,4,BRE,BOU
96,41,6,3,True,2026-09-18T19:00:00Z,3,0,5,False,86,0,0,1,0,0,0,0,0,0,0,0,15,13.2,23.2,5.0,4.1,2,4,4,10,1,0.04,0.28,0.32,0.70,54,-6452,45391,1526,7978,96,Damsgaard,MID,4,BRE,CHE
97,2,19,6,True,2026-08-22T16:30:00Z,3,0,1,False,66,0,1,1,0,0,0,0,0,0,0,0,22,12.6,46.2,13.0,7.2,0,3,2,5,1,0.08,0.34,0.42,0.47,55,0,16245,0,0,97,Jensen,MID,4,BRE,TOT
97,17,13,0,False,2026-08-30T13:00:00Z,1,1,2,False,0,0,0,0,0,0,0,0,0,0,0,0,0,0.0,0.0,0.0,0.0,0,0,0,0,0,0.00,0.00,0.00,0.00,55,2521,22961,3858,1337,97,Jensen,MID,4,BRE,LEE
97,22,20,0,True,2026-09-05T14:00:00Z,1,1,3,False,0,0,0,0,0,0,0,0,0,0,0,0,0,0.0,0.0,0.0,0.0,0,0,0,0,0,0.00,0.00,0.00,0.00,55,-6340,16413,569,6909,97,Jensen,MID,4,BRE,SUN
97,32,3,0,False,2026-09-12T14:00:00Z,2,2,4,False,0,0,0,0,0,0,0,0,0,0,0,0,0,0.0,0.0,0.0,0.0,0,0,0,0,0,0.00,0.00,0.00,0.00,54,-4249,12497,42,4291,97,Jensen,MID,4,BRE,BOU
97,41,6,0,True,2026-09-18T19:00:00Z,3,0,5,False,0,0,0,0,0,0,0,0,0,0,0,0,0,0.0,0.0,0.0,0.0,0,0,0,0,0,0.00,0.00,0.00,0.00,54,-1881,10766,16,1897,97,Jensen,MID,4,BRE,CHE
98,2,19,9,True,2026-08-22T16:30:00Z,3,0,1,False,90,1,0,1,0,0,0,0,1,0,0,0,35,53.2,38.8,24.0,11.6,6,3,4,13,1,0.39,0.17,0.56,0.57,50,0,9018,0,0,98,Janelt,MID,4,BRE,TOT
98,17,13,1,False,2026-08-30T13:00:00Z,1,1,2,False,90,0,0,0,1,0,0,0,1,0,0,0,11,16.4,35.4,4.0,5.6,5,2,3,10,1,0.00,0.14,0.14,1.46,50,29474,49684,33759,4285,98,Janelt,MID,4,BRE,LEE
98,22,20,11,True,2026-09-05T14:00:00Z,1,1,3,False,90,1,0,0,1,0,0,0,1,0,0,3,30,48.0,3.1,17.0,6.8,3,5,4,12,1,0.11,0.01,0.12,1.71,50,16015,69448,29605,13590,98,Janelt,MID,4,BRE,SUN
98,32,3,4,False,2026-09-12T14:00:00Z,2,2,4,False,90,0,0,0,2,0,0,0,0,0,0,0,20,28.4,14.4,0.0,4.3,11,6,3,20,1,0.00,0.08,0.08,1.75,50,139007,266936,176461,37454,98,Janelt,MID,4,BRE,BOU
98,41,6,3,True,2026-09-18T19:00:00Z,3,0,5,False,90,0,0,1,0,0,0,0,0,0,0,0,13,18.0,5.8,2.0,2.6,2,4,3,9,1,0.03,0.04,0.07,0.83,50,13473,273119,47235,33762,98,Janelt,MID,4,BRE,CHE
99,2,19,0,True,2026-08-22T16:30:00Z,3,0,1,False,0,0,0,0,0,0,0,0,0,0,0,0,0,0.0,0.0,0.0,0.0,0,0,0,0,0,0.00,0.00,0.00,0.00,50,0,187,0,0,99,Milambo,MID,4,BRE,TOT
99,17,13,0,False,2026-08-30T13:00:00Z,1,1,2,False,0,0,0,0,0,0,0,0,0,0,0,0,0,0.0,0.0,0.0,0.0,0,0,0,0,0,0.00,0.00,0.00,0.00,50,-17,190,28,45,99,Milambo,MID,4,BRE,LEE
99,22,20,0,True,2026-09-05T14:00:00Z,1,1,3,False,0,0,0,0,0,0,0,0,0,0,0,0,0,0.0,0.0,0.0,0.0,0,0,0,0,0,0.00,0.00,0.00,0.00,50,-8,190,34,42,99,Milambo,MID,4,BRE,SUN
99,32,3,0,False,2026-09-12T14:00:00Z,2,2,4,False,0,0,0,0,0,0,0,0,0,0,0,0,0,0.0,0.0,0.0,0.0,0,0,0,0,0,0.00,0.00,0.00,0.00,50,-5,201,27,32,99,Milambo,MID,4,BRE,BOU
99,41,6,0,True,2026-09-18T19:00:00Z,3,0,5,False,0,0,0,0,0,0,0,0,0,0,0,0,0,0.0,0.0,0.0,0.0,0,0,0,0,0,0.00,0.00,0.00,0.00,50,-13,193,20,33,99,Milambo,MID,4,BRE,CHE
100,2,19,0,True,2026-08-22T16:30:00Z,3,0,1,False,0,0,0,0,0,0,0,0,0,0,0,0,0,0.0,0.0,0.0,0.0,0,0,0,0,0,0.00,0.00,0.00,0.00,50,0,1459,0,0,100,Carvalho,MID,4,BRE,TOT
100,17,13,0,False,2026-08-30T13:00:00Z,1,1,2,False,0,0,0,0,0,0,0,0,0,0,0,0,0,0.0,0.0,0.0,0.0,0,0,0,0,0,0.00,0.00,0.00,0.00,50,-91,1624,155,246,100,Carvalho,MID,4,BRE,LEE
100,22,20,0,True,2026-09-05T14:00:00Z,1,1,3,False,0,0,0,0,0,0,0,0,0,0,0,0,0,0.0,0.0,0.0,0.0,0,0,0,0,0,0.00,0.00,0.00,0.00,50,185,2107,543,358,100,Carvalho,MID,4,BRE,SUN
100,32,3,0,False,2026-09-12T14:00:00Z,2,2,4,False,0,0,0,0,0,0,0,0,0,0,0,0,0,0.0,0.0,0.0,0.0,0,0,0,0,0,0.00,0.00,0.00,0.00,50,3,2209,335,332,100,Carvalho,MID,4,BRE,BOU
100,41,6,6,True,2026-09-18T19:00:00Z,3,0,5,False,3,1,0,0,0,0,0,0,0,0,0,0,23,33.2,0.3,33.0,6.7,0,0,0,0,0,0.43,0.00,0.43,0.13,50,-77,2231,265,342,100,Carvalho,MID,4,BRE,CHE
102,2,19,1,True,2026-08-22T16:30:00Z,3,0,1,False,23,0,0,0,0,0,0,0,0,0,0,0,7,2.2,0.8,3.0,0.6,1,3,2,6,0,0.04,0.00,0.04,0.10,50,0,123741,0,0,102,Yarmoliuk,MID,4,BRE,TOT
102,17,13,1,False,2026-08-30T13:00:00Z,1,1,2,False,21,0,0,0,1,0,0,0,0,0,0,0,4,3.0,12.5,4.0,2.0,0,0,0,0,0,0.00,0.01,0.01,1.32,50,-12434,112295,745,13179,102,Yarmoliuk,MID,4,BRE,LEE
102,22,20,0,True,2026-09-05T14:00:00Z,1,1,3,False,45,0,0,0,1,0,0,0,1,0,0,0,1,2.4,3.4,2.0,0.8,1,3,1,5,0,0.03,0.02,0.05,1.36,49,-18230,93335,1076,19306,102,Yarmoliuk,MID,4,BRE,SUN
102,32,3,4,False,2026-09-12T14:00:00Z,2,2,4,False,59,0,1,0,2,0,0,0,0,0,0,0,19,22.0,22.8,4.0,4.9,2,3,0,5,1,0.00,0.21,0.21,1.25,49,-15709,78222,706,16415,102,Yarmoliuk,MID,4,BRE,BOU
102,41,6,3,True,2026-09-18T19:00:00Z,3,0,5,False,68,0,0,1,0,0,0,0,0,0,0,0,19,23.4,21.0,7.0,5.1,3,5,2,10,1,0.03,0.06,0.09,0.55,48,-7524,72210,1926,9450,102,Yarmoliuk,MID,4,BRE,CHE
103,2,19,0,True,2026-08-22T16:30:00Z,3,0,1,False,0,0,0,0,0,0,0,0,0,0,0,0,0,0.0,0.0,0.0,0.0,0,0,0,0,0,0.00,0.00,0.00,0.00,50,0,2396,0,0,103,Dasilva,MID,4,BRE,TOT
103,17,13,0,False,2026-08-30T13:00:00Z,1,1,2,False,0,0,0,0,0,0,0,0,0,0,0,0,0,0.0,0.0,0.0,0.0,0,0,0,0,0,0.00,0.00,0.00,0.00,50,-189,2549,164,353,103,Dasilva,MID,4,BRE,LEE
103,22,20,0,True,2026-09-05T14:00:00Z,1,1,3,False,0,0,0,0,0,0,0,0,0,0,0,0,0,0.0,0.0,0.0,0.0,0,0,0,0,0,0.00,0.00,0.00,0.00,50,-369,2280,180,549,103,Dasilva,MID,4,BRE,SUN
103,32,3,0,False,2026-09-12T14:00:00Z,2,2,4,False,0,0,0,0,0,0,0,0,0,0,0,0,0,0.0,0.0,0.0,0.0,0,0,0,0,0,0.00,0.00,0.00,0.00,49,-614,1675,36,650,103,Dasilva,MID,4,BRE,BOU
103,41,6,0,True,2026-09-18T19:00:00Z,3,0,5,False,0,0,0,0,0,0,0,0,0,0,0,0,0,0.0,0.0,0.0,0.0,0,0,0,0,0,0.00,0.00,0.00,0.00,49,-282,1428,11,293,103,Dasilva,MID,4,BRE,CHE
105,2,19,1,True,2026-08-22T16:30:00Z,3,0,1,False,23,0,0,0,0,0,0,0,0,0,0,0,9,10.6,34.9,1.0,4.7,0,6,2,8,0,0.03,0.35,0.38,0.10,60,0,14244,0,0,105,Anthony,MID,4,BRE,TOT
105,17,13,2,False,2026-08-30T13:00:00Z,1,1,2,False,60,0,0,1,0,0,0,0,1,0,0,0,4,3.2,25.9,15.0,4.4,0,1,0,1,1,0.11,0.06,0.17,0.09,60,-433,16949,1958,2391,105,Anthony,MID,4,BRE,LEE
105,22,20,1,True,2026-09-05T14:00:00Z,1,1,3,False,45,0,0,0,1,0,0,0,0,0,0,0,3,0.0,2.2,3.0,0.4,0,4,0,4,0,0.05,0.01,0.06,1.36,60,-1707,16152,1644,3351,105,Anthony,MID,4,BRE,SUN
105,32,3,1,False,2026-09-12T14:00:00Z,2,2,4,False,59,0,0,0,2,0,0,0,0,0,0,0,12,14.6,15.3,2.0,3.2,5,4,2,11,1,0.00,0.10,0.10,1.25,60,-1801,14724,761,2562,105,Anthony,MID,4,BRE,BOU
105,41,6,10,True,2026-09-18T19:00:00Z,3,0,5,False,80,1,0,1,0,0,0,0,0,0,0,2,31,36.6,11.0,37.0,8.5,1,1,0,2,1,0.96,0.02,0.98,0.70,59,-1462,13639,635,2097,105,Anthony,MID,4,BRE,CHE
106,2,19,0,True,2026-08-22T16:30:00Z,3,0,1,False,82,0,0,1,0,0,0,1,0,0,0,0,-3,2.2,4.0,8.0,1.4,1,4,0,5,1,1.00,0.08,1.08,0.50,80,0,1509299,0,0,106,Thiago,FWD,4,BRE,TOT
106,17,13,2,False,2026-08-30T13:00:00Z,1,1,2,False,90,0,0,0,1,0,0,0,0,0,0,0,2,2.4,6.2,55.0,6.4,0,3,1,4,1,0.80,0.01,0.81,1.46,80,-49395,1635017,91772,141167,106,Thiago,FWD,4,BRE,LEE
106,22,20,2,True,2026-09-05T14:00:00Z,1,1,3,False,90,0,0,0,1,0,0,0,0,0,0,0,9,16.0,1.4,43.0,6.0,3,2,1,6,1,0.50,0.01,0.51,1.71,80,-240730,1462107,72058,312788,106,Thiago,FWD,4,BRE,SUN
106,32,3,1,False,2026-09-12T14:00:00Z,2,2,4,False,90,0,0,0,2,0,0,0,1,0,0,0,3,0.0,16.0,10.0,2.4,0,1,0,1,1,0.11,0.03,0.14,1.75,79,-296868,1129976,24154,321022,106,Thiago,FWD,4,BRE,BOU
106,41,6,5,True,2026-09-18T19:00:00Z,3,0,5,False,90,1,0,1,0,0,0,0,1,0,0,0,26,28.2,16.0,30.0,7.4,0,2,1,3,1,0.72,0.03,0.75,0.83,78,-189492,958105,32439,221931,106,Thiago,FWD,4,BRE,CHE
107,2,19,0,True,2026-08-22T16:30:00Z,3,0,1,False,0,0,0,0,0,0,0,0,0,0,0,0,0,0.0,0.0,0.0,0.0,0,0,0,0,0,0.00,0.00,0.00,0.00,45,0,78000,0,0,107,Furo,FWD,4,BRE,TOT
107,17,13,0,False,2026-08-30T13:00:00Z,1,1,2,False,0,0,0,0,0,0,0,0,0,0,0,0,0,0.0,0.0,0.0,0.0,0,0,0,0,0,0.00,0.00,0.00,0.00,45,-252,89302,8191,8443,107,Furo,FWD,4,BRE,LEE
107,22,20,0,True,2026-09-05T14:00:00Z,1,1,3,False,0,0,0,0,0,0,0,0,0,0,0,0,0,0.0,0.0,0.0,0.0,0,0,0,0,0,0.00,0.00,0.00,0.00,45,13495,116698,27280,13785,107,Furo,FWD,4,BRE,SUN
107,32,3,0,False,2026-09-12T14:00:00Z,2,2,4,False,0,0,0,0,0,0,0,0,0,0,0,0,0,0.0,0.0,0.0,0.0,0,0,0,0,0,0.00,0.00,0.00,0.00,45,4526,119195,19067,14541,107,Furo,FWD,4,BRE,BOU
107,41,6,0,True,2026-09-18T19:00:00Z,3,0,5,False,0,0,0,0,0,0,0,0,0,0,0,0,0,0.0,0.0,0.0,0.0,0,0,0,0,0,0.00,0.00,0.00,0.00,45,-13858,104422,6535,20393,107,Furo,FWD,4,BRE,CHE
108,2,19,1,True,2026-08-22T16:30:00Z,3,0,1,False,7,0,0,0,0,0,0,0,0,0,0,0,4,2.2,10.3,5.0,1.8,0,0,0,0,0,0.03,0.04,0.07,0.07,55,0,30450,0,0,108,Wilson,FWD,4,BRE,TOT
108,17,13,1,False,2026-08-30T13:00:00Z,1,1,2,False,2,0,0,0,0,0,0,0,0,0,0,0,3,0.0,0.1,7.0,0.7,0,1,0,1,0,0.04,0.00,0.04,0.00,55,-457,37634,4351,4808,108,Wilson,FWD,4,BRE,LEE
108,22,20,1,True,2026-09-05T14:00:00Z,1,1,3,False,4,0,0,0,0,0,0,0,0,0,0,0,2,1.0,0.0,0.0,0.1,1,0,0,1,0,0.00,0.00,0.00,0.08,55,-1724,38790,5560,7284,108,Wilson,FWD,4,BRE,SUN
108,32,3,0,False,2026-09-12T14:00:00Z,2,2,4,False,0,0,0,0,0,0,0,0,0,0,0,0,0,0.0,0.0,0.0,0.0,0,0,0,0,0,0.00,0.00,0.00,0.00,55,-3164,36748,2767,5931,108,Wilson,FWD,4,BRE,BOU
108,41,6,0,True,2026-09-18T19:00:00Z,3,0,5,False,0,0,0,0,0,0,0,0,0,0,0,0,0,0.0,0.0,0.0,0.0,0,0,0,0,0,0.00,0.00,0.00,0.00,55,-4371,33179,1671,6042,108,Wilson,FWD,4,BRE,CHE
565,2,19,14,True,2026-08-22T16:30:00Z,3,0,1,False,75,0,2,1,0,0,0,0,0,0,0,3,41,31.6,21.8,21.0,7.4,4,7,2,13,1,0.05,0.33,0.38,0.47,55,0,294770,0,0,565,M.Sangaré,MID,4,BRE,TOT
565,17,13,4,False,2026-08-30T13:00:00Z,1,1,2,False,90,0,0,0,1,0,0,0,0,0,0,0,16,24.4,25.3,11.0,6.1,5,5,4,14,1,0.21,0.03,0.24,1.46,56,420422,902725,443762,23340,565,M.Sangaré,MID,4,BRE,LEE
565,22,20,0,True,2026-09-05T14:00:00Z,1,1,3,False,45,0,0,0,0,0,0,0,1,0,0,0,0,0.0,1.3,8.0,0.6,1,3,1,5,1,0.15,0.01,0.16,0.35,57,509396,1631469,639468,130072,565,M.Sangaré,MID,4,BRE,SUN
565,32,3,4,False,2026-09-12T14:00:00Z,2,2,4,False,90,0,0,0,2,0,0,0,0,0,0,0,19,18.2,9.4,0.0,2.8,1,6,6,13,1,0.00,0.28,0.28,1.75,57,-207682,1351673,106889,314571,565,M.Sangaré,MID,4,BRE,BOU
565,41,6,0,True,2026-09-18T19:00:00Z,3,0,5,False,21,0,0,0,0,0,0,0,1,0,0,0,0,2.2,0.0,0.0,0.2,1,1,1,3,0,0.00,0.00,0.00,0.28,57,-184737,1186508,29169,213906,565,M.Sangaré,MID,4,BRE,CHE
620,17,13,0,False,2026-08-30T13:00:00Z,1,1,2,False,0,0,0,0,0,0,0,0,0,0,0,0,0,0.0,0.0,0.0,0.0,0,0,0,0,0,0.00,0.00,0.00,0.00,45,563,817,600,37,620,Diouf,DEF,4,BRE,LEE
620,22,20,0,True,2026-09-05T14:00:00Z,1,1,3,False,0,0,0,0,0,0,0,0,0,0,0,0,0,0.0,0.0,0.0,0.0,0,0,0,0,0,0.00,0.00,0.00,0.00,45,6560,10083,9542,2982,620,Diouf,DEF,4,BRE,SUN
620,32,3,1,False,2026-09-12T14:00:00Z,2,2,4,False,30,0,0,0,0,0,0,0,0,0,0,0,4,3.4,1.0,0.0,0.4,1,1,0,1,0,0.00,0.01,0.01,0.50,45,-31,10030,1940,1971,620,Diouf,DEF,4,BRE,BOU
620,41,6,1,True,2026-09-18T19:00:00Z,3,0,5,False,9,0,0,0,0,0,0,0,0,0,0,0,3,2.2,0.3,0.0,0.3,1,0,0,1,0,0.00,0.00,0.00,0.13,45,-593,9701,1079,1672,620,Diouf,DEF,4,BRE,CHE
657,32,3,0,False,2026-09-12T14:00:00Z,2,2,4,False,0,0,0,0,0,0,0,0,0,0,0,0,0,0.0,0.0,0.0,0.0,0,0,0,0,0,0.00,0.00,0.00,0.00,45,0,0,0,0,657,Nunes,MID,4,BRE,BOU
657,41,6,0,True,2026-09-18T19:00:00Z,3,0,5,False,0,0,0,0,0,0,0,0,0,0,0,0,0,0.0,0.0,0.0,0.0,0,0,0,0,0,0.00,0.00,0.00,0.00,45,1349,2569,1742,393,657,Nunes,MID,4,BRE,CHE
660,41,6,0,True,2026-09-18T19:00:00Z,3,0,5,False,0,0,0,0,0,0,0,0,0,0,0,0,0,0.0,0.0,0.0,0.0,0,0,0,0,0,0.00,0.00,0.00,0.00,40,0,0,0,0,660,Fredrick,DEF,4,BRE,CHE
661,41,6,0,True,2026-09-18T19:00:00Z,3,0,5,False,0,0,0,0,0,0,0,0,0,0,0,0,0,0.0,0.0,0.0,0.0,0,0,0,0,0,0.00,0.00,0.00,0.00,40,0,0,0,0,661,Balcombe,GK,4,BRE,CHE
109,7,2,6,True,2026-08-23T13:00:00Z,4,0,1,False,90,0,0,1,0,0,0,0,0,0,0,0,25,6.6,0.0,0.0,0.7,0,4,0,0,1,0.00,0.00,0.00,0.29,45,0,1987586,0,0,109,Verbruggen,GK,5,BHA,AVL
109,16,6,0,False,2026-08-30T13:00:00Z,4,3,2,False,90,0,0,0,4,0,0,0,0,0,1,0,-1,10.2,0.0,0.0,1.0,0,14,0,0,1,0.00,0.00,0.00,2.93,45,39276,2133814,84756,45480,109,Verbruggen,GK,5,BHA,CHE
109,23,13,3,True,2026-09-05T14:00:00Z,1,1,3,False,90,0,0,0,1,0,0,0,0,0,3,0,17,29.2,3.0,0.0,3.2,0,5,0,0,1,0.00,0.20,0.20,2.49,45,114050,2293721,270948,156898,109,Verbruggen,GK,5,BHA,LEE
109,38,7,8,False,2026-09-13T13:00:00Z,0,5,4,False,90,0,0,1,0,0,0,0,0,0,6,0,39,47.8,0.0,0.0,4.8,3,7,0,0,1,0.00,0.00,0.00,1.33,45,51727,2390519,248699,196972,109,Verbruggen,GK,5,BHA,COV
109,42,1,6,True,2026-09-19T14:00:00Z,3,0,5,False,90,0,0,1,0,0,0,0,0,0,2,0,27,20.0,0.0,0.0,2.0,0,4,0,0,1,0.00,0.00,0.00,1.63,45,-47432,2292499,89072,136504,109,Verbruggen,GK,5,BHA,ARS
111,7,2,0,True,2026-08-23T13:00:00Z,4,0,1,False,0,0,0,0,0,0,0,0,0,0,0,0,0,0.0,0.0,0.0,0.0,0,0,0,0,0,0.00,0.00,0.00,0.00,40,0,369830,0,0,111,Steele,GK,5,BHA,AVL
111,16,6,0,False,2026-08-30T13:00:00Z,4,3,2,False,0,0,0,0,0,0,0,0,0,0,0,0,0,0.0,0.0,0.0,0.0,0,0,0,0,0,0.00,0.00,0.00,0.00,40,-3330,398691,10714,14044,111,Steele,GK,5,BHA,CHE
111,23,13,0,True,2026-09-05T14:00:00Z,1,1,3,False,0,0,0,0,0,0,0,0,0,0,0,0,0,0.0,0.0,0.0,0.0,0,0,0,0,0,0.00,0.00,0.00,0.00,40,27834,459848,62093,34259,111,Steele,GK,5,BHA,LEE
111,38,7,0,False,2026-09-13T13:00:00Z,0,5,4,False,0,0,0,0,0,0,0,0,0,0,0,0,0,0.0,0.0,0.0,0.0,0,0,0,0,0,0.00,0.00,0.00,0.00,40,10916,460442,46956,36040,111,Steele,GK,5,BHA,COV
111,42,1,0,True,2026-09-19T14:00:00Z,3,0,5,False,0,0,0,0,0,0,0,0,0,0,0,0,0,0.0,0.0,0.0,0.0,0,0,0,0,0,0.00,0.00,0.00,0.00,40,-988,463243,20424,21412,111,Steele,GK,5,BHA,ARS
113,7,2,0,True,2026-08-23T13:00:00Z,4,0,1,False,0,0,0,0,0,0,0,0,0,0,0,0,0,0.0,0.0,0.0,0.0,0,0,0,0,0,0.00,0.00,0.00,0.00,45,0,265528,0,0,113,F.Kadıoğlu,DEF,5,BHA,AVL
113,16,6,0,False,2026-08-30T13:00:00Z,4,3,2,False,90,0,0,0,4,0,0,0,0,0,0,0,-4,2.8,16.7,8.0,2.8,0,2,0,0,1,0.02,0.01,0.03,2.93,45,-48824,221172,2580,51404,113,F.Kadıoğlu,DEF,5,BHA,CHE
113,23,13,2,True,2026-09-05T14:00:00Z,1,1,3,False,77,0,0,0,1,0,0,0,0,0,0,0,8,12.6,12.5,19.0,4.4,4,2,1,5,1,0.06,0.01,0.07,2.40,44,-19909,203285,12724,32633,113,F.Kadıoğlu,DEF,5,BHA,LEE
113,38,7,6,False,2026-09-13T13:00:00Z,0,5,4,False,90,0,0,1,0,0,0,0,0,0,0,0,24,6.4,15.4,0.0,2.2,2,1,0,2,1,0.00,0.09,0.09,1.33,44,-18414,186000,6832,25246,113,F.Kadıoğlu,DEF,5,BHA,COV
113,42,1,5,True,2026-09-19T14:00:00Z,3,0,5,False,75,0,0,1,0,0,0,0,1,0,0,0,18,9.4,13.5,5.0,2.8,3,3,0,3,1,0.04,0.02,0.06,0.89,44,-13983,170937,4277,18260,113,F.Kadıoğlu,DEF,5,BHA,ARS
114,7,2,6,True,2026-08-23T13:00:00Z,4,0,1,False,90,0,0,1,0,0,0,0,0,0,0,0,29,15.2,7.3,6.0,2.9,5,4,1,6,1,0.00,0.04,0.04,0.29,45,0,19109,0,0,114,Boscagli,DEF,5,BHA,AVL
114,16,6,-1,False,2026-08-30T13:00:00Z,4,3,2,False,90,0,0,0,4,0,0,0,1,0,0,0,-2,16.8,26.6,11.0,5.4,3,2,0,3,1,0.05,0.11,0.16,2.93,45,2544,26909,4103,1559,114,Boscagli,DEF,5,BHA,CHE
114,23,13,2,True,2026-09-05T14:00:00Z,1,1,3,False,90,0,0,0,1,0,0,0,0,0,0,0,17,20.6,62.3,0.0,8.3,4,4,0,4,1,0.00,0.33,0.33,2.49,45,2298,31479,6293,3995,114,Boscagli,DEF,5,BHA,LEE
114,38,7,6,False,2026-09-13T13:00:00Z,0,5,4,False,77,0,0,1,0,0,0,0,0,0,0,0,25,11.6,14.3,2.0,2.8,8,5,1,9,1,0.01,0.03,0.04,1.11,45,-585,30469,2439,3024,114,Boscagli,DEF,5,BHA,COV
114,42,1,6,True,2026-09-19T14:00:00Z,3,0,5,False,90,0,0,1,0,0,0,0,0,0,0,0,24,13.0,5.2,2.0,2.0,5,2,2,7,1,0.01,0.02,0.03,1.63,45,-1117,28873,1382,2499,114,Boscagli,DEF,5,BHA,ARS
115,7,2,17,True,2026-08-23T13:00:00Z,4,0,1,False,77,1,1,1,0,0,0,0,0,0,0,2,46,40.6,45.3,43.0,12.9,1,3,3,4,1,1.47,0.21,1.68,0.29,45,0,151636,0,0,115,De Cuyper,DEF,5,BHA,AVL
115,16,6,0,False,2026-08-30T13:00:00Z,4,3,2,False,90,0,0,0,4,0,0,0,0,0,0,0,-2,8.8,23.7,5.0,3.8,2,3,0,2,1,0.03,0.05,0.08,2.93,46,473840,847829,494998,21158,115,De Cuyper,DEF,5,BHA,CHE
115,23,13,4,True,2026-09-05T14:00:00Z,1,1,3,False,76,0,1,0,1,0,0,0,1,0,0,0,17,19.6,22.1,2.0,4.4,1,4,1,2,1,0.00,0.14,0.14,2.40,47,762031,1978466,871841,109810,115,De Cuyper,DEF,5,BHA,LEE
115,38,7,11,False,2026-09-13T13:00:00Z,0,5,4,False,90,0,1,1,0,0,0,0,0,0,0,2,41,24.8,46.9,3.0,7.5,1,4,0,1,1,0.03,0.04,0.07,1.33,48,509874,2489501,640942,131068,115,De Cuyper,DEF,5,BHA,COV
115,42,1,6,True,2026-09-19T14:00:00Z,3,0,5,False,90,0,0,1,0,0,0,0,1,0,0,1,30,14.6,33.8,4.0,5.2,3,4,4,7,1,0.02,0.23,0.25,1.63,49,287563,2649636,410558,122995,115,De Cuyper,DEF,5,BHA,ARS
116,7,2,6,True,2026-08-23T13:00:00Z,4,0,1,False,90,0,0,1,0,0,0,0,0,0,0,0,24,13.4,6.4,0.0,2.0,1,2,1,2,1,0.00,0.04,0.04,0.29,45,0,88762,0,0,116,Dunk,DEF,5,BHA,AVL
116,16,6,-1,False,2026-08-30T13:00:00Z,4,3,2,False,90,0,0,0,4,0,0,0,1,0,0,0,-4,14.8,2.0,0.0,1.7,2,4,1,3,1,0.00,0.01,0.01,2.93,45,8033,118436,13343,5310,116,Dunk,DEF,5,BHA,CHE
116,23,13,5,True,2026-09-05T14:00:00Z,1,1,3,False,90,0,0,0,1,0,0,0,0,0,0,1,20,30.8,1.9,4.0,3.7,12,5,0,12,1,0.00,0.01,0.01,2.49,45,6568,133493,20326,13758,116,Dunk,DEF,5,BHA,LEE
116,38,7,12,False,2026-09-13T13:00:00Z,0,5,4,False,90,1,0,1,0,0,0,0,0,0,0,0,39,57.2,4.3,7.0,6.9,5,2,1,6,1,0.03,0.03,0.06,1.33,45,9404,148520,19779,10375,116,Dunk,DEF,5,BHA,COV
116,42,1,0,True,2026-09-19T14:00:00Z,3,0,5,False,0,0,0,0,0,0,0,0,0,0,0,0,0,0.0,0.0,0.0,0.0,0,0,0,0,0,0.00,0.00,0.00,0.00,45,16492,165566,28113,11621,116,Dunk,DEF,5,BHA,ARS
117,7,2,0,True,2026-08-23T13:00:00Z,4,0,1,False,0,0,0,0,0,0,0,0,0,0,0,0,0,0.0,0.0,0.0,0.0,0,0,0,0,0,0.00,0.00,0.00,0.00,45,0,1583,0,0,117,Coppola,DEF,5,BHA,AVL
117,16,6,0,False,2026-08-30T13:00:00Z,4,3,2,False,0,0,0,0,0,0,0,0,0,0,0,0,0,0.0,0.0,0.0,0.0,0,0,0,0,0,0.00,0.00,0.00,0.00,45,-33,1892,191,224,117,Coppola,DEF,5,BHA,CHE
117,23,13,0,True,2026-09-05T14:00:00Z,1,1,3,False,0,0,0,0,0,0,0,0,0,0,0,0,0,0.0,0.0,0.0,0.0,0,0,0,0,0,0.00,0.00,0.00,0.00,45,-35,2029,261,296,117,Coppola,DEF,5,BHA,LEE
117,38,7,0,False,2026-09-13T13:00:00Z,0,5,4,False,0,0,0,0,0,0,0,0,0,0,0,0,0,0.0,0.0,0.0,0.0,0,0,0,0,0,0.00,0.00,0.00,0.00,45,-50,2061,180,230,117,Coppola,DEF,5,BHA,COV
117,42,1,0,True,2026-09-19T14:00:00Z,3,0,5,False,0,0,0,0,0,0,0,0,0,0,0,0,0,0.0,0.0,0.0,0.0,0,0,0,0,0,0.00,0.00,0.00,0.00,45,-33,2071,180,213,117,Coppola,DEF,5,BHA,ARS
118,7,2,0,True,2026-08-23T13:00:00Z,4,0,1,False,0,0,0,0,0,0,0,0,0,0,0,0,0,0.0,0.0,0.0,0.0,0,0,0,0,0,0.00,0.00,0.00,0.00,45,0,7195,0,0,118,Igor,DEF,5,BHA,AVL
118,16,6,0,False,2026-08-30T13:00:00Z,4,3,2,False,0,0,0,0,0,0,0,0,0,0,0,0,0,0.0,0.0,0.0,0.0,0,0,0,0,0,0.00,0.00,0.00,0.00,45,-404,8240,471,875,118,Igor,DEF,5,BHA,CHE
118,23,13,0,True,2026-09-05T14:00:00Z,1,1,3,False,0,0,0,0,0,0,0,0,0,0,0,0,0,0.0,0.0,0.0,0.0,0,0,0,0,0,0.00,0.00,0.00,0.00,45,-1451,7052,444,1895,118,Igor,DEF,5,BHA,LEE
118,38,7,0,False,2026-09-13T13:00:00Z,0,5,4,False,0,0,0,0,0,0,0,0,0,0,0,0,0,0.0,0.0,0.0,0.0,0,0,0,0,0,0.00,0.00,0.00,0.00,45,-1990,5099,0,1990,118,Igor,DEF,5,BHA,COV
118,42,1,0,True,2026-09-19T14:00:00Z,3,0,5,False,0,0,0,0,0,0,0,0,0,0,0,0,0,0.0,0.0,0.0,0.0,0,0,0,0,0,0.00,0.00,0.00,0.00,45,-883,4271,0,883,118,Igor,DEF,5,BHA,ARS
119,7,2,1,True,2026-08-23T13:00:00Z,4,0,1,False,26,0,0,0,0,0,0,0,0,0,0,0,7,8.2,1.9,18.0,2.8,3,0,1,4,0,0.12,0.00,0.12,0.10,45,0,2148,0,0,119,Costinha,DEF,5,BHA,AVL
119,16,6,0,False,2026-08-30T13:00:00Z,4,3,2,False,10,0,0,0,0,0,0,0,1,0,0,0,-1,0.0,0.3,0.0,0.0,0,0,0,0,0,0.00,0.00,0.00,0.04,45,59,3512,285,226,119,Costinha,DEF,5,BHA,CHE
119,23,13,1,True,2026-09-05T14:00:00Z,1,1,3,False,12,0,0,0,0,0,0,0,0,0,0,0,7,5.8,14.5,0.0,2.0,1,0,0,1,0,0.00,0.16,0.16,0.10,45,-72,3762,400,472,119,Costinha,DEF,5,BHA,LEE
119,38,7,1,False,2026-09-13T13:00:00Z,0,5,4,False,6,0,0,0,0,0,0,0,0,0,0,0,3,1.2,0.3,0.0,0.2,1,1,0,1,0,0.00,0.00,0.00,0.04,45,-117,3722,204,321,119,Costinha,DEF,5,BHA,COV
119,42,1,1,True,2026-09-19T14:00:00Z,3,0,5,False,14,0,0,0,0,0,0,0,0,0,0,0,2,1.2,3.0,0.0,0.4,1,0,0,1,0,0.00,0.14,0.14,0.74,45,-90,3724,216,306,119,Costinha,DEF,5,BHA,ARS
120,7,2,0,True,2026-08-23T13:00:00Z,4,0,1,False,0,0,0,0,0,0,0,0,0,0,0,0,0,0.0,0.0,0.0,0.0,0,0,0,0,0,0.00,0.00,0.00,0.00,50,0,3997,0,0,120,Svoboda,DEF,5,BHA,AVL
120,16,6,0,False,2026-08-30T13:00:00Z,4,3,2,False,0,0,0,0,0,0,0,0,0,0,0,0,0,0.0,0.0,0.0,0.0,0,0,0,0,0,0.00,0.00,0.00,0.00,50,84,5185,768,684,120,Svoboda,DEF,5,BHA,CHE
120,23,13,0,True,2026-09-05T14:00:00Z,1,1,3,False,0,0,0,0,0,0,0,0,0,0,0,0,0,0.0,0.0,0.0,0.0,0,0,0,0,0,0.00,0.00,0.00,0.00,50,-124,5613,863,987,120,Svoboda,DEF,5,BHA,LEE
120,38,7,0,False,2026-09-13T13:00:00Z,0,5,4,False,0,0,0,0,0,0,0,0,0,0,0,0,0,0.0,0.0,0.0,0.0,0,0,0,0,0,0.00,0.00,0.00,0.00,50,4,5997,898,894,120,Svoboda,DEF,5,BHA,COV
120,42,1,1,True,2026-09-19T14:00:00Z,3,0,5,False,4,0,0,0,0,0,0,0,0,0,0,0,5,2.4,0.0,0.0,0.2,0,1,1,1,0,0.00,0.00,0.00,0.14,50,-310,5657,647,957,120,Svoboda,DEF,5,BHA,ARS
121,7,2,0,True,2026-08-23T13:00:00Z,4,0,1,False,0,0,0,0,0,0,0,0,0,0,0,0,0,0.0,0.0,0.0,0.0,0,0,0,0,0,0.00,0.00,0.00,0.00,60,0,4360,0,0,121,Mitoma,MID,5,BHA,AVL
121,16,6,0,False,2026-08-30T13:00:00Z,4,3,2,False,0,0,0,0,0,0,0,0,0,0,0,0,0,0.0,0.0,0.0,0.0,0,0,0,0,0,0.00,0.00,0.00,0.00,60,-1078,4114,159,1237,121,Mitoma,MID,5,BHA,CHE
121,23,13,0,True,2026-09-05T14:00:00Z,1,1,3,False,0,0,0,0,0,0,0,0,0,0,0,0,0,0.0,0.0,0.0,0.0,0,0,0,0,0,0.00,0.00,0.00,0.00,60,-821,3542,130,951,121,Mitoma,MID,5,BHA,LEE
121,38,7,0,False,2026-09-13T13:00:00Z,0,5,4,False,0,0,0,0,0,0,0,0,0,0,0,0,0,0.0,0.0,0.0,0.0,0,0,0,0,0,0.00,0.00,0.00,0.00,59,-383,3299,74,457,121,Mitoma,MID,5,BHA,COV
121,42,1,0,True,2026-09-19T14:00:00Z,3,0,5,False,0,0,0,0,0,0,0,0,0,0,0,0,0,0.0,0.0,0.0,0.0,0,0,0,0,0,0.00,0.00,0.00,0.00,59,-229,3148,63,292,121,Mitoma,MID,5,BHA,ARS
122,7,2,0,True,2026-08-23T13:00:00Z,4,0,1,False,0,0,0,0,0,0,0,0,0,0,0,0,0,0.0,0.0,0.0,0.0,0,0,0,0,0,0.00,0.00,0.00,0.00,60,0,9337,0,0,122,Minteh,MID,5,BHA,AVL
122,16,6,0,False,2026-08-30T13:00:00Z,4,3,2,False,0,0,0,0,0,0,0,0,0,0,0,0,0,0.0,0.0,0.0,0.0,0,0,0,0,0,0.00,0.00,0.00,0.00,60,-3381,6199,140,3521,122,Minteh,MID,5,BHA,CHE
122,23,13,0,True,2026-09-05T14:00:00Z,1,1,3,False,0,0,0,0,0,0,0,0,0,0,0,0,0,0.0,0.0,0.0,0.0,0,0,0,0,0,0.00,0.00,0.00,0.00,59,-1839,4472,87,1926,122,Minteh,MID,5,BHA,LEE
122,38,7,0,False,2026-09-13T13:00:00Z,0,5,4,False,0,0,0,0,0,0,0,0,0,0,0,0,0,0.0,0.0,0.0,0.0,0,0,0,0,0,0.00,0.00,0.00,0.00,59,-716,3821,35,751,122,Minteh,MID,5,BHA,COV
122,42,1,0,True,2026-09-19T14:00:00Z,3,0,5,False,0,0,0,0,0,0,0,0,0,0,0,0,0,0.0,0.0,0.0,0.0,0,0,0,0,0,0.00,0.00,0.00,0.00,59,-448,3397,28,476,122,Minteh,MID,5,BHA,ARS
123,7,2,16,True,2026-08-23T13:00:00Z,4,0,1,False,63,2,0,1,0,0,0,0,0,0,0,3,54,72.8,13.4,59.0,14.5,0,1,2,3,1,1.41,0.02,1.43,0.19,60,0,39219,0,0,123,Hinshelwood,MID,5,BHA,AVL
123,16,6,0,False,2026-08-30T13:00:00Z,4,3,2,False,0,0,0,0,0,0,0,0,0,0,0,0,0,0.0,0.0,0.0,0.0,0,0,0,0,0,0.00,0.00,0.00,0.00,60,101743,230171,139828,38085,123,Hinshelwood,MID,5,BHA,CHE
123,23,13,0,True,2026-09-05T14:00:00Z,1,1,3,False,0,0,0,0,0,0,0,0,0,0,0,0,0,0.0,0.0,0.0,0.0,0,0,0,0,0,0.00,0.00,0.00,0.00,60,-92072,129183,6623,98695,123,Hinshelwood,MID,5,BHA,LEE
123,38,7,0,False,2026-09-13T13:00:00Z,0,5,4,False,0,0,0,0,0,0,0,0,0,0,0,0,0,0.0,0.0,0.0,0.0,0,0,0,0,0,0.00,0.00,0.00,0.00,60,-44735,91458,1042,45777,123,Hinshelwood,MID,5,BHA,COV
123,42,1,0,True,2026-09-19T14:00:00Z,3,0,5,False,0,0,0,0,0,0,0,0,0,0,0,0,0,0.0,0.0,0.0,0.0,0,0,0,0,0,0.00,0.00,0.00,0.00,59,-26541,66553,128,26669,123,Hinshelwood,MID,5,BHA,ARS
124,7,2,2,True,2026-08-23T13:00:00Z,4,0,1,False,90,0,0,1,0,0,0,0,1,0,0,0,18,21.0,56.9,8.0,8.6,0,2,3,5,1,0.00,0.27,0.27,0.29,55,0,1308033,0,0,124,Groß,MID,5,BHA,AVL
124,16,6,13,False,2026-08-30T13:00:00Z,4,3,2,False,90,1,1,0,4,0,0,0,0,0,0,3,46,47.8,33.2,23.0,10.4,2,3,1,6,1,0.05,0.11,0.16,2.93,55,-81694,1268429,24179,105873,124,Groß,MID,5,BHA,CHE
124,23,13,1,True,2026-09-05T14:00:00Z,1,1,3,False,90,0,0,0,1,0,0,0,1,0,0,0,-1,0.0,16.5,19.0,3.2,2,2,0,4,1,0.79,0.04,0.83,2.49,55,341111,1691790,448315,107204,124,Groß,MID,5,BHA,LEE
124,38,7,17,False,2026-09-13T13:00:00Z,0,5,4,False,90,1,2,1,0,0,0,0,0,0,0,3,56,83.8,79.1,18.0,18.1,2,2,2,6,1,0.82,0.19,1.01,1.33,56,72242,1745184,283590,211348,124,Groß,MID,5,BHA,COV
124,42,1,14,True,2026-09-19T14:00:00Z,3,0,5,False,90,1,1,1,0,0,0,0,0,0,0,3,47,58.4,30.3,16.0,10.5,3,1,1,5,1,0.11,0.25,0.36,1.63,57,499051,2264407,604409,105358,124,Groß,MID,5,BHA,ARS
125,7,2,5,True,2026-08-23T13:00:00Z,4,0,1,False,90,0,1,1,0,0,0,0,0,0,0,0,22,19.8,11.4,15.0,4.6,1,4,2,7,1,0.08,0.44,0.52,0.29,55,0,78765,0,0,125,Georginio,FWD,5,BHA,AVL
125,16,6,0,False,2026-08-30T13:00:00Z,4,3,2,False,0,0,0,0,0,0,0,0,0,0,0,0,0,0.0,0.0,0.0,0.0,0,0,0,0,0,0.00,0.00,0.00,0.00,55,8880,98683,23887,15007,125,Georginio,FWD,5,BHA,CHE
125,23,13,0,True,2026-09-05T14:00:00Z,1,1,3,False,0,0,0,0,0,0,0,0,0,0,0,0,0,0.0,0.0,0.0,0.0,0,0,0,0,0,0.00,0.00,0.00,0.00,55,-21930,74079,4546,26476,125,Georginio,FWD,5,BHA,LEE
125,38,7,0,False,2026-09-13T13:00:00Z,0,5,4,False,0,0,0,0,0,0,0,0,0,0,0,0,0,0.0,0.0,0.0,0.0,0,0,0,0,0,0.00,0.00,0.00,0.00,54,-17412,58474,1249,18661,125,Georginio,FWD,5,BHA,COV
125,42,1,1,True,2026-09-19T14:00:00Z,3,0,5,False,14,0,0,0,0,0,0,0,0,0,0,0,2,0.4,0.3,4.0,0.5,0,2,0,2,0,0.09,0.01,0.10,0.74,54,-10169,49762,2315,12484,125,Georginio,FWD,5,BHA,ARS
126,7,2,0,True,2026-08-23T13:00:00Z,4,0,1,False,0,0,0,0,0,0,0,0,0,0,0,0,0,0.0,0.0,0.0,0.0,0,0,0,0,0,0.00,0.00,0.00,0.00,55,0,8249,0,0,126,O'Riley,MID,5,BHA,AVL
126,16,6,0,False,2026-08-30T13:00:00Z,4,3,2,False,0,0,0,0,0,0,0,0,0,0,0,0,0,0.0,0.0,0.0,0.0,0,0,0,0,0,0.00,0.00,0.00,0.00,55,-696,10143,656,1352,126,O'Riley,MID,5,BHA,CHE
126,23,13,0,True,2026-09-05T14:00:00Z,1,1,3,False,0,0,0,0,0,0,0,0,0,0,0,0,0,0.0,0.0,0.0,0.0,0,0,0,0,0,0.00,0.00,0.00,0.00,55,-909,10276,1040,1949,126,O'Riley,MID,5,BHA,LEE
126,38,7,1,False,2026-09-13T13:00:00Z,0,5,4,False,6,0,0,0,0,0,0,0,0,0,0,0,4,2.2,10.5,0.0,1.3,0,1,0,1,0,0.00,0.01,0.01,0.04,55,-515,10605,901,1416,126,O'Riley,MID,5,BHA,COV
126,42,1,1,True,2026-09-19T14:00:00Z,3,0,5,False,4,0,0,0,0,0,0,0,0,0,0,0,2,6.0,0.0,19.0,2.5,2,0,0,2,0,0.28,0.00,0.28,0.14,54,-662,10353,577,1239,126,O'Riley,MID,5,BHA,ARS
127,7,2,6,True,2026-08-23T13:00:00Z,4,0,1,False,85,0,1,1,0,0,0,0,0,0,0,0,27,33.0,25.1,41.0,9.9,2,1,3,6,1,0.18,0.48,0.66,0.29,50,0,355972,0,0,127,Gomez,MID,5,BHA,AVL
127,16,6,5,False,2026-08-30T13:00:00Z,4,3,2,False,90,0,1,0,4,0,0,0,0,0,0,0,15,4.6,20.3,42.0,6.7,1,2,2,5,1,0.38,0.17,0.55,2.93,50,7080,380491,23952,16872,127,Gomez,MID,5,BHA,CHE
127,23,13,2,True,2026-09-05T14:00:00Z,1,1,3,False,90,0,0,0,1,0,0,0,0,0,0,0,13,15.2,26.4,30.0,7.2,2,4,3,9,1,0.09,0.05,0.14,2.49,50,117389,525464,177501,60112,127,Gomez,MID,5,BHA,LEE
127,38,7,3,False,2026-09-13T13:00:00Z,0,5,4,False,83,0,0,1,0,0,0,0,0,0,0,0,6,2.4,9.0,9.0,2.0,1,2,0,3,1,0.14,0.06,0.20,1.30,50,5076,522783,107677,102601,127,Gomez,MID,5,BHA,COV
127,42,1,8,True,2026-09-19T14:00:00Z,3,0,5,False,85,0,1,1,0,0,0,0,0,0,0,0,19,29.0,22.6,4.0,5.6,1,7,5,13,1,0.00,0.02,0.02,1.48,50,-68669,439801,13377,82046,127,Gomez,MID,5,BHA,ARS
128,7,2,0,True,2026-08-23T13:00:00Z,4,0,1,False,0,0,0,0,0,0,0,0,0,0,0,0,0,0.0,0.0,0.0,0.0,0,0,0,0,0,0.00,0.00,0.00,0.00,50,0,528,0,0,128,Buonanotte,MID,5,BHA,AVL
128,16,6,0,False,2026-08-30T13:00:00Z,4,3,2,False,0,0,0,0,0,0,0,0,0,0,0,0,0,0.0,0.0,0.0,0.0,0,0,0,0,0,0.00,0.00,0.00,0.00,50,-173,346,0,173,128,Buonanotte,MID,5,BHA,CHE
128,23,13,0,True,2026-09-05T14:00:00Z,1,1,3,False,0,0,0,0,0,0,0,0,0,0,0,0,0,0.0,0.0,0.0,0.0,0,0,0,0,0,0.00,0.00,0.00,0.00,50,-94,257,0,94,128,Buonanotte,MID,5,BHA,LEE
128,38,7,0,False,2026-09-13T13:00:00Z,0,5,4,False,0,0,0,0,0,0,0,0,0,0,0,0,0,0.0,0.0,0.0,0.0,0,0,0,0,0,0.00,0.00,0.00,0.00,50,-39,223,0,39,128,Buonanotte,MID,5,BHA,COV
128,42,1,0,True,2026-09-19T14:00:00Z,3,0,5,False,0,0,0,0,0,0,0,0,0,0,0,0,0,0.0,0.0,0.0,0.0,0,0,0,0,0,0.00,0.00,0.00,0.00,50,-17,206,0,17,128,Buonanotte,MID,5,BHA,ARS
129,7,2,2,True,2026-08-23T13:00:00Z,4,0,1,False,63,0,0,1,0,0,0,0,1,0,0,0,8,0.0,15.0,6.0,1.7,1,3,0,4,1,0.11,0.03,0.14,0.19,55,0,61091,0,0,129,Ayari,MID,5,BHA,AVL
129,16,6,0,False,2026-08-30T13:00:00Z,4,3,2,False,0,0,0,0,0,0,0,0,0,0,0,0,0,0.0,0.0,0.0,0.0,0,0,0,0,0,0.00,0.00,0.00,0.00,55,-4277,62632,3334,7611,129,Ayari,MID,5,BHA,CHE
129,23,13,2,True,2026-09-05T14:00:00Z,1,1,3,False,90,0,0,0,1,0,0,0,0,0,0,0,18,11.4,14.8,18.0,4.4,1,2,0,3,1,0.17,0.04,0.21,2.49,54,-19892,42114,1443,21335,129,Ayari,MID,5,BHA,LEE
129,38,7,8,False,2026-09-13T13:00:00Z,0,5,4,False,90,1,0,1,0,0,0,0,0,0,0,0,38,39.0,6.8,27.0,7.3,0,6,1,7,1,0.31,0.03,0.34,1.33,54,-4206,39911,2011,6217,129,Ayari,MID,5,BHA,COV
129,42,1,3,True,2026-09-19T14:00:00Z,3,0,5,False,90,0,0,1,0,0,0,0,0,0,0,0,7,5.6,12.3,17.0,3.5,2,4,1,7,1,0.11,0.08,0.19,1.63,54,-939,39428,3453,4392,129,Ayari,MID,5,BHA,ARS
130,7,2,7,True,2026-08-23T13:00:00Z,4,0,1,False,77,0,0,1,0,0,0,0,0,0,0,1,32,16.6,26.3,6.0,4.9,4,5,4,8,1,0.09,0.05,0.14,0.29,50,0,22925,0,0,130,Wieffer,DEF,5,BHA,AVL
130,16,6,0,False,2026-08-30T13:00:00Z,4,3,2,False,79,0,0,0,4,0,0,0,0,0,0,0,6,20.4,9.2,4.0,3.4,7,4,0,7,1,0.03,0.08,0.11,2.89,50,10371,43921,13428,3057,130,Wieffer,DEF,5,BHA,CHE
130,23,13,0,True,2026-09-05T14:00:00Z,1,1,3,False,0,0,0,0,0,0,0,0,0,0,0,0,0,0.0,0.0,0.0,0.0,0,0,0,0,0,0.00,0.00,0.00,0.00,50,-473,46414,12362,12835,130,Wieffer,DEF,5,BHA,LEE
130,38,7,0,False,2026-09-13T13:00:00Z,0,5,4,False,0,0,0,0,0,0,0,0,0,0,0,0,0,0.0,0.0,0.0,0.0,0,0,0,0,0,0.00,0.00,0.00,0.00,50,-18513,26541,68,18581,130,Wieffer,DEF,5,BHA,COV
130,42,1,0,True,2026-09-19T14:00:00Z,3,0,5,False,0,0,0,0,0,0,0,0,0,0,0,0,0,0.0,0.0,0.0,0.0,0,0,0,0,0,0.00,0.00,0.00,0.00,49,-6902,20558,57,6959,130,Wieffer,DEF,5,BHA,ARS
132,7,2,0,True,2026-08-23T13:00:00Z,4,0,1,False,0,0,0,0,0,0,0,0,0,0,0,0,0,0.0,0.0,0.0,0.0,0,0,0,0,0,0.00,0.00,0.00,0.00,45,0,6770,0,0,132,Howell,MID,5,BHA,AVL
132,16,6,0,False,2026-08-30T13:00:00Z,4,3,2,False,0,0,0,0,0,0,0,0,0,0,0,0,0,0.0,0.0,0.0,0.0,0,0,0,0,0,0.00,0.00,0.00,0.00,45,-1532,5161,0,1532,132,Howell,MID,5,BHA,CHE
132,23,13,0,True,2026-09-05T14:00:00Z,1,1,3,False,0,0,0,0,0,0,0,0,0,0,0,0,0,0.0,0.0,0.0,0.0,0,0,0,0,0,0.00,0.00,0.00,0.00,45,-976,4183,0,976,132,Howell,MID,5,BHA,LEE
132,38,7,0,False,2026-09-13T13:00:00Z,0,5,4,False,0,0,0,0,0,0,0,0,0,0,0,0,0,0.0,0.0,0.0,0.0,0,0,0,0,0,0.00,0.00,0.00,0.00,45,-575,3658,0,575,132,Howell,MID,5,BHA,COV
132,42,1,0,True,2026-09-19T14:00:00Z,3,0,5,False,0,0,0,0,0,0,0,0,0,0,0,0,0,0.0,0.0,0.0,0.0,0,0,0,0,0,0.00,0.00,0.00,0.00,45,-395,3291,0,395,132,Howell,MID,5,BHA,ARS
133,7,2,0,True,2026-08-23T13:00:00Z,4,0,1,False,0,0,0,0,0,0,0,0,0,0,0,0,0,0.0,0.0,0.0,0.0,0,0,0,0,0,0.00,0.00,0.00,0.00,50,0,241,0,0,133,Watson,MID,5,BHA,AVL
133,16,6,0,False,2026-08-30T13:00:00Z,4,3,2,False,0,0,0,0,0,0,0,0,0,0,0,0,0,0.0,0.0,0.0,0.0,0,0,0,0,0,0.00,0.00,0.00,0.00,50,-56,182,0,56,133,Watson,MID,5,BHA,CHE
133,23,13,0,True,2026-09-05T14:00:00Z,1,1,3,False,0,0,0,0,0,0,0,0,0,0,0,0,0,0.0,0.0,0.0,0.0,0,0,0,0,0,0.00,0.00,0.00,0.00,50,-46,139,0,46,133,Watson,MID,5,BHA,LEE
133,38,7,0,False,2026-09-13T13:00:00Z,0,5,4,False,0,0,0,0,0,0,0,0,0,0,0,0,0,0.0,0.0,0.0,0.0,0,0,0,0,0,0.00,0.00,0.00,0.00,50,-19,122,0,19,133,Watson,MID,5,BHA,COV
133,42,1,0,True,2026-09-19T14:00:00Z,3,0,5,False,0,0,0,0,0,0,0,0,0,0,0,0,0,0.0,0.0,0.0,0.0,0,0,0,0,0,0.00,0.00,0.00,0.00,50,-10,112,0,10,133,Watson,MID,5,BHA,ARS
134,7,2,0,True,2026-08-23T13:00:00Z,4,0,1,False,0,0,0,0,0,0,0,0,0,0,0,0,0,0.0,0.0,0.0,0.0,0,0,0,0,0,0.00,0.00,0.00,0.00,45,0,24725,0,0,134,Oriola,MID,5,BHA,AVL
134,16,6,0,False,2026-08-30T13:00:00Z,4,3,2,False,0,0,0,0,0,0,0,0,0,0,0,0,0,0.0,0.0,0.0,0.0,0,0,0,0,0,0.00,0.00,0.00,0.00,45,-1072,27277,1708,2780,134,Oriola,MID,5,BHA,CHE
134,23,13,0,True,2026-09-05T14:00:00Z,1,1,3,False,0,0,0,0,0,0,0,0,0,0,0,0,0,0.0,0.0,0.0,0.0,0,0,0,0,0,0.00,0.00,0.00,0.00,45,-147,29432,3612,3759,134,Oriola,MID,5,BHA,LEE
134,38,7,0,False,2026-09-13T13:00:00Z,0,5,4,False,0,0,0,0,0,0,0,0,0,0,0,0,0,0.0,0.0,0.0,0.0,0,0,0,0,0,0.00,0.00,0.00,0.00,45,-1093,28553,2194,3287,134,Oriola,MID,5,BHA,COV
134,42,1,0,True,2026-09-19T14:00:00Z,3,0,5,False,0,0,0,0,0,0,0,0,0,0,0,0,0,0.0,0.0,0.0,0.0,0,0,0,0,0,0.00,0.00,0.00,0.00,45,-2152,26306,890,3042,134,Oriola,MID,5,BHA,ARS
135,7,2,1,True,2026-08-23T13:00:00Z,4,0,1,False,12,0,0,0,0,0,0,0,0,0,0,0,3,0.2,1.3,0.0,0.2,0,0,0,0,0,0.00,0.03,0.03,0.00,50,0,6623,0,0,135,Yohanna,MID,5,BHA,AVL
135,16,6,0,False,2026-08-30T13:00:00Z,4,3,2,False,0,0,0,0,0,0,0,0,0,0,0,0,0,0.0,0.0,0.0,0.0,0,0,0,0,0,0.00,0.00,0.00,0.00,50,-506,6909,373,879,135,Yohanna,MID,5,BHA,CHE
135,23,13,0,True,2026-09-05T14:00:00Z,1,1,3,False,0,0,0,0,0,0,0,0,0,0,0,0,0,0.0,0.0,0.0,0.0,0,0,0,0,0,0.00,0.00,0.00,0.00,50,-1062,6108,517,1579,135,Yohanna,MID,5,BHA,LEE
135,38,7,0,False,2026-09-13T13:00:00Z,0,5,4,False,0,0,0,0,0,0,0,0,0,0,0,0,0,0.0,0.0,0.0,0.0,0,0,0,0,0,0.00,0.00,0.00,0.00,49,-1135,5076,318,1453,135,Yohanna,MID,5,BHA,COV
135,42,1,0,True,2026-09-19T14:00:00Z,3,0,5,False,0,0,0,0,0,0,0,0,0,0,0,0,0,0.0,0.0,0.0,0.0,0,0,0,0,0,0.00,0.00,0.00,0.00,49,-1161,3954,35,1196,135,Yohanna,MID,5,BHA,ARS
137,7,2,0,True,2026-08-23T13:00:00Z,4,0,1,False,0,0,0,0,0,0,0,0,0,0,0,0,0,0.0,0.0,0.0,0.0,0,0,0,0,0,0.00,0.00,0.00,0.00,55,0,879,0,0,137,Tzimas,FWD,5,BHA,AVL
137,16,6,0,False,2026-08-30T13:00:00Z,4,3,2,False,0,0,0,0,0,0,0,0,0,0,0,0,0,0.0,0.0,0.0,0.0,0,0,0,0,0,0.00,0.00,0.00,0.00,55,-168,839,84,252,137,Tzimas,FWD,5,BHA,CHE
137,23,13,0,True,2026-09-05T14:00:00Z,1,1,3,False,0,0,0,0,0,0,0,0,0,0,0,0,0,0.0,0.0,0.0,0.0,0,0,0,0,0,0.00,0.00,0.00,0.00,55,-130,754,80,210,137,Tzimas,FWD,5,BHA,LEE
137,38,7,0,False,2026-09-13T13:00:00Z,0,5,4,False,0,0,0,0,0,0,0,0,0,0,0,0,0,0.0,0.0,0.0,0.0,0,0,0,0,0,0.00,0.00,0.00,0.00,55,-82,705,70,152,137,Tzimas,FWD,5,BHA,COV
137,42,1,0,True,2026-09-19T14:00:00Z,3,0,5,False,0,0,0,0,0,0,0,0,0,0,0,0,0,0.0,0.0,0.0,0.0,0,0,0,0,0,0.00,0.00,0.00,0.00,54,-21,710,63,84,137,Tzimas,FWD,5,BHA,ARS
138,7,2,1,True,2026-08-23T13:00:00Z,4,0,1,False,26,0,0,0,0,0,0,0,0,0,0,0,-1,0.0,0.4,10.0,0.9,0,1,1,2,0,0.18,0.00,0.18,0.10,55,0,19339,0,0,138,Kostoulas,FWD,5,BHA,AVL
138,16,6,5,False,2026-08-30T13:00:00Z,4,3,2,False,79,0,1,0,4,0,0,0,0,0,0,0,17,5.0,15.1,17.0,3.7,0,6,0,6,1,0.17,0.02,0.19,2.89,55,-767,22097,1384,2151,138,Kostoulas,FWD,5,BHA,CHE
138,23,13,2,True,2026-09-05T14:00:00Z,1,1,3,False,90,0,0,0,1,0,0,0,0,0,0,0,9,9.6,5.3,24.0,3.9,3,4,1,8,1,0.43,0.02,0.45,2.49,55,23615,52785,29733,6118,138,Kostoulas,FWD,5,BHA,LEE
138,38,7,10,False,2026-09-13T13:00:00Z,0,5,4,False,83,1,1,1,0,0,0,0,0,0,0,1,40,33.0,7.0,38.0,7.8,2,4,1,7,1,0.39,0.01,0.40,1.30,55,7254,59839,16416,9162,138,Kostoulas,FWD,5,BHA,COV
138,42,1,10,True,2026-09-19T14:00:00Z,3,0,5,False,75,1,1,1,0,0,0,0,1,0,0,2,40,48.2,11.3,38.0,9.8,0,3,1,4,1,0.18,0.01,0.19,0.89,55,42079,105077,57158,15079,138,Kostoulas,FWD,5,BHA,ARS
139,7,2,0,True,2026-08-23T13:00:00Z,4,0,1,False,0,0,0,0,0,0,0,0,0,0,0,0,0,0.0,0.0,0.0,0.0,0,0,0,0,0,0.00,0.00,0.00,0.00,50,0,2877,0,0,139,Ferguson,FWD,5,BHA,AVL
139,16,6,0,False,2026-08-30T13:00:00Z,4,3,2,False,0,0,0,0,0,0,0,0,0,0,0,0,0,0.0,0.0,0.0,0.0,0,0,0,0,0,0.00,0.00,0.00,0.00,50,-305,3163,318,623,139,Ferguson,FWD,5,BHA,CHE
139,23,13,0,True,2026-09-05T14:00:00Z,1,1,3,False,0,0,0,0,0,0,0,0,0,0,0,0,0,0.0,0.0,0.0,0.0,0,0,0,0,0,0.00,0.00,0.00,0.00,50,-173,3252,545,718,139,Ferguson,FWD,5,BHA,LEE
139,38,7,0,False,2026-09-13T13:00:00Z,0,5,4,False,0,0,0,0,0,0,0,0,0,0,0,0,0,0.0,0.0,0.0,0.0,0,0,0,0,0,0.00,0.00,0.00,0.00,50,-178,3222,346,524,139,Ferguson,FWD,5,BHA,COV
139,42,1,0,True,2026-09-19T14:00:00Z,3,0,5,False,0,0,0,0,0,0,0,0,0,0,0,0,0,0.0,0.0,0.0,0.0,0,0,0,0,0,0.00,0.00,0.00,0.00,50,-162,3174,242,404,139,Ferguson,FWD,5,BHA,ARS
328,7,2,0,True,2026-08-23T13:00:00Z,4,0,1,False,0,0,0,0,0,0,0,0,0,0,0,0,0,0.0,0.0,0.0,0.0,0,0,0,0,0,0.00,0.00,0.00,0.00,50,0,19933,0,0,328,Struijk,DEF,5,BHA,AVL
328,16,6,0,False,2026-08-30T13:00:00Z,4,3,2,False,0,0,0,0,0,0,0,0,0,0,0,0,0,0.0,0.0,0.0,0.0,0,0,0,0,0,0.00,0.00,0.00,0.00,50,-1138,22519,1416,2554,328,Struijk,DEF,5,BHA,CHE
328,23,13,1,True,2026-09-05T14:00:00Z,1,1,3,False,1,0,0,0,0,0,0,0,0,0,0,0,3,0.2,0.1,0.0,0.0,0,0,0,0,0,0.00,0.00,0.00,0.00,50,-2128,21218,1548,3676,328,Struijk,DEF,5,BHA,LEE
328,38,7,1,False,2026-09-13T13:00:00Z,0,5,4,False,12,0,0,0,0,0,0,0,0,0,0,0,4,11.2,0.8,0.0,1.2,4,0,0,4,0,0.00,0.01,0.01,0.22,50,-1007,20832,1494,2501,328,Struijk,DEF,5,BHA,COV
328,42,1,5,True,2026-09-19T14:00:00Z,3,0,5,False,85,0,0,1,0,0,0,0,1,0,0,0,24,20.8,0.6,7.0,2.8,5,6,1,6,1,0.16,0.00,0.16,1.48,49,-1949,18865,571,2520,328,Struijk,DEF,5,BHA,ARS
504,7,2,6,True,2026-08-23T13:00:00Z,4,0,1,False,90,0,0,1,0,0,0,0,0,0,0,0,19,12.4,4.5,12.0,2.9,4,2,0,4,1,0.13,0.03,0.16,0.29,50,0,221596,0,0,504,Vuskovic,DEF,5,BHA,AVL
504,16,6,0,False,2026-08-30T13:00:00Z,4,3,2,False,90,0,0,0,4,0,0,0,0,0,0,0,-2,22.8,8.3,5.0,3.6,7,3,1,8,1,0.03,0.02,0.05,2.93,50,8839,250629,21186,12347,504,Vuskovic,DEF,5,BHA,CHE
504,23,13,12,True,2026-09-05T14:00:00Z,1,1,3,False,90,1,0,0,1,0,0,0,0,0,0,2,27,56.2,1.8,40.0,9.8,8,4,2,10,1,0.19,0.01,0.20,2.49,50,-9735,244648,22843,32578,504,Vuskovic,DEF,5,BHA,LEE
504,38,7,6,False,2026-09-13T13:00:00Z,0,5,4,False,77,0,0,1,0,0,0,0,0,0,0,0,27,16.2,1.8,13.0,3.1,8,4,1,9,1,0.11,0.01,0.12,1.11,50,86436,369539,131383,44947,504,Vuskovic,DEF,5,BHA,COV
504,42,1,8,True,2026-09-19T14:00:00Z,3,0,5,False,90,0,0,1,0,0,0,0,0,0,0,0,27,20.6,1.6,2.0,2.4,10,4,2,12,1,0.00,0.00,0.00,1.63,50,-7252,332297,27688,34940,504,Vuskovic,DEF,5,BHA,ARS
594,7,2,0,True,2026-08-23T13:00:00Z,4,0,1,False,0,0,0,0,0,0,0,0,0,0,0,0,0,0.0,0.0,0.0,0.0,0,0,0,0,0,0.00,0.00,0.00,0.00,60,0,20944,0,0,594,David,FWD,5,BHA,AVL
594,16,6,1,False,2026-08-30T13:00:00Z,4,3,2,False,10,0,0,0,0,0,0,0,0,0,0,0,3,0.0,3.7,0.0,0.4,0,0,0,0,0,0.00,0.00,0.00,0.04,60,-1622,25435,2519,4141,594,David,FWD,5,BHA,CHE
594,23,13,0,True,2026-09-05T14:00:00Z,1,1,3,False,13,0,0,0,0,0,0,0,1,0,0,0,-7,0.0,0.0,4.0,0.0,0,0,0,0,0,0.42,0.00,0.42,0.10,60,-1278,25799,4444,5722,594,David,FWD,5,BHA,LEE
594,38,7,0,False,2026-09-13T13:00:00Z,0,5,4,False,0,0,0,0,0,0,0,0,0,0,0,0,0,0.0,0.0,0.0,0.0,0,0,0,0,0,0.00,0.00,0.00,0.00,60,-2415,24399,2799,5214,594,David,FWD,5,BHA,COV
594,42,1,0,True,2026-09-19T14:00:00Z,3,0,5,False,0,0,0,0,0,0,0,0,0,0,0,0,0,0.0,0.0,0.0,0.0,0,0,0,0,0,0.00,0.00,0.00,0.00,60,-3096,21728,2100,5196,594,David,FWD,5,BHA,ARS
600,7,2,1,True,2026-08-23T13:00:00Z,4,0,1,False,12,0,0,0,0,0,0,0,0,0,0,0,7,4.2,15.4,4.0,2.4,0,2,0,2,0,0.00,0.05,0.05,0.00,50,0,633,0,0,600,Osman,MID,5,BHA,AVL
600,16,6,1,False,2026-08-30T13:00:00Z,4,3,2,False,16,0,0,0,1,0,0,0,0,0,0,0,6,3.0,1.3,2.0,0.6,0,0,1,1,0,0.00,0.01,0.01,0.10,50,75,1521,218,143,600,Osman,MID,5,BHA,CHE
600,23,13,0,True,2026-09-05T14:00:00Z,1,1,3,False,0,0,0,0,0,0,0,0,0,0,0,0,0,0.0,0.0,0.0,0.0,0,0,0,0,0,0.00,0.00,0.00,0.00,50,30,1841,312,282,600,Osman,MID,5,BHA,LEE
600,38,7,1,False,2026-09-13T13:00:00Z,0,5,4,False,12,0,0,0,0,0,0,0,0,0,0,0,2,0.0,1.1,13.0,1.2,0,1,0,1,0,0.05,0.01,0.06,0.22,50,-148,1793,153,301,600,Osman,MID,5,BHA,COV
600,42,1,0,True,2026-09-19T14:00:00Z,3,0,5,False,0,0,0,0,0,0,0,0,0,0,0,0,0,0.0,0.0,0.0,0.0,0,0,0,0,0,0.00,0.00,0.00,0.00,50,-93,1757,148,241,600,Osman,MID,5,BHA,ARS
605,7,2,1,True,2026-08-23T13:00:00Z,4,0,1,False,4,0,0,0,0,0,0,0,0,0,0,0,3,0.6,2.7,0.0,0.3,0,0,0,0,0,0.00,0.01,0.01,0.00,45,0,0,0,0,605,Yalcouyé,MID,5,BHA,AVL
605,16,6,8,False,2026-08-30T13:00:00Z,4,3,2,False,73,1,0,0,3,0,0,0,0,0,0,1,39,50.8,20.1,42.0,11.3,2,2,3,7,1,0.70,0.16,0.86,2.83,45,3387,9806,4339,952,605,Yalcouyé,MID,5,BHA,CHE
605,23,13,2,True,2026-09-05T14:00:00Z,1,1,3,False,90,0,0,0,1,0,0,0,0,0,0,0,16,8.2,24.4,20.0,5.3,2,3,0,5,1,0.05,0.09,0.14,2.49,45,174780,252653,208413,33633,605,Yalcouyé,MID,5,BHA,LEE
605,38,7,8,False,2026-09-13T13:00:00Z,0,5,4,False,64,1,0,1,0,0,0,0,0,0,0,0,29,47.4,12.8,43.0,10.3,2,2,2,6,1,0.67,0.01,0.68,1.11,45,125140,374976,185444,60304,605,Yalcouyé,MID,5,BHA,COV
605,42,1,1,True,2026-09-19T14:00:00Z,3,0,5,False,5,0,0,0,0,0,0,0,0,0,0,0,9,2.2,10.3,6.0,1.9,0,0,1,1,0,0.04,0.18,0.22,0.14,45,87628,450411,130693,43065,605,Yalcouyé,MID,5,BHA,ARS
614,16,6,0,False,2026-08-30T13:00:00Z,4,3,2,False,0,0,0,0,0,0,0,0,0,0,0,0,0,0.0,0.0,0.0,0.0,0,0,0,0,0,0.00,0.00,0.00,0.00,45,952,1839,1006,54,614,Hadjam,DEF,5,BHA,CHE
614,23,13,0,True,2026-09-05T14:00:00Z,1,1,3,False,0,0,0,0,0,0,0,0,0,0,0,0,0,0.0,0.0,0.0,0.0,0,0,0,0,0,0.00,0.00,0.00,0.00,45,1310,4150,1795,485,614,Hadjam,DEF,5,BHA,LEE
614,38,7,0,False,2026-09-13T13:00:00Z,0,5,4,False,0,0,0,0,0,0,0,0,0,0,0,0,0,0.0,0.0,0.0,0.0,0,0,0,0,0,0.00,0.00,0.00,0.00,45,-135,4155,425,560,614,Hadjam,DEF,5,BHA,COV
614,42,1,0,True,2026-09-19T14:00:00Z,3,0,5,False,0,0,0,0,0,0,0,0,0,0,0,0,0,0.0,0.0,0.0,0.0,0,0,0,0,0,0.00,0.00,0.00,0.00,45,-93,4264,513,606,614,Hadjam,DEF,5,BHA,ARS
624,16,6,0,False,2026-08-30T13:00:00Z,4,3,2,False,0,0,0,0,0,0,0,0,0,0,0,0,0,0.0,0.0,0.0,0.0,0,0,0,0,0,0.00,0.00,0.00,0.00,50,0,0,0,0,624,Cozier-Duberry,MID,5,BHA,CHE
624,23,13,0,True,2026-09-05T14:00:00Z,1,1,3,False,0,0,0,0,0,0,0,0,0,0,0,0,0,0.0,0.0,0.0,0.0,0,0,0,0,0,0.00,0.00,0.00,0.00,50,61,111,117,56,624,Cozier-Duberry,MID,5,BHA,LEE
624,38,7,0,False,2026-09-13T13:00:00Z,0,5,4,False,0,0,0,0,0,0,0,0,0,0,0,0,0,0.0,0.0,0.0,0.0,0,0,0,0,0,0.00,0.00,0.00,0.00,50,-40,61,0,40,624,Cozier-Duberry,MID,5,BHA,COV
624,42,1,0,True,2026-09-19T14:00:00Z,3,0,5,False,0,0,0,0,0,0,0,0,0,0,0,0,0,0.0,0.0,0.0,0.0,0,0,0,0,0,0.00,0.00,0.00,0.00,50,-12,51,0,12,624,Cozier-Duberry,MID,5,BHA,ARS
639,23,13,0,True,2026-09-05T14:00:00Z,1,1,3,False,0,0,0,0,0,0,0,0,0,0,0,0,0,0.0,0.0,0.0,0.0,0,0,0,0,0,0.00,0.00,0.00,0.00,55,219,345,261,42,639,Andrés,MID,5,BHA,LEE
639,38,7,4,False,2026-09-13T13:00:00Z,0,5,4,False,25,0,1,0,0,0,0,0,0,0,0,0,10,18.8,13.1,2.0,3.4,2,1,1,4,0,0.24,0.01,0.25,0.22,55,318,812,513,195,639,Andrés,MID,5,BHA,COV
639,42,1,8,True,2026-09-19T14:00:00Z,3,0,5,False,84,1,0,1,0,0,0,0,0,0,0,0,27,33.4,4.8,37.0,7.5,2,7,0,9,1,0.28,0.11,0.39,1.48,55,239,1188,470,231,639,Andrés,MID,5,BHA,ARS
652,23,13,0,True,2026-09-05T14:00:00Z,1,1,3,False,0,0,0,0,0,0,0,0,0,0,0,0,0,0.0,0.0,0.0,0.0,0,0,0,0,0,0.00,0.00,0.00,0.00,55,214,256,248,34,652,Azeez,MID,5,BHA,LEE
652,38,7,0,False,2026-09-13T13:00:00Z,0,5,4,False,0,0,0,0,0,0,0,0,0,0,0,0,0,0.0,0.0,0.0,0.0,0,0,0,0,0,0.00,0.00,0.00,0.00,55,62,315,121,59,652,Azeez,MID,5,BHA,COV
652,42,1,0,True,2026-09-19T14:00:00Z,3,0,5,False,0,0,0,0,0,0,0,0,0,0,0,0,0,0.0,0.0,0.0,0.0,0,0,0,0,0,0.00,0.00,0.00,0.00,55,-10,308,54,64,652,Azeez,MID,5,BHA,ARS
658,38,7,0,False,2026-09-13T13:00:00Z,0,5,4,False,0,0,0,0,0,0,0,0,0,0,0,0,0,0.0,0.0,0.0,0.0,0,0,0,0,0,0.00,0.00,0.00,0.00,45,0,0,0,0,658,Ibrahim,MID,5,BHA,COV
658,42,1,0,True,2026-09-19T14:00:00Z,3,0,5,False,0,0,0,0,0,0,0,0,0,0,0,0,0,0.0,0.0,0.0,0.0,0,0,0,0,0,0.00,0.00,0.00,0.00,45,895,1545,1163,268,658,Ibrahim,MID,5,BHA,ARS
28,7,5,0,False,2026-08-23T13:00:00Z,4,0,1,False,0,0,0,0,0,0,0,0,0,0,0,0,0,0.0,0.0,0.0,0.0,0,0,0,0,0,0.00,0.00,0.00,0.00,50,0,388040,0,0,28,Martinez,GK,6,CHE,BHA
28,16,5,2,True,2026-08-30T13:00:00Z,4,3,2,False,90,0,0,0,3,0,0,0,0,0,4,0,18,36.2,20.0,0.0,5.6,1,13,0,0,1,0.00,0.01,0.01,1.41,50,-42289,419555,14876,8115,28,Martinez,GK,6,CHE,BHA
28,29,1,3,False,2026-09-06T15:30:00Z,2,1,3,False,90,0,0,0,2,0,0,0,0,0,8,0,26,63.2,0.0,0.0,6.3,0,8,0,0,1,0.00,0.00,0.00,2.05,50,13115,459337,68378,55263,28,Martinez,GK,6,CHE,ARS
28,33,11,2,True,2026-09-12T14:00:00Z,2,2,4,False,90,0,0,0,2,0,0,0,0,0,3,0,10,19.6,0.0,0.0,2.0,0,10,0,0,1,0.00,0.00,0.00,1.38,50,68402,564431,119022,50620,28,Martinez,GK,6,CHE,HUL
28,41,4,2,False,2026-09-18T19:00:00Z,3,0,5,False,90,0,0,0,3,0,0,0,0,0,3,0,7,26.0,10.0,0.0,3.6,0,6,0,0,1,0.00,0.00,0.00,2.65,50,-32803,524629,20981,53784,28,Martinez,GK,6,CHE,BRE
40,10,10,8,False,2026-08-24T19:00:00Z,2,3,1,False,81,1,0,0,2,0,0,0,0,0,0,1,37,48.8,53.5,29.0,13.1,0,5,2,7,1,0.96,0.10,1.06,1.24,75,0,2178086,0,0,40,Rogers,MID,6,CHE,FUL
40,16,5,5,True,2026-08-30T13:00:00Z,4,3,2,False,90,0,1,0,3,0,0,0,0,0,0,0,28,26.8,46.5,23.0,9.6,1,3,1,5,1,0.14,1.01,1.15,1.41,75,180102,2607781,251851,71749,40,Rogers,MID,6,CHE,BHA
40,29,1,6,False,2026-09-06T15:30:00Z,2,1,3,False,86,1,0,0,2,0,0,0,1,0,0,0,22,30.2,13.6,16.0,6.0,0,5,0,5,1,0.08,0.03,0.11,2.05,75,-110434,2472597,211550,321984,40,Rogers,MID,6,CHE,ARS
40,33,11,8,True,2026-09-12T14:00:00Z,2,2,4,False,90,1,0,0,2,0,0,0,0,0,0,1,31,43.2,5.9,42.0,9.1,0,4,2,6,1,0.21,0.02,0.23,1.38,76,1039938,3834585,1168508,128570,40,Rogers,MID,6,CHE,HUL
40,41,4,2,False,2026-09-18T19:00:00Z,3,0,5,False,90,0,0,0,3,0,0,0,0,0,0,0,17,10.0,20.6,30.0,6.1,2,6,0,8,1,0.33,0.07,0.40,2.65,77,628130,4380885,697514,69384,40,Rogers,MID,6,CHE,BRE
101,10,10,0,False,2026-08-24T19:00:00Z,2,3,1,False,0,0,0,0,0,0,0,0,0,0,0,0,0,0.0,0.0,0.0,0.0,0,0,0,0,0,0.00,0.00,0.00,0.00,50,0,3629,0,0,101,Henderson,MID,6,CHE,FUL
101,16,5,0,True,2026-08-30T13:00:00Z,4,3,2,False,0,0,0,0,0,0,0,0,0,0,0,0,0,0.0,0.0,0.0,0.0,0,0,0,0,0,0.00,0.00,0.00,0.00,50,-477,3715,214,691,101,Henderson,MID,6,CHE,BHA
101,29,1,0,False,2026-09-06T15:30:00Z,2,1,3,False,0,0,0,0,0,0,0,0,0,0,0,0,0,0.0,0.0,0.0,0.0,0,0,0,0,0,0.00,0.00,0.00,0.00,50,-557,3322,209,766,101,Henderson,MID,6,CHE,ARS
101,33,11,0,True,2026-09-12T14:00:00Z,2,2,4,False,0,0,0,0,0,0,0,0,0,0,0,0,0,0.0,0.0,0.0,0.0,0,0,0,0,0,0.00,0.00,0.00,0.00,49,-444,3001,145,589,101,Henderson,MID,6,CHE,HUL
101,41,4,2,False,2026-09-18T19:00:00Z,3,0,5,False,90,0,0,0,3,0,0,0,0,0,0,0,16,16.6,10.4,0.0,2.7,2,7,1,10,1,0.00,0.08,0.08,2.65,49,-383,2692,45,428,101,Henderson,MID,6,CHE,BRE
136,10,10,0,False,2026-08-24T19:00:00Z,2,3,1,False,0,0,0,0,0,0,0,0,0,0,0,0,0,0.0,0.0,0.0,0.0,0,0,0,0,0,0.00,0.00,0.00,0.00,60,0,112037,0,0,136,Welbeck,FWD,6,CHE,FUL
136,16,5,0,True,2026-08-30T13:00:00Z,4,3,2,False,0,0,0,0,0,0,0,0,0,0,0,0,0,0.0,0.0,0.0,0.0,0,0,0,0,0,0.00,0.00,0.00,0.00,60,-19289,96753,3136,22425,136,Welbeck,FWD,6,CHE,BHA
136,29,1,1,False,2026-09-06T15:30:00Z,2,1,3,False,3,0,0,0,0,0,0,0,0,0,0,0,3,0.0,0.3,2.0,0.2,0,0,0,0,0,0.00,0.00,0.00,0.00,59,-16503,84671,7873,24376,136,Welbeck,FWD,6,CHE,ARS
136,33,11,1,True,2026-09-12T14:00:00Z,2,2,4,False,12,0,0,0,0,0,0,0,0,0,0,0,4,7.2,10.6,4.0,2.2,1,0,0,1,0,0.00,0.06,0.06,0.54,59,-5112,82997,8018,13130,136,Welbeck,FWD,6,CHE,HUL
136,41,4,2,False,2026-09-18T19:00:00Z,3,0,5,False,70,0,0,0,1,0,0,0,0,0,0,0,8,7.2,21.8,8.0,3.7,1,2,1,4,1,0.00,0.08,0.08,1.45,59,20936,114052,34909,13973,136,Welbeck,FWD,6,CHE,BRE
140,10,10,2,False,2026-08-24T19:00:00Z,2,3,1,False,90,0,0,0,2,0,0,0,0,0,4,0,6,21.4,0.0,0.0,2.1,1,5,0,0,1,0.00,0.01,0.01,1.33,50,0,207899,0,0,140,Sánchez,GK,6,CHE,FUL
140,16,5,0,True,2026-08-30T13:00:00Z,4,3,2,False,0,0,0,0,0,0,0,0,0,0,0,0,0,0.0,0.0,0.0,0.0,0,0,0,0,0,0.00,0.00,0.00,0.00,50,-18267,217448,8924,27191,140,Sánchez,GK,6,CHE,BHA
140,29,1,0,False,2026-09-06T15:30:00Z,2,1,3,False,0,0,0,0,0,0,0,0,0,0,0,0,0,0.0,0.0,0.0,0.0,0,0,0,0,0,0.00,0.00,0.00,0.00,49,-82439,130954,1923,84362,140,Sánchez,GK,6,CHE,ARS
140,33,11,0,True,2026-09-12T14:00:00Z,2,2,4,False,0,0,0,0,0,0,0,0,0,0,0,0,0,0.0,0.0,0.0,0.0,0,0,0,0,0,0.00,0.00,0.00,0.00,49,-44507,93763,0,44507,140,Sánchez,GK,6,CHE,HUL
140,41,4,0,False,2026-09-18T19:00:00Z,3,0,5,False,0,0,0,0,0,0,0,0,0,0,0,0,0,0.0,0.0,0.0,0.0,0,0,0,0,0,0.00,0.00,0.00,0.00,49,-15548,79688,0,15548,140,Sánchez,GK,6,CHE,BRE
141,10,10,0,False,2026-08-24T19:00:00Z,2,3,1,False,0,0,0,0,0,0,0,0,0,0,0,0,0,0.0,0.0,0.0,0.0,0,0,0,0,0,0.00,0.00,0.00,0.00,50,0,1796,0,0,141,Jörgensen,GK,6,CHE,FUL
141,16,5,0,True,2026-08-30T13:00:00Z,4,3,2,False,0,0,0,0,0,0,0,0,0,0,0,0,0,0.0,0.0,0.0,0.0,0,0,0,0,0,0.00,0.00,0.00,0.00,50,-501,1280,0,501,141,Jörgensen,GK,6,CHE,BHA
141,29,1,0,False,2026-09-06T15:30:00Z,2,1,3,False,0,0,0,0,0,0,0,0,0,0,0,0,0,0.0,0.0,0.0,0.0,0,0,0,0,0,0.00,0.00,0.00,0.00,50,-270,1022,0,270,141,Jörgensen,GK,6,CHE,ARS
141,33,11,0,True,2026-09-12T14:00:00Z,2,2,4,False,0,0,0,0,0,0,0,0,0,0,0,0,0,0.0,0.0,0.0,0.0,0,0,0,0,0,0.00,0.00,0.00,0.00,50,-95,933,0,95,141,Jörgensen,GK,6,CHE,HUL
141,41,4,0,False,2026-09-18T19:00:00Z,3,0,5,False,0,0,0,0,0,0,0,0,0,0,0,0,0,0.0,0.0,0.0,0.0,0,0,0,0,0,0.00,0.00,0.00,0.00,50,-52,889,0,52,141,Jörgensen,GK,6,CHE,BRE
142,10,10,0,False,2026-08-24T19:00:00Z,2,3,1,False,90,0,0,0,2,0,0,0,1,0,0,0,5,23.4,16.8,19.0,5.9,6,4,0,6,1,0.10,0.07,0.17,1.33,55,0,879361,0,0,142,James,DEF,6,CHE,FUL
142,16,5,1,True,2026-08-30T13:00:00Z,4,3,2,False,22,0,0,0,1,0,0,0,0,0,0,0,-1,0.4,0.4,2.0,0.3,0,1,0,0,0,0.00,0.00,0.00,0.14,55,-18793,987947,62525,81318,142,James,DEF,6,CHE,BHA
142,29,1,1,False,2026-09-06T15:30:00Z,2,1,3,False,90,0,0,0,2,0,0,0,0,0,0,0,9,12.6,15.0,13.0,4.1,3,6,0,3,1,0.07,0.05,0.12,2.05,55,-184123,810910,27039,211162,142,James,DEF,6,CHE,ARS
142,33,11,1,True,2026-09-12T14:00:00Z,2,2,4,False,90,0,0,0,2,0,0,0,0,0,0,0,11,19.8,10.4,15.0,4.5,2,4,2,4,1,0.16,0.14,0.30,1.38,54,-30934,828525,60443,91377,142,James,DEF,6,CHE,HUL
142,41,4,0,False,2026-09-18T19:00:00Z,3,0,5,False,0,0,0,0,0,0,0,0,0,0,0,0,0,0.0,0.0,0.0,0.0,0,0,0,0,0,0.00,0.00,0.00,0.00,54,-120634,704792,18198,138832,142,James,DEF,6,CHE,BRE
143,10,10,0,False,2026-08-24T19:00:00Z,2,3,1,False,0,0,0,0,0,0,0,0,0,0,0,0,0,0.0,0.0,0.0,0.0,0,0,0,0,0,0.00,0.00,0.00,0.00,55,0,21121,0,0,143,Chalobah,DEF,6,CHE,FUL
143,16,5,0,True,2026-08-30T13:00:00Z,4,3,2,False,0,0,0,0,0,0,0,0,0,0,0,0,0,0.0,0.0,0.0,0.0,0,0,0,0,0,0.00,0.00,0.00,0.00,55,-8058,12877,0,8058,143,Chalobah,DEF,6,CHE,BHA
143,29,1,0,False,2026-09-06T15:30:00Z,2,1,3,False,0,0,0,0,0,0,0,0,0,0,0,0,0,0.0,0.0,0.0,0.0,0,0,0,0,0,0.00,0.00,0.00,0.00,55,-3529,9527,0,3529,143,Chalobah,DEF,6,CHE,ARS
143,33,11,0,True,2026-09-12T14:00:00Z,2,2,4,False,0,0,0,0,0,0,0,0,0,0,0,0,0,0.0,0.0,0.0,0.0,0,0,0,0,0,0.00,0.00,0.00,0.00,55,-1338,8308,0,1338,143,Chalobah,DEF,6,CHE,HUL
143,41,4,0,False,2026-09-18T19:00:00Z,3,0,5,False,0,0,0,0,0,0,0,0,0,0,0,0,0,0.0,0.0,0.0,0.0,0,0,0,0,0,0.00,0.00,0.00,0.00,55,-705,7643,0,705,143,Chalobah,DEF,6,CHE,BRE
144,10,10,1,False,2026-08-24T19:00:00Z,2,3,1,False,75,0,0,0,2,0,0,0,0,0,0,0,2,7.2,9.8,6.0,2.3,2,4,1,3,1,0.00,0.03,0.03,1.11,50,0,98423,0,0,144,Gusto,DEF,6,CHE,FUL
144,16,5,1,True,2026-08-30T13:00:00Z,4,3,2,False,90,0,0,0,3,0,0,0,0,0,0,0,-1,7.8,0.7,0.0,0.9,4,3,1,5,1,0.00,0.01,0.01,1.41,50,2378,122291,13325,10947,144,Gusto,DEF,6,CHE,BHA
144,29,1,1,False,2026-09-06T15:30:00Z,2,1,3,False,30,0,0,0,0,0,0,0,0,0,0,0,4,3.0,3.4,1.0,0.7,0,2,2,2,0,0.04,0.01,0.05,0.14,50,-11595,116347,9926,21521,144,Gusto,DEF,6,CHE,ARS
144,33,11,1,True,2026-09-12T14:00:00Z,2,2,4,False,77,0,0,0,2,0,0,0,0,0,0,0,7,14.0,23.3,6.0,4.3,5,4,0,5,1,0.04,0.07,0.11,0.84,50,-6655,114930,7469,14124,144,Gusto,DEF,6,CHE,HUL
144,41,4,0,False,2026-09-18T19:00:00Z,3,0,5,False,0,0,0,0,0,0,0,0,0,0,0,0,0,0.0,0.0,0.0,0.0,0,0,0,0,0,0.00,0.00,0.00,0.00,50,-9281,107892,4607,13888,144,Gusto,DEF,6,CHE,BRE
145,10,10,0,False,2026-08-24T19:00:00Z,2,3,1,False,0,0,0,0,0,0,0,0,0,0,0,0,0,0.0,0.0,0.0,0.0,0,0,0,0,0,0.00,0.00,0.00,0.00,50,0,1057,0,0,145,Fofana,DEF,6,CHE,FUL
145,16,5,0,True,2026-08-30T13:00:00Z,4,3,2,False,67,0,0,0,2,0,0,0,1,0,0,0,-2,19.4,0.9,0.0,2.0,9,0,0,9,1,0.00,0.01,0.01,1.26,50,552,3489,813,261,145,Fofana,DEF,6,CHE,BHA
145,29,1,3,False,2026-09-06T15:30:00Z,2,1,3,False,90,0,0,0,2,0,0,0,0,0,0,0,16,39.8,22.8,0.0,6.3,14,3,3,17,1,0.00,0.04,0.04,2.05,50,1351,7346,2579,1228,145,Fofana,DEF,6,CHE,ARS
145,33,11,1,True,2026-09-12T14:00:00Z,2,2,4,False,85,0,0,0,2,0,0,0,0,0,0,0,10,18.4,4.7,4.0,2.7,4,4,2,6,1,0.00,0.03,0.03,0.89,50,7374,18473,9377,2003,145,Fofana,DEF,6,CHE,HUL
145,41,4,4,False,2026-09-18T19:00:00Z,3,0,5,False,70,0,0,0,1,0,0,0,0,0,0,0,11,22.8,0.8,0.0,2.4,13,4,2,15,1,0.00,0.00,0.00,1.45,50,-112,18869,3337,3449,145,Fofana,DEF,6,CHE,BRE
146,10,10,0,False,2026-08-24T19:00:00Z,2,3,1,False,0,0,0,0,0,0,0,0,0,0,0,0,0,0.0,0.0,0.0,0.0,0,0,0,0,0,0.00,0.00,0.00,0.00,45,0,2313,0,0,146,B.Badiashile,DEF,6,CHE,FUL
146,16,5,0,True,2026-08-30T13:00:00Z,4,3,2,False,0,0,0,0,0,0,0,0,0,0,0,0,0,0.0,0.0,0.0,0.0,0,0,0,0,0,0.00,0.00,0.00,0.00,45,-568,2126,232,800,146,B.Badiashile,DEF,6,CHE,BHA
146,29,1,0,False,2026-09-06T15:30:00Z,2,1,3,False,0,0,0,0,0,0,0,0,0,0,0,0,0,0.0,0.0,0.0,0.0,0,0,0,0,0,0.00,0.00,0.00,0.00,45,-719,1405,0,719,146,B.Badiashile,DEF,6,CHE,ARS
146,33,11,0,True,2026-09-12T14:00:00Z,2,2,4,False,0,0,0,0,0,0,0,0,0,0,0,0,0,0.0,0.0,0.0,0.0,0,0,0,0,0,0.00,0.00,0.00,0.00,45,-250,1183,0,250,146,B.Badiashile,DEF,6,CHE,HUL
146,41,4,0,False,2026-09-18T19:00:00Z,3,0,5,False,0,0,0,0,0,0,0,0,0,0,0,0,0,0.0,0.0,0.0,0.0,0,0,0,0,0,0.00,0.00,0.00,0.00,45,-128,1061,0,128,146,B.Badiashile,DEF,6,CHE,BRE
148,10,10,1,False,2026-08-24T19:00:00Z,2,3,1,False,64,0,0,0,2,0,0,0,0,0,0,0,5,8.4,12.3,11.0,3.2,1,2,2,3,1,0.01,0.03,0.04,1.05,45,0,40724,0,0,148,Hato,DEF,6,CHE,FUL
148,16,5,4,True,2026-08-30T13:00:00Z,4,3,2,False,90,0,1,0,3,0,0,0,0,0,0,0,12,30.0,20.7,0.0,5.1,4,3,2,6,1,0.00,0.06,0.06,1.41,45,-126,47286,4358,4484,148,Hato,DEF,6,CHE,BHA
148,29,1,3,False,2026-09-06T15:30:00Z,2,1,3,False,59,0,1,0,2,0,0,0,0,0,0,0,5,34.8,11.2,2.0,4.8,4,2,2,6,1,0.00,0.02,0.02,1.91,45,12089,65104,22516,10427,148,Hato,DEF,6,CHE,ARS
148,33,11,0,True,2026-09-12T14:00:00Z,2,2,4,False,45,0,0,0,2,0,0,0,0,0,0,0,-8,3.8,2.9,2.0,0.9,2,2,1,3,1,0.00,0.10,0.10,0.44,45,42963,115190,58654,15691,148,Hato,DEF,6,CHE,HUL
148,41,4,0,False,2026-09-18T19:00:00Z,3,0,5,False,0,0,0,0,0,0,0,0,0,0,0,0,0,0.0,0.0,0.0,0.0,0,0,0,0,0,0.00,0.00,0.00,0.00,45,-16858,93559,4867,21725,148,Hato,DEF,6,CHE,BRE
149,10,10,0,False,2026-08-24T19:00:00Z,2,3,1,False,90,0,0,0,2,0,0,0,1,0,0,0,6,6.0,1.6,7.0,1.5,2,3,2,4,1,0.01,0.03,0.04,1.33,50,0,142918,0,0,149,Colwill,DEF,6,CHE,FUL
149,16,5,1,True,2026-08-30T13:00:00Z,4,3,2,False,71,0,0,0,2,0,0,0,0,0,0,0,2,13.2,0.4,0.0,1.4,8,2,1,9,1,0.00,0.00,0.00,1.31,50,-7208,150119,10571,17779,149,Colwill,DEF,6,CHE,BHA
149,29,1,0,False,2026-09-06T15:30:00Z,2,1,3,False,0,0,0,0,0,0,0,0,0,0,0,0,0,0.0,0.0,0.0,0.0,0,0,0,0,0,0.00,0.00,0.00,0.00,50,-25878,124492,7720,33598,149,Colwill,DEF,6,CHE,ARS
149,33,11,1,True,2026-09-12T14:00:00Z,2,2,4,False,90,0,0,0,2,0,0,0,0,0,0,0,8,26.8,12.2,4.0,4.3,6,6,0,6,1,0.00,0.01,0.01,1.38,49,-17331,112667,5362,22693,149,Colwill,DEF,6,CHE,HUL
149,41,4,1,False,2026-09-18T19:00:00Z,3,0,5,False,90,0,0,0,3,0,0,0,0,0,0,0,1,15.6,2.4,2.0,2.0,7,4,0,7,1,0.00,0.01,0.01,2.65,49,-16952,97080,2003,18955,149,Colwill,DEF,6,CHE,BRE
150,10,10,0,False,2026-08-24T19:00:00Z,2,3,1,False,0,0,0,0,0,0,0,0,0,0,0,0,0,0.0,0.0,0.0,0.0,0,0,0,0,0,0.00,0.00,0.00,0.00,45,0,6689,0,0,150,M.Sarr,DEF,6,CHE,FUL
150,16,5,0,True,2026-08-30T13:00:00Z,4,3,2,False,0,0,0,0,0,0,0,0,0,0,0,0,0,0.0,0.0,0.0,0.0,0,0,0,0,0,0.00,0.00,0.00,0.00,45,-544,7741,405,949,150,M.Sarr,DEF,6,CHE,BHA
150,29,1,0,False,2026-09-06T15:30:00Z,2,1,3,False,0,0,0,0,0,0,0,0,0,0,0,0,0,0.0,0.0,0.0,0.0,0,0,0,0,0,0.00,0.00,0.00,0.00,45,-3325,4381,24,3349,150,M.Sarr,DEF,6,CHE,ARS
150,33,11,0,True,2026-09-12T14:00:00Z,2,2,4,False,0,0,0,0,0,0,0,0,0,0,0,0,0,0.0,0.0,0.0,0.0,0,0,0,0,0,0.00,0.00,0.00,0.00,45,-1063,3449,0,1063,150,M.Sarr,DEF,6,CHE,HUL
150,41,4,0,False,2026-09-18T19:00:00Z,3,0,5,False,0,0,0,0,0,0,0,0,0,0,0,0,0,0.0,0.0,0.0,0.0,0,0,0,0,0,0.00,0.00,0.00,0.00,45,-455,3038,0,455,150,M.Sarr,DEF,6,CHE,BRE
151,10,10,3,False,2026-08-24T19:00:00Z,2,3,1,False,90,0,0,0,2,0,0,0,0,0,0,0,13,33.2,2.2,2.0,3.7,10,6,5,15,1,0.00,0.01,0.01,1.33,45,0,24066,0,0,151,Acheampong,DEF,6,CHE,FUL
151,16,5,1,True,2026-08-30T13:00:00Z,4,3,2,False,22,0,0,0,1,0,0,0,0,0,0,0,-1,6.2,0.1,0.0,0.6,2,0,1,3,0,0.00,0.00,0.00,0.14,45,4931,37116,8065,3134,151,Acheampong,DEF,6,CHE,BHA
151,29,1,1,False,2026-09-06T15:30:00Z,2,1,3,False,90,0,0,0,2,0,0,0,0,0,0,0,-3,2.2,1.8,4.0,0.8,1,1,0,1,1,0.00,0.01,0.01,2.05,45,-1989,38207,4792,6781,151,Acheampong,DEF,6,CHE,ARS
151,33,11,0,True,2026-09-12T14:00:00Z,2,2,4,False,0,0,0,0,0,0,0,0,0,0,0,0,0,0.0,0.0,0.0,0.0,0,0,0,0,0,0.00,0.00,0.00,0.00,45,1716,42181,6326,4610,151,Acheampong,DEF,6,CHE,HUL
151,41,4,0,False,2026-09-18T19:00:00Z,3,0,5,False,19,0,0,0,2,0,0,0,0,0,0,0,-4,1.4,1.4,0.0,0.3,0,0,1,1,0,0.00,0.01,0.01,1.20,45,-4505,38029,1529,6034,151,Acheampong,DEF,6,CHE,BRE
152,10,10,0,False,2026-08-24T19:00:00Z,2,3,1,False,0,0,0,0,0,0,0,0,0,0,0,0,0,0.0,0.0,0.0,0.0,0,0,0,0,0,0.00,0.00,0.00,0.00,55,0,263643,0,0,152,Palestra,DEF,6,CHE,FUL
152,16,5,0,True,2026-08-30T13:00:00Z,4,3,2,False,0,0,0,0,0,0,0,0,0,0,0,0,0,0.0,0.0,0.0,0.0,0,0,0,0,0,0.00,0.00,0.00,0.00,55,-64977,209865,4960,69937,152,Palestra,DEF,6,CHE,BHA
152,29,1,0,False,2026-09-06T15:30:00Z,2,1,3,False,0,0,0,0,0,0,0,0,0,0,0,0,0,0.0,0.0,0.0,0.0,0,0,0,0,0,0.00,0.00,0.00,0.00,54,-79182,121873,821,80003,152,Palestra,DEF,6,CHE,ARS
152,33,11,0,True,2026-09-12T14:00:00Z,2,2,4,False,0,0,0,0,0,0,0,0,0,0,0,0,0,0.0,0.0,0.0,0.0,0,0,0,0,0,0.00,0.00,0.00,0.00,54,-45257,87915,419,45676,152,Palestra,DEF,6,CHE,HUL
152,41,4,0,False,2026-09-18T19:00:00Z,3,0,5,False,0,0,0,0,0,0,0,0,0,0,0,0,0,0.0,0.0,0.0,0.0,0,0,0,0,0,0.00,0.00,0.00,0.00,53,-20665,68735,260,20925,152,Palestra,DEF,6,CHE,BRE
154,10,10,13,False,2026-08-24T19:00:00Z,2,3,1,False,82,1,1,0,2,0,0,0,0,0,0,3,60,65.2,41.3,54.0,16.1,0,7,2,9,1,0.28,0.19,0.47,1.24,95,0,919516,0,0,154,Palmer,MID,6,CHE,FUL
154,16,5,7,True,2026-08-30T13:00:00Z,4,3,2,False,90,1,0,0,3,0,0,0,0,0,0,0,28,40.8,25.3,26.0,9.2,2,4,2,8,1,0.66,0.13,0.79,1.41,95,344912,1644351,376872,31960,154,Palmer,MID,6,CHE,BHA
154,29,1,1,False,2026-09-06T15:30:00Z,2,1,3,False,90,0,0,0,2,0,0,0,1,0,0,0,11,7.0,15.8,32.0,5.5,0,3,0,3,1,0.11,0.04,0.15,2.05,96,195102,1912956,387902,192800,154,Palmer,MID,6,CHE,ARS
154,33,11,5,True,2026-09-12T14:00:00Z,2,2,4,False,90,0,1,0,2,0,0,0,0,0,0,0,28,18.6,37.6,12.0,6.8,0,3,0,3,1,0.13,0.25,0.38,1.38,97,842103,3081598,946062,103959,154,Palmer,MID,6,CHE,HUL
154,41,4,2,False,2026-09-18T19:00:00Z,3,0,5,False,90,0,0,0,3,0,0,0,0,0,0,0,21,19.4,25.3,20.0,6.5,1,2,3,6,1,0.13,0.18,0.31,2.65,97,25953,2932358,192540,166587,154,Palmer,MID,6,CHE,BRE
156,10,10,1,False,2026-08-24T19:00:00Z,2,3,1,False,14,0,0,0,0,0,0,0,0,0,0,0,9,5.2,4.1,4.0,1.3,0,3,1,4,0,0.03,0.07,0.10,0.22,65,0,116795,0,0,156,Neto,MID,6,CHE,FUL
156,16,5,7,True,2026-08-30T13:00:00Z,4,3,2,False,67,1,0,0,2,0,0,0,0,0,0,0,32,45.2,25.6,38.0,10.9,3,1,0,4,1,0.41,0.33,0.74,1.26,65,-17727,117566,5635,23362,156,Neto,MID,6,CHE,BHA
156,29,1,2,False,2026-09-06T15:30:00Z,2,1,3,False,80,0,0,0,2,0,0,0,0,0,0,0,10,6.2,23.8,14.0,4.4,2,4,1,7,1,0.03,0.03,0.06,2.05,65,2299,130367,21878,19579,156,Neto,MID,6,CHE,ARS
156,33,11,2,True,2026-09-12T14:00:00Z,2,2,4,False,85,0,0,0,2,0,0,0,0,0,0,0,17,15.8,31.3,27.0,7.4,3,3,1,7,1,0.05,0.10,0.15,0.89,65,17123,156595,33627,16504,156,Neto,MID,6,CHE,HUL
156,41,4,2,False,2026-09-18T19:00:00Z,3,0,5,False,86,0,0,0,2,0,0,0,0,0,0,0,13,9.6,7.8,25.0,4.2,0,3,3,6,1,0.16,0.05,0.21,2.22,65,-6221,151580,15985,22206,156,Neto,MID,6,CHE,BRE
157,10,10,1,False,2026-08-24T19:00:00Z,2,3,1,False,7,0,0,0,0,0,0,0,0,0,0,0,3,0.2,0.4,0.0,0.1,0,1,0,1,0,0.00,0.00,0.00,0.09,65,0,109575,0,0,157,Estêvão,MID,6,CHE,FUL
157,16,5,0,True,2026-08-30T13:00:00Z,4,3,2,False,0,0,0,0,0,0,0,0,0,0,0,0,0,0.0,0.0,0.0,0.0,0,0,0,0,0,0.00,0.00,0.00,0.00,65,-18220,111448,5564,23784,157,Estêvão,MID,6,CHE,BHA
157,29,1,1,False,2026-09-06T15:30:00Z,2,1,3,False,9,0,0,0,0,0,0,0,0,0,0,0,5,3.2,0.4,17.0,2.1,0,0,0,0,0,0.04,0.00,0.04,0.00,64,-31266,84845,3486,34752,157,Estêvão,MID,6,CHE,ARS
157,33,11,1,True,2026-09-12T14:00:00Z,2,2,4,False,4,0,0,0,0,0,0,0,0,0,0,0,6,5.0,0.5,21.0,2.7,0,0,1,1,0,0.03,0.07,0.10,0.49,64,-10183,79584,3867,14050,157,Estêvão,MID,6,CHE,HUL
157,41,4,1,False,2026-09-18T19:00:00Z,3,0,5,False,3,0,0,0,1,0,0,0,0,0,0,0,3,0.2,0.3,0.0,0.1,0,0,0,0,0,0.00,0.00,0.00,0.43,63,-7152,74742,2997,10149,157,Estêvão,MID,6,CHE,BRE
158,10,10,0,False,2026-08-24T19:00:00Z,2,3,1,False,0,0,0,0,0,0,0,0,0,0,0,0,0,0.0,0.0,0.0,0.0,0,0,0,0,0,0.00,0.00,0.00,0.00,60,0,3231,0,0,158,Gittens,MID,6,CHE,FUL
158,16,5,0,True,2026-08-30T13:00:00Z,4,3,2,False,0,0,0,0,0,0,0,0,0,0,0,0,0,0.0,0.0,0.0,0.0,0,0,0,0,0,0.00,0.00,0.00,0.00,60,-502,3391,271,773,158,Gittens,MID,6,CHE,BHA
158,29,1,0,False,2026-09-06T15:30:00Z,2,1,3,False,0,0,0,0,0,0,0,0,0,0,0,0,0,0.0,0.0,0.0,0.0,0,0,0,0,0,0.00,0.00,0.00,0.00,59,-715,2954,260,975,158,Gittens,MID,6,CHE,ARS
158,33,11,0,True,2026-09-12T14:00:00Z,2,2,4,False,0,0,0,0,0,0,0,0,0,0,0,0,0,0.0,0.0,0.0,0.0,0,0,0,0,0,0.00,0.00,0.00,0.00,59,-225,2962,250,475,158,Gittens,MID,6,CHE,HUL
158,41,4,0,False,2026-09-18T19:00:00Z,3,0,5,False,0,0,0,0,0,0,0,0,0,0,0,0,0,0.0,0.0,0.0,0.0,0,0,0,0,0,0.00,0.00,0.00,0.00,59,-209,2922,198,407,158,Gittens,MID,6,CHE,BRE
159,10,10,0,False,2026-08-24T19:00:00Z,2,3,1,False,0,0,0,0,0,0,0,0,0,0,0,0,0,0.0,0.0,0.0,0.0,0,0,0,0,0,0.00,0.00,0.00,0.00,55,0,347122,0,0,159,Caicedo,MID,6,CHE,FUL
159,16,5,1,True,2026-08-30T13:00:00Z,4,3,2,False,13,0,0,0,0,0,0,0,0,0,0,0,3,0.0,0.1,0.0,0.0,0,0,0,0,0,0.00,0.00,0.00,0.07,55,-88842,282404,9481,98323,159,Caicedo,MID,6,CHE,BHA
159,29,1,0,False,2026-09-06T15:30:00Z,2,1,3,False,0,0,0,0,0,0,0,0,0,0,0,0,0,0.0,0.0,0.0,0.0,0,0,0,0,0,0.00,0.00,0.00,0.00,54,-88920,192746,3231,92151,159,Caicedo,MID,6,CHE,ARS
159,33,11,0,True,2026-09-12T14:00:00Z,2,2,4,False,0,0,0,0,0,0,0,0,0,0,0,0,0,0.0,0.0,0.0,0.0,0,0,0,0,0,0.00,0.00,0.00,0.00,54,-48857,149377,1342,50199,159,Caicedo,MID,6,CHE,HUL
159,41,4,0,False,2026-09-18T19:00:00Z,3,0,5,False,0,0,0,0,0,0,0,0,0,0,0,0,0,0.0,0.0,0.0,0.0,0,0,0,0,0,0.00,0.00,0.00,0.00,53,-31135,120861,584,31719,159,Caicedo,MID,6,CHE,BRE
161,10,10,1,False,2026-08-24T19:00:00Z,2,3,1,False,64,0,0,0,2,0,0,0,1,0,0,0,8,13.6,21.9,33.0,6.9,2,4,3,9,1,0.21,0.03,0.24,1.05,50,0,4654,0,0,161,Lavia,MID,6,CHE,FUL
161,16,5,7,True,2026-08-30T13:00:00Z,4,3,2,False,67,1,0,0,2,0,0,0,0,0,0,0,32,39.0,0.8,33.0,7.3,3,3,1,7,1,0.54,0.00,0.54,1.26,50,254,6337,1173,919,161,Lavia,MID,6,CHE,BHA
161,29,1,1,False,2026-09-06T15:30:00Z,2,1,3,False,59,0,0,0,2,0,0,0,0,0,0,0,7,5.8,1.5,0.0,0.7,2,3,1,6,1,0.00,0.01,0.01,1.91,50,9966,20847,13724,3758,161,Lavia,MID,6,CHE,ARS
161,33,11,2,True,2026-09-12T14:00:00Z,2,2,4,False,68,0,0,0,2,0,0,0,0,0,0,0,14,7.4,4.9,0.0,1.2,3,5,1,9,1,0.00,0.07,0.07,0.84,50,3527,25157,7547,4020,161,Lavia,MID,6,CHE,HUL
161,41,4,0,False,2026-09-18T19:00:00Z,3,0,5,False,0,0,0,0,0,0,0,0,0,0,0,0,0,0.0,0.0,0.0,0.0,0,0,0,0,0,0.00,0.00,0.00,0.00,50,-1482,24300,2931,4413,161,Lavia,MID,6,CHE,BRE
163,10,10,0,False,2026-08-24T19:00:00Z,2,3,1,False,0,0,0,0,0,0,0,0,0,0,0,0,0,0.0,0.0,0.0,0.0,0,0,0,0,0,0.00,0.00,0.00,0.00,45,0,18298,0,0,163,D.Essugo,MID,6,CHE,FUL
163,16,5,0,True,2026-08-30T13:00:00Z,4,3,2,False,0,0,0,0,0,0,0,0,0,0,0,0,0,0.0,0.0,0.0,0.0,0,0,0,0,0,0.00,0.00,0.00,0.00,45,-1635,18847,1252,2887,163,D.Essugo,MID,6,CHE,BHA
163,29,1,0,False,2026-09-06T15:30:00Z,2,1,3,False,0,0,0,0,0,0,0,0,0,0,0,0,0,0.0,0.0,0.0,0.0,0,0,0,0,0,0.00,0.00,0.00,0.00,45,-3147,16417,1446,4593,163,D.Essugo,MID,6,CHE,ARS
163,33,11,0,True,2026-09-12T14:00:00Z,2,2,4,False,0,0,0,0,0,0,0,0,0,0,0,0,0,0.0,0.0,0.0,0.0,0,0,0,0,0,0.00,0.00,0.00,0.00,45,-4174,12126,0,4174,163,D.Essugo,MID,6,CHE,HUL
163,41,4,0,False,2026-09-18T19:00:00Z,3,0,5,False,0,0,0,0,0,0,0,0,0,0,0,0,0,0.0,0.0,0.0,0.0,0,0,0,0,0,0.00,0.00,0.00,0.00,45,-2058,10348,0,2058,163,D.Essugo,MID,6,CHE,BRE
164,10,10,1,False,2026-08-24T19:00:00Z,2,3,1,False,8,0,0,0,0,0,0,0,0,0,0,0,2,1.2,0.3,2.0,0.4,1,0,0,1,0,0.00,0.00,0.00,0.09,55,0,3758,0,0,164,Quenda,MID,6,CHE,FUL
164,16,5,0,True,2026-08-30T13:00:00Z,4,3,2,False,0,0,0,0,0,0,0,0,0,0,0,0,0,0.0,0.0,0.0,0.0,0,0,0,0,0,0.00,0.00,0.00,0.00,55,-589,4061,231,820,164,Quenda,MID,6,CHE,BHA
164,29,1,0,False,2026-09-06T15:30:00Z,2,1,3,False,0,0,0,0,0,0,0,0,0,0,0,0,0,0.0,0.0,0.0,0.0,0,0,0,0,0,0.00,0.00,0.00,0.00,54,-904,3704,292,1196,164,Quenda,MID,6,CHE,ARS
164,33,11,0,True,2026-09-12T14:00:00Z,2,2,4,False,0,0,0,0,0,0,0,0,0,0,0,0,0,0.0,0.0,0.0,0.0,0,0,0,0,0,0.00,0.00,0.00,0.00,54,-517,3551,154,671,164,Quenda,MID,6,CHE,HUL
164,41,4,1,False,2026-09-18T19:00:00Z,3,0,5,False,19,0,0,0,2,0,0,0,0,0,0,0,3,0.4,1.8,6.0,0.8,0,0,0,0,0,0.03,0.01,0.04,1.20,53,-378,3422,155,533,164,Quenda,MID,6,CHE,BRE
165,10,10,11,False,2026-08-24T19:00:00Z,2,3,1,False,90,1,1,0,2,0,0,0,0,0,0,2,45,51.2,23.0,37.0,11.1,1,2,0,3,1,0.63,0.06,0.69,1.33,75,0,5764207,0,0,165,João Pedro,FWD,6,CHE,FUL
165,16,5,9,True,2026-08-30T13:00:00Z,4,3,2,False,90,1,1,0,3,1,0,0,0,0,0,2,44,52.8,22.5,46.0,12.1,0,2,1,3,1,1.23,0.04,1.27,1.41,76,377023,6802308,405188,28165,165,João Pedro,FWD,6,CHE,BHA
165,29,1,1,False,2026-09-06T15:30:00Z,2,1,3,False,90,0,0,0,2,0,0,0,1,0,0,0,8,0.0,28.8,9.0,3.7,0,1,0,1,1,0.02,0.05,0.07,2.05,77,255757,7177659,446528,190771,165,João Pedro,FWD,6,CHE,ARS
165,33,11,12,True,2026-09-12T14:00:00Z,2,2,4,False,90,1,1,0,2,0,0,0,0,0,0,3,44,54.4,15.7,31.0,10.1,2,0,0,2,1,0.29,0.04,0.33,1.38,77,296877,7935710,401634,104757,165,João Pedro,FWD,6,CHE,HUL
165,41,4,0,False,2026-09-18T19:00:00Z,3,0,5,False,0,0,0,0,0,0,0,0,0,0,0,0,0,0.0,0.0,0.0,0.0,0,0,0,0,0,0.00,0.00,0.00,0.00,78,-487412,7300631,261391,748803,165,João Pedro,FWD,6,CHE,BRE
168,10,10,0,False,2026-08-24T19:00:00Z,2,3,1,False,0,0,0,0,0,0,0,0,0,0,0,0,0,0.0,0.0,0.0,0.0,0,0,0,0,0,0.00,0.00,0.00,0.00,50,0,42801,0,0,168,Marc Guiu,FWD,6,CHE,FUL
168,16,5,0,True,2026-08-30T13:00:00Z,4,3,2,False,0,0,0,0,0,0,0,0,0,0,0,0,0,0.0,0.0,0.0,0.0,0,0,0,0,0,0.00,0.00,0.00,0.00,50,-3968,43955,2178,6146,168,Marc Guiu,FWD,6,CHE,BHA
168,29,1,0,False,2026-09-06T15:30:00Z,2,1,3,False,0,0,0,0,0,0,0,0,0,0,0,0,0,0.0,0.0,0.0,0.0,0,0,0,0,0,0.00,0.00,0.00,0.00,50,-10863,33721,1924,12787,168,Marc Guiu,FWD,6,CHE,ARS
168,33,11,0,True,2026-09-12T14:00:00Z,2,2,4,False,0,0,0,0,0,0,0,0,0,0,0,0,0,0.0,0.0,0.0,0.0,0,0,0,0,0,0.00,0.00,0.00,0.00,50,-8710,25300,0,8710,168,Marc Guiu,FWD,6,CHE,HUL
168,41,4,0,False,2026-09-18T19:00:00Z,3,0,5,False,0,0,0,0,0,0,0,0,0,0,0,0,0,0.0,0.0,0.0,0.0,0,0,0,0,0,0.00,0.00,0.00,0.00,50,-4081,21634,0,4081,168,Marc Guiu,FWD,6,CHE,BRE
169,10,10,0,False,2026-08-24T19:00:00Z,2,3,1,False,0,0,0,0,0,0,0,0,0,0,0,0,0,0.0,0.0,0.0,0.0,0,0,0,0,0,0.00,0.00,0.00,0.00,45,0,30422,0,0,169,Mheuka,FWD,6,CHE,FUL
169,16,5,0,True,2026-08-30T13:00:00Z,4,3,2,False,0,0,0,0,0,0,0,0,0,0,0,0,0,0.0,0.0,0.0,0.0,0,0,0,0,0,0.00,0.00,0.00,0.00,45,-1480,34265,2929,4409,169,Mheuka,FWD,6,CHE,BHA
169,29,1,0,False,2026-09-06T15:30:00Z,2,1,3,False,0,0,0,0,0,0,0,0,0,0,0,0,0,0.0,0.0,0.0,0.0,0,0,0,0,0,0.00,0.00,0.00,0.00,45,2681,43546,8439,5758,169,Mheuka,FWD,6,CHE,ARS
169,33,11,0,True,2026-09-12T14:00:00Z,2,2,4,False,0,0,0,0,0,0,0,0,0,0,0,0,0,0.0,0.0,0.0,0.0,0,0,0,0,0,0.00,0.00,0.00,0.00,45,1152,44291,6884,5732,169,Mheuka,FWD,6,CHE,HUL
169,41,4,0,False,2026-09-18T19:00:00Z,3,0,5,False,0,0,0,0,0,0,0,0,0,0,0,0,0,0.0,0.0,0.0,0.0,0,0,0,0,0,0.00,0.00,0.00,0.00,45,3579,54118,9469,5890,169,Mheuka,FWD,6,CHE,BRE
170,10,10,0,False,2026-08-24T19:00:00Z,2,3,1,False,0,0,0,0,0,0,0,0,0,0,0,0,0,0.0,0.0,0.0,0.0,0,0,0,0,0,0.00,0.00,0.00,0.00,50,0,11724,0,0,170,Emegha,FWD,6,CHE,FUL
170,16,5,0,True,2026-08-30T13:00:00Z,4,3,2,False,0,0,0,0,0,0,0,0,0,0,0,0,0,0.0,0.0,0.0,0.0,0,0,0,0,0,0.00,0.00,0.00,0.00,50,-884,14647,1450,2334,170,Emegha,FWD,6,CHE,BHA
170,29,1,0,False,2026-09-06T15:30:00Z,2,1,3,False,0,0,0,0,0,0,0,0,0,0,0,0,0,0.0,0.0,0.0,0.0,0,0,0,0,0,0.00,0.00,0.00,0.00,50,-539,15735,2709,3248,170,Emegha,FWD,6,CHE,ARS
170,33,11,0,True,2026-09-12T14:00:00Z,2,2,4,False,0,0,0,0,0,0,0,0,0,0,0,0,0,0.0,0.0,0.0,0.0,0,0,0,0,0,0.00,0.00,0.00,0.00,50,-1425,14885,1719,3144,170,Emegha,FWD,6,CHE,HUL
170,41,4,0,False,2026-09-18T19:00:00Z,3,0,5,False,0,0,0,0,0,0,0,0,0,0,0,0,0,0.0,0.0,0.0,0.0,0,0,0,0,0,0.00,0.00,0.00,0.00,50,-2659,12321,122,2781,170,Emegha,FWD,6,CHE,BRE
200,10,10,6,False,2026-08-24T19:00:00Z,2,3,1,False,90,0,1,0,2,0,0,0,0,0,0,0,25,44.2,11.2,2.0,5.7,7,2,5,12,1,0.00,0.20,0.20,1.33,60,0,792478,0,0,200,Lacroix,DEF,6,CHE,FUL
200,16,5,1,True,2026-08-30T13:00:00Z,4,3,2,False,90,0,0,0,3,0,0,0,0,0,0,0,-3,13.0,0.1,6.0,1.9,8,1,1,9,1,0.02,0.00,0.02,1.41,60,18715,946023,63522,44807,200,Lacroix,DEF,6,CHE,BHA
200,29,1,2,False,2026-09-06T15:30:00Z,2,1,3,False,90,0,0,0,2,0,0,0,1,0,0,0,3,26.0,1.3,2.0,2.9,9,2,2,11,1,0.00,0.01,0.01,2.05,60,-117331,839049,32879,150210,200,Lacroix,DEF,6,CHE,ARS
200,33,11,1,True,2026-09-12T14:00:00Z,2,2,4,False,4,0,0,0,0,0,0,0,0,0,0,0,4,3.6,0.0,0.0,0.4,2,0,1,3,0,0.00,0.00,0.00,0.49,60,-19123,865615,60756,79879,200,Lacroix,DEF,6,CHE,HUL
200,41,4,3,False,2026-09-18T19:00:00Z,3,0,5,False,90,0,0,0,3,0,0,0,0,0,0,0,-1,29.4,1.3,4.0,3.5,11,3,1,12,1,0.13,0.01,0.14,2.65,60,-111183,749577,9497,120680,200,Lacroix,DEF,6,CHE,BRE
560,10,10,0,False,2026-08-24T19:00:00Z,2,3,1,False,0,0,0,0,0,0,0,0,0,0,0,0,0,0.0,0.0,0.0,0.0,0,0,0,0,0,0.00,0.00,0.00,0.00,45,0,6087,0,0,560,Penders,GK,6,CHE,FUL
560,16,5,0,True,2026-08-30T13:00:00Z,4,3,2,False,0,0,0,0,0,0,0,0,0,0,0,0,0,0.0,0.0,0.0,0.0,0,0,0,0,0,0.00,0.00,0.00,0.00,45,-370,7073,395,765,560,Penders,GK,6,CHE,BHA
560,29,1,0,False,2026-09-06T15:30:00Z,2,1,3,False,0,0,0,0,0,0,0,0,0,0,0,0,0,0.0,0.0,0.0,0.0,0,0,0,0,0,0.00,0.00,0.00,0.00,45,-769,6809,363,1132,560,Penders,GK,6,CHE,ARS
560,33,11,0,True,2026-09-12T14:00:00Z,2,2,4,False,0,0,0,0,0,0,0,0,0,0,0,0,0,0.0,0.0,0.0,0.0,0,0,0,0,0,0.00,0.00,0.00,0.00,44,-482,6637,321,803,560,Penders,GK,6,CHE,HUL
560,41,4,0,False,2026-09-18T19:00:00Z,3,0,5,False,0,0,0,0,0,0,0,0,0,0,0,0,0,0.0,0.0,0.0,0.0,0,0,0,0,0,0.00,0.00,0.00,0.00,44,76,7232,696,620,560,Penders,GK,6,CHE,BRE
561,10,10,0,False,2026-08-24T19:00:00Z,2,3,1,False,0,0,0,0,0,0,0,0,0,0,0,0,0,0.0,0.0,0.0,0.0,0,0,0,0,0,0.00,0.00,0.00,0.00,45,0,1770,0,0,561,Anselmino,DEF,6,CHE,FUL
561,16,5,0,True,2026-08-30T13:00:00Z,4,3,2,False,0,0,0,0,0,0,0,0,0,0,0,0,0,0.0,0.0,0.0,0.0,0,0,0,0,0,0.00,0.00,0.00,0.00,45,-324,1737,122,446,561,Anselmino,DEF,6,CHE,BHA
561,29,1,0,False,2026-09-06T15:30:00Z,2,1,3,False,0,0,0,0,0,0,0,0,0,0,0,0,0,0.0,0.0,0.0,0.0,0,0,0,0,0,0.00,0.00,0.00,0.00,45,-49,1971,225,274,561,Anselmino,DEF,6,CHE,ARS
561,33,11,0,True,2026-09-12T14:00:00Z,2,2,4,False,0,0,0,0,0,0,0,0,0,0,0,0,0,0.0,0.0,0.0,0.0,0,0,0,0,0,0.00,0.00,0.00,0.00,45,10,2091,222,212,561,Anselmino,DEF,6,CHE,HUL
561,41,4,0,False,2026-09-18T19:00:00Z,3,0,5,False,0,0,0,0,0,0,0,0,0,0,0,0,0,0.0,0.0,0.0,0.0,0,0,0,0,0,0.00,0.00,0.00,0.00,45,-28,2152,188,216,561,Anselmino,DEF,6,CHE,BRE
568,10,10,0,False,2026-08-24T19:00:00Z,2,3,1,False,0,0,0,0,0,0,0,0,0,0,0,0,0,0.0,0.0,0.0,0.0,0,0,0,0,0,0.00,0.00,0.00,0.00,55,0,12041,0,0,568,Barco,MID,6,CHE,FUL
568,16,5,1,True,2026-08-30T13:00:00Z,4,3,2,False,8,0,0,0,1,0,0,0,0,0,0,0,1,0.0,0.0,4.0,0.2,1,0,0,1,0,0.04,0.00,0.04,0.07,55,-1133,13561,528,1661,568,Barco,MID,6,CHE,BHA
568,29,1,0,False,2026-09-06T15:30:00Z,2,1,3,False,0,0,0,0,0,0,0,0,0,0,0,0,0,0.0,0.0,0.0,0.0,0,0,0,0,0,0.00,0.00,0.00,0.00,55,-1018,13655,1055,2073,568,Barco,MID,6,CHE,ARS
568,33,11,0,True,2026-09-12T14:00:00Z,2,2,4,False,21,0,0,0,0,0,0,0,1,0,0,0,7,1.6,2.9,2.0,0.7,1,1,0,2,0,0.00,0.09,0.09,0.54,55,-591,13757,863,1454,568,Barco,MID,6,CHE,HUL
568,41,4,2,False,2026-09-18T19:00:00Z,3,0,5,False,86,0,0,0,2,0,0,0,0,0,0,0,21,11.2,4.3,5.0,2.1,2,4,3,9,1,0.03,0.02,0.05,2.22,54,-902,13260,477,1379,568,Barco,MID,6,CHE,BRE
583,10,10,1,False,2026-08-24T19:00:00Z,2,3,1,False,25,0,0,0,0,0,0,0,0,0,0,0,3,2.4,0.2,2.0,0.5,1,1,0,1,0,0.00,0.00,0.00,0.28,50,0,17073,0,0,583,Chavarria,DEF,6,CHE,FUL
583,16,5,1,True,2026-08-30T13:00:00Z,4,3,2,False,18,0,0,0,1,0,0,0,0,0,0,0,1,6.4,0.3,0.0,0.7,2,1,1,3,0,0.00,0.02,0.02,0.09,50,-1477,19574,1081,2558,583,Chavarria,DEF,6,CHE,BHA
583,29,1,1,False,2026-09-06T15:30:00Z,2,1,3,False,30,0,0,0,0,0,0,0,0,0,0,0,2,2.4,2.0,4.0,0.8,1,1,1,2,0,0.00,0.00,0.00,0.14,50,-3413,17402,664,4077,583,Chavarria,DEF,6,CHE,ARS
583,33,11,1,True,2026-09-12T14:00:00Z,2,2,4,False,45,0,0,0,0,0,0,0,0,0,0,0,4,2.0,1.7,2.0,0.6,1,1,0,1,0,0.00,0.01,0.01,0.94,49,-1611,16748,686,2297,583,Chavarria,DEF,6,CHE,HUL
583,41,4,1,False,2026-09-18T19:00:00Z,3,0,5,False,90,0,0,0,3,0,0,0,0,0,0,0,7,17.6,27.2,4.0,4.9,6,3,3,9,1,0.04,0.04,0.08,2.65,49,-1145,16124,529,1674,583,Chavarria,DEF,6,CHE,BRE
662,41,4,1,False,2026-09-18T19:00:00Z,3,0,5,False,3,0,0,0,1,0,0,0,0,0,0,0,5,4.6,1.7,0.0,0.6,0,0,2,2,0,0.00,0.00,0.00,0.43,45,0,0,0,0,662,Nicoll-Jazuli,MID,6,CHE,BRE
91,2,19,0,True,2026-08-22T16:30:00Z,3,0,1,False,0,0,0,0,0,0,0,0,0,0,0,0,0,0.0,0.0,0.0,0.0,0,0,0,0,0,0.00,0.00,0.00,0.00,45,0,7000,0,0,91,Pinnock,DEF,7,COV,TOT
91,13,11,1,True,2026-08-29T14:00:00Z,0,1,2,False,12,0,0,0,1,0,0,0,0,0,0,0,-1,3.8,0.7,0.0,0.5,2,0,0,2,0,0.00,0.00,0.00,0.54,45,-397,7757,574,971,91,Pinnock,DEF,7,COV,HUL
91,26,15,3,False,2026-09-05T14:00:00Z,1,0,3,False,90,0,0,0,1,0,0,0,1,0,0,0,3,18.2,0.0,6.0,2.4,12,2,1,13,1,0.11,0.00,0.11,2.12,45,-811,7182,505,1316,91,Pinnock,DEF,7,COV,MCI
91,38,5,2,True,2026-09-13T13:00:00Z,0,5,4,False,90,0,0,0,5,0,0,0,0,0,0,0,-11,18.0,0.7,4.0,2.3,8,1,2,10,1,0.01,0.00,0.01,2.81,45,-82,7467,688,770,91,Pinnock,DEF,7,COV,BHA
91,47,18,8,False,2026-09-19T16:30:00Z,0,1,5,False,90,0,0,1,0,0,0,0,0,0,0,0,24,50.8,0.3,0.0,5.1,19,1,0,19,1,0.00,0.00,0.00,1.10,45,-312,7218,402,714,91,Pinnock,DEF,7,COV,NFO
104,1,1,2,False,2026-08-21T19:00:00Z,3,0,1,False,90,0,0,0,3,0,0,0,0,0,0,0,8,3.6,1.6,0.0,0.5,3,5,1,9,1,0.00,0.01,0.01,1.88,50,0,13188,0,0,104,Onyeka,MID,7,COV,ARS
104,13,11,0,True,2026-08-29T14:00:00Z,0,1,2,False,0,0,0,0,0,0,0,0,0,0,0,0,0,0.0,0.0,0.0,0.0,0,0,0,0,0,0.00,0.00,0.00,0.00,50,856,16442,2456,1600,104,Onyeka,MID,7,COV,HUL
104,26,15,2,False,2026-09-05T14:00:00Z,1,0,3,False,62,0,0,0,1,0,0,0,0,0,0,0,5,0.4,0.4,0.0,0.1,0,2,1,3,1,0.00,0.00,0.00,1.17,50,-3826,12452,379,4205,104,Onyeka,MID,7,COV,MCI
104,38,5,2,True,2026-09-13T13:00:00Z,0,5,4,False,72,0,0,0,3,0,0,0,0,0,0,0,11,6.2,0.9,21.0,2.8,2,4,1,7,1,0.03,0.01,0.04,2.16,49,-1084,11832,629,1713,104,Onyeka,MID,7,COV,BHA
104,47,18,3,False,2026-09-19T16:30:00Z,0,1,5,False,90,0,0,1,0,0,0,0,0,0,0,0,10,9.2,1.8,0.0,1.1,4,3,2,9,1,0.00,0.00,0.00,1.10,49,-1263,10664,346,1609,104,Onyeka,MID,7,COV,NFO
110,1,1,1,False,2026-08-21T19:00:00Z,3,0,1,False,90,0,0,0,3,0,0,0,0,0,2,0,0,14.2,0.0,0.0,1.4,1,7,0,0,1,0.00,0.01,0.01,1.88,45,0,100521,0,0,110,Rushworth,GK,7,COV,ARS
110,13,11,2,True,2026-08-29T14:00:00Z,0,1,2,False,90,0,0,0,1,0,0,0,0,0,1,0,10,10.6,0.0,0.0,1.1,1,13,0,0,1,0.00,0.00,0.00,0.72,45,7259,122624,11931,4672,110,Rushworth,GK,7,COV,HUL
110,26,15,2,False,2026-09-05T14:00:00Z,1,0,3,False,90,0,0,0,1,0,0,0,0,0,2,0,13,18.8,0.0,0.0,1.9,1,9,0,0,1,0.00,0.00,0.00,2.12,45,-16015,95482,2938,18953,110,Rushworth,GK,7,COV,MCI
110,38,5,0,True,2026-09-13T13:00:00Z,0,5,4,False,90,0,0,0,5,0,0,0,0,0,2,0,-5,18.0,0.0,0.0,1.8,1,11,0,0,1,0.00,0.01,0.01,2.81,45,-11337,95177,5350,16687,110,Rushworth,GK,7,COV,BHA
110,47,18,11,False,2026-09-19T16:30:00Z,0,1,5,False,90,0,1,1,0,0,0,0,0,0,2,2,38,29.0,10.0,0.0,3.9,0,10,0,0,1,0.00,0.00,0.00,1.10,45,-11924,84063,928,12852,110,Rushworth,GK,7,COV,NFO
171,1,1,0,False,2026-08-21T19:00:00Z,3,0,1,False,0,0,0,0,0,0,0,0,0,0,0,0,0,0.0,0.0,0.0,0.0,0,0,0,0,0,0.00,0.00,0.00,0.00,40,0,142267,0,0,171,Dovin,GK,7,COV,ARS
171,13,11,0,True,2026-08-29T14:00:00Z,0,1,2,False,0,0,0,0,0,0,0,0,0,0,0,0,0,0.0,0.0,0.0,0.0,0,0,0,0,0,0.00,0.00,0.00,0.00,40,-3777,152756,2634,6411,171,Dovin,GK,7,COV,HUL
171,26,15,0,False,2026-09-05T14:00:00Z,1,0,3,False,0,0,0,0,0,0,0,0,0,0,0,0,0,0.0,0.0,0.0,0.0,0,0,0,0,0,0.00,0.00,0.00,0.00,40,-12005,141466,6290,18295,171,Dovin,GK,7,COV,MCI
171,38,5,0,True,2026-09-13T13:00:00Z,0,5,4,False,0,0,0,0,0,0,0,0,0,0,0,0,0,0.0,0.0,0.0,0.0,0,0,0,0,0,0.00,0.00,0.00,0.00,40,-18083,122705,0,18083,171,Dovin,GK,7,COV,BHA
171,47,18,0,False,2026-09-19T16:30:00Z,0,1,5,False,0,0,0,0,0,0,0,0,0,0,0,0,0,0.0,0.0,0.0,0.0,0,0,0,0,0,0.00,0.00,0.00,0.00,40,-10379,112931,0,10379,171,Dovin,GK,7,COV,NFO
172,1,1,0,False,2026-08-21T19:00:00Z,3,0,1,False,0,0,0,0,0,0,0,0,0,0,0,0,0,0.0,0.0,0.0,0.0,0,0,0,0,0,0.00,0.00,0.00,0.00,45,0,42690,0,0,172,Wilson,GK,7,COV,ARS
172,13,11,0,True,2026-08-29T14:00:00Z,0,1,2,False,0,0,0,0,0,0,0,0,0,0,0,0,0,0.0,0.0,0.0,0.0,0,0,0,0,0,0.00,0.00,0.00,0.00,45,-3213,45549,227,3440,172,Wilson,GK,7,COV,HUL
172,26,15,0,False,2026-09-05T14:00:00Z,1,0,3,False,0,0,0,0,0,0,0,0,0,0,0,0,0,0.0,0.0,0.0,0.0,0,0,0,0,0,0.00,0.00,0.00,0.00,45,-3942,41782,265,4207,172,Wilson,GK,7,COV,MCI
172,38,5,0,True,2026-09-13T13:00:00Z,0,5,4,False,0,0,0,0,0,0,0,0,0,0,0,0,0,0.0,0.0,0.0,0.0,0,0,0,0,0,0.00,0.00,0.00,0.00,45,-2072,40175,242,2314,172,Wilson,GK,7,COV,BHA
172,47,18,0,False,2026-09-19T16:30:00Z,0,1,5,False,0,0,0,0,0,0,0,0,0,0,0,0,0,0.0,0.0,0.0,0.0,0,0,0,0,0,0.00,0.00,0.00,0.00,44,-1300,39278,436,1736,172,Wilson,GK,7,COV,NFO
173,1,1,3,False,2026-08-21T19:00:00Z,3,0,1,False,90,0,0,0,3,0,0,0,0,0,0,0,11,23.2,11.2,1.0,3.5,9,2,1,10,1,0.02,0.01,0.03,1.88,40,0,721945,0,0,173,Thomas,DEF,7,COV,ARS
173,13,11,8,True,2026-08-29T14:00:00Z,0,1,2,False,77,0,0,1,0,0,0,0,0,0,0,2,28,17.0,0.7,0.0,1.8,9,6,0,9,1,0.00,0.01,0.01,0.18,40,14221,791028,38111,23890,173,Thomas,DEF,7,COV,HUL
173,26,15,4,False,2026-09-05T14:00:00Z,1,0,3,False,90,0,0,0,1,0,0,0,0,0,0,0,19,20.6,20.8,24.0,6.5,11,3,1,12,1,0.22,0.17,0.39,2.12,40,44441,883716,114108,69667,173,Thomas,DEF,7,COV,MCI
173,38,5,0,True,2026-09-13T13:00:00Z,0,5,4,False,90,0,0,0,5,0,0,0,0,0,0,0,-17,6.8,0.4,23.0,3.0,8,2,0,8,1,0.19,0.07,0.26,2.81,40,70975,1003377,154241,83266,173,Thomas,DEF,7,COV,BHA
173,47,18,9,False,2026-09-19T16:30:00Z,0,1,5,False,90,0,0,1,0,0,0,0,0,0,0,1,37,27.2,0.6,8.0,3.6,12,3,1,13,1,0.06,0.04,0.10,1.10,40,-45227,932075,30974,76201,173,Thomas,DEF,7,COV,NFO
174,1,1,0,False,2026-08-21T19:00:00Z,3,0,1,False,0,0,0,0,0,0,0,0,0,0,0,0,0,0.0,0.0,0.0,0.0,0,0,0,0,0,0.00,0.00,0.00,0.00,40,0,60272,0,0,174,Kitching,DEF,7,COV,ARS
174,13,11,0,True,2026-08-29T14:00:00Z,0,1,2,False,0,0,0,0,0,0,0,0,0,0,0,0,0,0.0,0.0,0.0,0.0,0,0,0,0,0,0.00,0.00,0.00,0.00,40,-4266,64130,520,4786,174,Kitching,DEF,7,COV,HUL
174,26,15,0,False,2026-09-05T14:00:00Z,1,0,3,False,0,0,0,0,0,0,0,0,0,0,0,0,0,0.0,0.0,0.0,0.0,0,0,0,0,0,0.00,0.00,0.00,0.00,40,-9976,53997,461,10437,174,Kitching,DEF,7,COV,MCI
174,38,5,0,True,2026-09-13T13:00:00Z,0,5,4,False,0,0,0,0,0,0,0,0,0,0,0,0,0,0.0,0.0,0.0,0.0,0,0,0,0,0,0.00,0.00,0.00,0.00,40,-10533,43580,0,10533,174,Kitching,DEF,7,COV,BHA
174,47,18,0,False,2026-09-19T16:30:00Z,0,1,5,False,0,0,0,0,0,0,0,0,0,0,0,0,0,0.0,0.0,0.0,0.0,0,0,0,0,0,0.00,0.00,0.00,0.00,40,-5337,38582,0,5337,174,Kitching,DEF,7,COV,NFO
175,1,1,1,False,2026-08-21T19:00:00Z,3,0,1,False,90,0,0,0,3,0,0,0,0,0,0,0,-8,10.6,2.0,2.0,1.5,6,3,1,7,1,0.00,0.01,0.01,1.88,40,0,1257228,0,0,175,van Ewijk,DEF,7,COV,ARS
175,13,11,2,True,2026-08-29T14:00:00Z,0,1,2,False,90,0,0,0,1,0,0,0,0,0,0,0,15,15.4,33.9,6.0,5.5,1,3,1,2,1,0.00,0.19,0.19,0.72,40,-15407,1295672,34451,49858,175,van Ewijk,DEF,7,COV,HUL
175,26,15,3,False,2026-09-05T14:00:00Z,1,0,3,False,90,0,0,0,1,0,0,0,1,0,0,0,5,16.8,5.2,2.0,2.4,8,4,3,11,1,0.00,0.06,0.06,2.12,40,-80255,1209039,41712,121967,175,van Ewijk,DEF,7,COV,MCI
175,38,5,0,True,2026-09-13T13:00:00Z,0,5,4,False,90,0,0,0,5,0,0,0,0,0,0,0,-5,18.8,11.6,4.0,3.4,6,3,1,7,1,0.00,0.04,0.04,2.81,40,-106326,1124770,32583,138909,175,van Ewijk,DEF,7,COV,BHA
175,47,18,0,False,2026-09-19T16:30:00Z,0,1,5,False,0,0,0,0,0,0,0,0,0,0,0,0,0,0.0,0.0,0.0,0.0,0,0,0,0,0,0.00,0.00,0.00,0.00,40,-100781,1016866,13159,113940,175,van Ewijk,DEF,7,COV,NFO
176,1,1,1,False,2026-08-21T19:00:00Z,3,0,1,False,90,0,0,0,3,0,0,0,0,0,0,0,-4,13.8,3.8,0.0,1.8,6,1,0,6,1,0.00,0.02,0.02,1.88,40,0,73424,0,0,176,Dasilva,DEF,7,COV,ARS
176,13,11,2,True,2026-08-29T14:00:00Z,0,1,2,False,90,0,0,0,1,0,0,0,0,0,0,0,15,15.2,7.3,17.0,4.0,1,3,2,3,1,0.18,0.05,0.23,0.72,40,-830,82832,3224,4054,176,Dasilva,DEF,7,COV,HUL
176,26,15,2,False,2026-09-05T14:00:00Z,1,0,3,False,84,0,0,0,1,0,0,0,0,0,0,0,10,21.8,14.9,0.0,3.7,5,3,2,7,1,0.00,0.08,0.08,2.12,40,-4522,79293,2664,7186,176,Dasilva,DEF,7,COV,MCI
176,38,5,0,True,2026-09-13T13:00:00Z,0,5,4,False,90,0,0,0,5,0,0,0,0,0,0,0,-7,12.8,26.0,0.0,3.9,3,3,0,3,1,0.00,0.33,0.33,2.81,40,-2321,77723,2492,4813,176,Dasilva,DEF,7,COV,BHA
176,47,18,15,False,2026-09-19T16:30:00Z,0,1,5,False,90,1,0,1,0,0,0,0,0,0,0,3,40,47.0,15.7,18.0,8.1,4,4,0,4,1,0.32,0.04,0.36,1.10,40,-4010,73323,903,4913,176,Dasilva,DEF,7,COV,NFO
177,1,1,0,False,2026-08-21T19:00:00Z,3,0,1,False,0,0,0,0,0,0,0,0,0,0,0,0,0,0.0,0.0,0.0,0.0,0,0,0,0,0,0.00,0.00,0.00,0.00,40,0,6032,0,0,177,Kesler-Hayden,DEF,7,COV,ARS
177,13,11,0,True,2026-08-29T14:00:00Z,0,1,2,False,0,0,0,0,0,0,0,0,0,0,0,0,0,0.0,0.0,0.0,0.0,0,0,0,0,0,0.00,0.00,0.00,0.00,40,-582,5764,168,750,177,Kesler-Hayden,DEF,7,COV,HUL
177,26,15,0,False,2026-09-05T14:00:00Z,1,0,3,False,0,0,0,0,0,0,0,0,0,0,0,0,0,0.0,0.0,0.0,0.0,0,0,0,0,0,0.00,0.00,0.00,0.00,40,-1131,4676,131,1262,177,Kesler-Hayden,DEF,7,COV,MCI
177,38,5,0,True,2026-09-13T13:00:00Z,0,5,4,False,0,0,0,0,0,0,0,0,0,0,0,0,0,0.0,0.0,0.0,0.0,0,0,0,0,0,0.00,0.00,0.00,0.00,40,-596,4121,114,710,177,Kesler-Hayden,DEF,7,COV,BHA
177,47,18,0,False,2026-09-19T16:30:00Z,0,1,5,False,0,0,0,0,0,0,0,0,0,0,0,0,0,0.0,0.0,0.0,0.0,0,0,0,0,0,0.00,0.00,0.00,0.00,40,-317,3839,186,503,177,Kesler-Hayden,DEF,7,COV,NFO
178,1,1,0,False,2026-08-21T19:00:00Z,3,0,1,False,0,0,0,0,0,0,0,0,0,0,0,0,0,0.0,0.0,0.0,0.0,0,0,0,0,0,0.00,0.00,0.00,0.00,40,0,7091,0,0,178,Bidwell,DEF,7,COV,ARS
178,13,11,0,True,2026-08-29T14:00:00Z,0,1,2,False,0,0,0,0,0,0,0,0,0,0,0,0,0,0.0,0.0,0.0,0.0,0,0,0,0,0,0.00,0.00,0.00,0.00,40,-238,8500,506,744,178,Bidwell,DEF,7,COV,HUL
178,26,15,0,False,2026-09-05T14:00:00Z,1,0,3,False,0,0,0,0,0,0,0,0,0,0,0,0,0,0.0,0.0,0.0,0.0,0,0,0,0,0,0.00,0.00,0.00,0.00,40,-315,8763,663,978,178,Bidwell,DEF,7,COV,MCI
178,38,5,0,True,2026-09-13T13:00:00Z,0,5,4,False,0,0,0,0,0,0,0,0,0,0,0,0,0,0.0,0.0,0.0,0.0,0,0,0,0,0,0.00,0.00,0.00,0.00,40,-160,8754,645,805,178,Bidwell,DEF,7,COV,BHA
178,47,18,0,False,2026-09-19T16:30:00Z,0,1,5,False,0,0,0,0,0,0,0,0,0,0,0,0,0,0.0,0.0,0.0,0.0,0,0,0,0,0,0.00,0.00,0.00,0.00,40,-211,8565,493,704,178,Bidwell,DEF,7,COV,NFO
179,1,1,0,False,2026-08-21T19:00:00Z,3,0,1,False,0,0,0,0,0,0,0,0,0,0,0,0,0,0.0,0.0,0.0,0.0,0,0,0,0,0,0.00,0.00,0.00,0.00,40,0,3977,0,0,179,Latibeaudiere,DEF,7,COV,ARS
179,13,11,0,True,2026-08-29T14:00:00Z,0,1,2,False,0,0,0,0,0,0,0,0,0,0,0,0,0,0.0,0.0,0.0,0.0,0,0,0,0,0,0.00,0.00,0.00,0.00,40,-260,3984,160,420,179,Latibeaudiere,DEF,7,COV,HUL
179,26,15,0,False,2026-09-05T14:00:00Z,1,0,3,False,0,0,0,0,0,0,0,0,0,0,0,0,0,0.0,0.0,0.0,0.0,0,0,0,0,0,0.00,0.00,0.00,0.00,40,-161,4150,319,480,179,Latibeaudiere,DEF,7,COV,MCI
179,38,5,0,True,2026-09-13T13:00:00Z,0,5,4,False,0,0,0,0,0,0,0,0,0,0,0,0,0,0.0,0.0,0.0,0.0,0,0,0,0,0,0.00,0.00,0.00,0.00,40,-101,4073,277,378,179,Latibeaudiere,DEF,7,COV,BHA
179,47,18,1,False,2026-09-19T16:30:00Z,0,1,5,False,1,0,0,0,0,0,0,0,0,0,0,0,3,7.0,0.0,0.0,0.7,2,0,0,2,0,0.00,0.00,0.00,0.02,40,-170,3922,155,325,179,Latibeaudiere,DEF,7,COV,NFO
180,1,1,0,False,2026-08-21T19:00:00Z,3,0,1,False,0,0,0,0,0,0,0,0,0,0,0,0,0,0.0,0.0,0.0,0.0,0,0,0,0,0,0.00,0.00,0.00,0.00,40,0,16501,0,0,180,Woolfenden,DEF,7,COV,ARS
180,13,11,0,True,2026-08-29T14:00:00Z,0,1,2,False,0,0,0,0,0,0,0,0,0,0,0,0,0,0.0,0.0,0.0,0.0,0,0,0,0,0,0.00,0.00,0.00,0.00,40,-1282,16943,946,2228,180,Woolfenden,DEF,7,COV,HUL
180,26,15,0,False,2026-09-05T14:00:00Z,1,0,3,False,0,0,0,0,0,0,0,0,0,0,0,0,0,0.0,0.0,0.0,0.0,0,0,0,0,0,0.00,0.00,0.00,0.00,40,-2522,15091,659,3181,180,Woolfenden,DEF,7,COV,MCI
180,38,5,0,True,2026-09-13T13:00:00Z,0,5,4,False,0,0,0,0,0,0,0,0,0,0,0,0,0,0.0,0.0,0.0,0.0,0,0,0,0,0,0.00,0.00,0.00,0.00,40,-1447,13479,375,1822,180,Woolfenden,DEF,7,COV,BHA
180,47,18,0,False,2026-09-19T16:30:00Z,0,1,5,False,0,0,0,0,0,0,0,0,0,0,0,0,0,0.0,0.0,0.0,0.0,0,0,0,0,0,0.00,0.00,0.00,0.00,40,-1023,12244,255,1278,180,Woolfenden,DEF,7,COV,NFO
181,1,1,0,False,2026-08-21T19:00:00Z,3,0,1,False,0,0,0,0,0,0,0,0,0,0,0,0,0,0.0,0.0,0.0,0.0,0,0,0,0,0,0.00,0.00,0.00,0.00,40,0,3736,0,0,181,Brau,DEF,7,COV,ARS
181,13,11,0,True,2026-08-29T14:00:00Z,0,1,2,False,0,0,0,0,0,0,0,0,0,0,0,0,0,0.0,0.0,0.0,0.0,0,0,0,0,0,0.00,0.00,0.00,0.00,40,-82,4079,256,338,181,Brau,DEF,7,COV,HUL
181,26,15,0,False,2026-09-05T14:00:00Z,1,0,3,False,0,0,0,0,0,0,0,0,0,0,0,0,0,0.0,0.0,0.0,0.0,0,0,0,0,0,0.00,0.00,0.00,0.00,40,-956,3074,19,975,181,Brau,DEF,7,COV,MCI
181,38,5,0,True,2026-09-13T13:00:00Z,0,5,4,False,0,0,0,0,0,0,0,0,0,0,0,0,0,0.0,0.0,0.0,0.0,0,0,0,0,0,0.00,0.00,0.00,0.00,40,-477,2631,0,477,181,Brau,DEF,7,COV,BHA
181,47,18,0,False,2026-09-19T16:30:00Z,0,1,5,False,0,0,0,0,0,0,0,0,0,0,0,0,0,0.0,0.0,0.0,0.0,0,0,0,0,0,0.00,0.00,0.00,0.00,40,-280,2378,0,280,181,Brau,DEF,7,COV,NFO
182,1,1,1,False,2026-08-21T19:00:00Z,3,0,1,False,90,0,0,0,3,0,0,0,0,0,0,0,1,28.8,0.8,0.0,3.0,9,4,0,9,1,0.00,0.01,0.01,1.88,40,0,75420,0,0,182,Amenda,DEF,7,COV,ARS
182,13,11,1,True,2026-08-29T14:00:00Z,0,1,2,False,90,0,0,0,1,0,0,0,1,0,0,0,4,11.4,2.1,5.0,1.9,4,1,0,4,1,0.02,0.04,0.06,0.72,40,-1183,84795,3328,4511,182,Amenda,DEF,7,COV,HUL
182,26,15,2,False,2026-09-05T14:00:00Z,1,0,3,False,90,0,0,0,1,0,0,0,0,0,0,0,4,4.4,1.3,6.0,1.2,2,6,1,3,1,0.00,0.34,0.34,2.12,40,-4953,81029,3124,8077,182,Amenda,DEF,7,COV,MCI
182,38,5,0,True,2026-09-13T13:00:00Z,0,5,4,False,90,0,0,0,5,0,0,0,0,0,0,0,-12,18.2,10.3,4.0,3.3,8,0,0,8,1,0.00,0.00,0.00,2.81,40,-2035,81299,3596,5631,182,Amenda,DEF,7,COV,BHA
182,47,18,0,False,2026-09-19T16:30:00Z,0,1,5,False,0,0,0,0,0,0,0,0,0,0,0,0,0,0.0,0.0,0.0,0.0,0,0,0,0,0,0.00,0.00,0.00,0.00,40,-7286,71956,1397,8683,182,Amenda,DEF,7,COV,NFO
183,1,1,1,False,2026-08-21T19:00:00Z,3,0,1,False,20,0,0,0,0,0,0,0,0,0,0,0,3,5.6,3.8,17.0,2.6,0,4,1,5,0,0.15,0.00,0.15,0.29,50,0,13002,0,0,183,Rudoni,MID,7,COV,ARS
183,13,11,3,True,2026-08-29T14:00:00Z,0,1,2,False,70,0,0,1,0,0,0,0,0,0,0,0,12,6.8,27.7,4.0,3.9,1,4,1,6,1,0.06,0.09,0.15,0.02,50,-49,14191,1250,1299,183,Rudoni,MID,7,COV,HUL
183,26,15,2,False,2026-09-05T14:00:00Z,1,0,3,False,62,0,0,0,1,0,0,0,0,0,0,0,9,14.4,28.5,33.0,7.6,2,2,1,5,1,0.29,0.09,0.38,1.17,50,-1863,12234,706,2569,183,Rudoni,MID,7,COV,MCI
183,38,5,2,True,2026-09-13T13:00:00Z,0,5,4,False,72,0,0,0,3,0,0,0,0,0,0,0,11,10.8,55.5,25.0,9.1,2,3,0,5,1,0.33,0.73,1.06,2.16,50,-812,11698,965,1777,183,Rudoni,MID,7,COV,BHA
183,47,18,5,False,2026-09-19T16:30:00Z,0,1,5,False,73,0,0,1,0,0,0,0,0,0,0,0,16,13.6,25.3,1.0,4.0,4,8,1,13,1,0.09,0.20,0.29,0.85,49,-1195,10665,549,1744,183,Rudoni,MID,7,COV,NFO
184,1,1,2,False,2026-08-21T19:00:00Z,3,0,1,False,90,0,0,0,3,0,0,0,0,0,0,0,14,13.4,3.7,0.0,1.7,4,3,0,7,1,0.00,0.01,0.01,1.88,50,0,17412,0,0,184,Grimes,MID,7,COV,ARS
184,13,11,2,True,2026-08-29T14:00:00Z,0,1,2,False,90,0,0,0,1,0,0,0,0,0,0,0,14,14.2,20.9,2.0,3.7,1,9,0,10,1,0.01,0.04,0.05,0.72,50,674,20154,2290,1616,184,Grimes,MID,7,COV,HUL
184,26,15,2,False,2026-09-05T14:00:00Z,1,0,3,False,90,0,0,0,1,0,0,0,0,0,0,0,8,18.6,2.3,1.0,2.2,3,0,5,8,1,0.04,0.00,0.04,2.12,50,-3443,16127,481,3924,184,Grimes,MID,7,COV,MCI
184,38,5,2,True,2026-09-13T13:00:00Z,0,5,4,False,83,0,0,0,4,0,0,0,0,0,0,0,9,5.6,5.8,2.0,1.3,1,1,1,3,1,0.05,0.02,0.07,2.60,50,-2101,14585,532,2633,184,Grimes,MID,7,COV,BHA
184,47,18,3,False,2026-09-19T16:30:00Z,0,1,5,False,90,0,0,1,0,0,0,0,0,0,0,0,17,12.6,15.3,1.0,2.9,4,3,3,10,1,0.02,0.06,0.08,1.10,49,-1624,13370,594,2218,184,Grimes,MID,7,COV,NFO
185,1,1,0,False,2026-08-21T19:00:00Z,3,0,1,False,0,0,0,0,0,0,0,0,0,0,0,0,0,0.0,0.0,0.0,0.0,0,0,0,0,0,0.00,0.00,0.00,0.00,50,0,10294,0,0,185,Sakamoto,MID,7,COV,ARS
185,13,11,1,True,2026-08-29T14:00:00Z,0,1,2,False,31,0,0,0,1,0,0,0,0,0,0,0,8,6.2,5.9,7.0,1.9,0,2,2,4,0,0.02,0.02,0.04,0.69,50,-1318,9710,137,1455,185,Sakamoto,MID,7,COV,HUL
185,26,15,0,False,2026-09-05T14:00:00Z,1,0,3,False,0,0,0,0,0,0,0,0,0,0,0,0,0,0.0,0.0,0.0,0.0,0,0,0,0,0,0.00,0.00,0.00,0.00,49,-1339,8559,404,1743,185,Sakamoto,MID,7,COV,MCI
185,38,5,0,True,2026-09-13T13:00:00Z,0,5,4,False,0,0,0,0,0,0,0,0,0,0,0,0,0,0.0,0.0,0.0,0.0,0,0,0,0,0,0.00,0.00,0.00,0.00,49,-975,7657,207,1182,185,Sakamoto,MID,7,COV,BHA
185,47,18,0,False,2026-09-19T16:30:00Z,0,1,5,False,0,0,0,0,0,0,0,0,0,0,0,0,0,0.0,0.0,0.0,0.0,0,0,0,0,0,0.00,0.00,0.00,0.00,48,-850,6925,142,992,185,Sakamoto,MID,7,COV,NFO
186,1,1,0,False,2026-08-21T19:00:00Z,3,0,1,False,0,0,0,0,0,0,0,0,0,0,0,0,0,0.0,0.0,0.0,0.0,0,0,0,0,0,0.00,0.00,0.00,0.00,55,0,11314,0,0,186,Mason-Clark,MID,7,COV,ARS
186,13,11,1,True,2026-08-29T14:00:00Z,0,1,2,False,57,0,0,0,0,0,0,0,0,0,0,0,4,4.2,16.0,0.0,2.0,2,2,0,4,1,0.00,0.06,0.06,0.02,55,-1089,12149,489,1578,186,Mason-Clark,MID,7,COV,HUL
186,26,15,2,False,2026-09-05T14:00:00Z,1,0,3,False,70,0,0,0,1,0,0,0,0,0,0,0,4,0.0,0.8,2.0,0.1,2,3,0,5,1,0.00,0.00,0.00,1.17,54,-1860,10318,228,2088,186,Mason-Clark,MID,7,COV,MCI
186,38,5,1,True,2026-09-13T13:00:00Z,0,5,4,False,59,0,0,0,2,0,0,0,0,0,0,0,5,6.0,1.0,44.0,5.1,2,2,0,4,1,0.49,0.01,0.50,1.37,54,-780,9746,222,1002,186,Mason-Clark,MID,7,COV,BHA
186,47,18,1,False,2026-09-19T16:30:00Z,0,1,5,False,45,0,0,0,0,0,0,0,0,0,0,0,6,5.2,33.8,6.0,4.5,0,2,0,2,1,0.02,0.05,0.07,0.60,54,-836,8948,100,936,186,Mason-Clark,MID,7,COV,NFO
187,1,1,0,False,2026-08-21T19:00:00Z,3,0,1,False,0,0,0,0,0,0,0,0,0,0,0,0,0,0.0,0.0,0.0,0.0,0,0,0,0,0,0.00,0.00,0.00,0.00,50,0,1503,0,0,187,Eccles,MID,7,COV,ARS
187,13,11,0,True,2026-08-29T14:00:00Z,0,1,2,False,0,0,0,0,0,0,0,0,0,0,0,0,0,0.0,0.0,0.0,0.0,0,0,0,0,0,0.00,0.00,0.00,0.00,50,-230,1391,69,299,187,Eccles,MID,7,COV,HUL
187,26,15,0,False,2026-09-05T14:00:00Z,1,0,3,False,0,0,0,0,0,0,0,0,0,0,0,0,0,0.0,0.0,0.0,0.0,0,0,0,0,0,0.00,0.00,0.00,0.00,49,30,1547,434,404,187,Eccles,MID,7,COV,MCI
187,38,5,0,True,2026-09-13T13:00:00Z,0,5,4,False,0,0,0,0,0,0,0,0,0,0,0,0,0,0.0,0.0,0.0,0.0,0,0,0,0,0,0.00,0.00,0.00,0.00,49,-249,1294,93,342,187,Eccles,MID,7,COV,BHA
187,47,18,0,False,2026-09-19T16:30:00Z,0,1,5,False,0,0,0,0,0,0,0,0,0,0,0,0,0,0.0,0.0,0.0,0.0,0,0,0,0,0,0.00,0.00,0.00,0.00,49,-314,1002,17,331,187,Eccles,MID,7,COV,NFO
188,1,1,1,False,2026-08-21T19:00:00Z,3,0,1,False,28,0,0,0,0,0,0,0,0,0,0,0,8,6.8,16.4,0.0,2.3,1,0,0,1,0,0.00,0.11,0.11,0.32,55,0,15509,0,0,188,Torp,MID,7,COV,ARS
188,13,11,1,True,2026-08-29T14:00:00Z,0,1,2,False,19,0,0,0,1,0,0,0,0,0,0,0,2,0.0,3.6,0.0,0.3,0,2,0,2,0,0.00,0.01,0.01,0.69,55,-1275,16221,549,1824,188,Torp,MID,7,COV,HUL
188,26,15,0,False,2026-09-05T14:00:00Z,1,0,3,False,0,0,0,0,0,0,0,0,0,0,0,0,0,0.0,0.0,0.0,0.0,0,0,0,0,0,0.00,0.00,0.00,0.00,54,-2872,13303,100,2972,188,Torp,MID,7,COV,MCI
188,38,5,1,True,2026-09-13T13:00:00Z,0,5,4,False,6,0,0,0,1,0,0,0,0,0,0,0,3,0.4,0.4,0.0,0.1,0,0,0,0,0,0.00,0.00,0.00,0.21,54,-1542,11943,52,1594,188,Torp,MID,7,COV,BHA
188,47,18,0,False,2026-09-19T16:30:00Z,0,1,5,False,0,0,0,0,0,0,0,0,0,0,0,0,0,0.0,0.0,0.0,0.0,0,0,0,0,0,0.00,0.00,0.00,0.00,54,-1090,10920,52,1142,188,Torp,MID,7,COV,NFO
189,1,1,0,False,2026-08-21T19:00:00Z,3,0,1,False,0,0,0,0,0,0,0,0,0,0,0,0,0,0.0,0.0,0.0,0.0,0,0,0,0,0,0.00,0.00,0.00,0.00,45,0,28435,0,0,189,Shepherd,MID,7,COV,ARS
189,13,11,0,True,2026-08-29T14:00:00Z,0,1,2,False,0,0,0,0,0,0,0,0,0,0,0,0,0,0.0,0.0,0.0,0.0,0,0,0,0,0,0.00,0.00,0.00,0.00,45,-2158,28459,1013,3171,189,Shepherd,MID,7,COV,HUL
189,26,15,0,False,2026-09-05T14:00:00Z,1,0,3,False,0,0,0,0,0,0,0,0,0,0,0,0,0,0.0,0.0,0.0,0.0,0,0,0,0,0,0.00,0.00,0.00,0.00,45,-2042,27151,1697,3739,189,Shepherd,MID,7,COV,MCI
189,38,5,0,True,2026-09-13T13:00:00Z,0,5,4,False,0,0,0,0,0,0,0,0,0,0,0,0,0,0.0,0.0,0.0,0.0,0,0,0,0,0,0.00,0.00,0.00,0.00,45,-1700,25735,1302,3002,189,Shepherd,MID,7,COV,BHA
189,47,18,0,False,2026-09-19T16:30:00Z,0,1,5,False,0,0,0,0,0,0,0,0,0,0,0,0,0,0.0,0.0,0.0,0.0,0,0,0,0,0,0.00,0.00,0.00,0.00,44,-251,30329,2708,2959,189,Shepherd,MID,7,COV,NFO
190,1,1,2,False,2026-08-21T19:00:00Z,3,0,1,False,81,0,0,0,3,0,0,0,0,0,0,0,11,1.8,6.0,3.0,1.1,3,5,0,8,1,0.04,0.02,0.06,1.76,55,0,12321,0,0,190,Tchaouna,MID,7,COV,ARS
190,13,11,1,True,2026-08-29T14:00:00Z,0,1,2,False,58,0,0,0,0,0,0,0,0,0,0,0,7,7.0,18.5,5.0,3.1,2,3,1,6,1,0.05,0.13,0.18,0.02,55,1311,16325,2762,1451,190,Tchaouna,MID,7,COV,HUL
190,26,15,1,False,2026-09-05T14:00:00Z,1,0,3,False,27,0,0,0,0,0,0,0,0,0,0,0,9,8.2,24.8,21.0,5.4,0,1,0,1,0,0.10,0.03,0.13,0.95,55,-3624,12425,128,3752,190,Tchaouna,MID,7,COV,MCI
190,38,5,0,True,2026-09-13T13:00:00Z,0,5,4,False,0,0,0,0,0,0,0,0,0,0,0,0,0,0.0,0.0,0.0,0.0,0,0,0,0,0,0.00,0.00,0.00,0.00,54,-1390,11417,187,1577,190,Tchaouna,MID,7,COV,BHA
190,47,18,1,False,2026-09-19T16:30:00Z,0,1,5,False,45,0,0,0,0,0,0,0,0,0,0,0,5,8.4,1.2,17.0,2.7,1,2,0,3,0,0.04,0.00,0.04,0.50,54,-1058,10419,39,1097,190,Tchaouna,MID,7,COV,NFO
191,1,1,0,False,2026-08-21T19:00:00Z,3,0,1,False,0,0,0,0,0,0,0,0,0,0,0,0,0,0.0,0.0,0.0,0.0,0,0,0,0,0,0.00,0.00,0.00,0.00,45,0,16813,0,0,191,Borges Rodrigues,MID,7,COV,ARS
191,13,11,0,True,2026-08-29T14:00:00Z,0,1,2,False,0,0,0,0,0,0,0,0,0,0,0,0,0,0.0,0.0,0.0,0.0,0,0,0,0,0,0.00,0.00,0.00,0.00,45,-1193,16655,680,1873,191,Borges Rodrigues,MID,7,COV,HUL
191,26,15,0,False,2026-09-05T14:00:00Z,1,0,3,False,0,0,0,0,0,0,0,0,0,0,0,0,0,0.0,0.0,0.0,0.0,0,0,0,0,0,0.00,0.00,0.00,0.00,45,-2425,14534,1263,3688,191,Borges Rodrigues,MID,7,COV,MCI
191,38,5,0,True,2026-09-13T13:00:00Z,0,5,4,False,0,0,0,0,0,0,0,0,0,0,0,0,0,0.0,0.0,0.0,0.0,0,0,0,0,0,0.00,0.00,0.00,0.00,45,-3328,11101,0,3328,191,Borges Rodrigues,MID,7,COV,BHA
191,47,18,0,False,2026-09-19T16:30:00Z,0,1,5,False,0,0,0,0,0,0,0,0,0,0,0,0,0,0.0,0.0,0.0,0.0,0,0,0,0,0,0.00,0.00,0.00,0.00,45,-1935,9331,0,1935,191,Borges Rodrigues,MID,7,COV,NFO
192,1,1,0,False,2026-08-21T19:00:00Z,3,0,1,False,0,0,0,0,0,0,0,0,0,0,0,0,0,0.0,0.0,0.0,0.0,0,0,0,0,0,0.00,0.00,0.00,0.00,45,0,62690,0,0,192,Andrews,MID,7,COV,ARS
192,13,11,0,True,2026-08-29T14:00:00Z,0,1,2,False,0,0,0,0,0,0,0,0,0,0,0,0,0,0.0,0.0,0.0,0.0,0,0,0,0,0,0.00,0.00,0.00,0.00,45,-4618,62913,2576,7194,192,Andrews,MID,7,COV,HUL
192,26,15,0,False,2026-09-05T14:00:00Z,1,0,3,False,0,0,0,0,0,0,0,0,0,0,0,0,0,0.0,0.0,0.0,0.0,0,0,0,0,0,0.00,0.00,0.00,0.00,45,-17623,44026,142,17765,192,Andrews,MID,7,COV,MCI
192,38,5,0,True,2026-09-13T13:00:00Z,0,5,4,False,0,0,0,0,0,0,0,0,0,0,0,0,0,0.0,0.0,0.0,0.0,0,0,0,0,0,0.00,0.00,0.00,0.00,45,-8343,36602,0,8343,192,Andrews,MID,7,COV,BHA
192,47,18,0,False,2026-09-19T16:30:00Z,0,1,5,False,0,0,0,0,0,0,0,0,0,0,0,0,0,0.0,0.0,0.0,0.0,0,0,0,0,0,0.00,0.00,0.00,0.00,45,-5803,31304,0,5803,192,Andrews,MID,7,COV,NFO
193,1,1,0,False,2026-08-21T19:00:00Z,3,0,1,False,0,0,0,0,0,0,0,0,0,0,0,0,0,0.0,0.0,0.0,0.0,0,0,0,0,0,0.00,0.00,0.00,0.00,55,0,18871,0,0,193,Wright,FWD,7,COV,ARS
193,13,11,0,True,2026-08-29T14:00:00Z,0,1,2,False,0,0,0,0,0,0,0,0,0,0,0,0,0,0.0,0.0,0.0,0.0,0,0,0,0,0,0.00,0.00,0.00,0.00,55,-5318,13634,107,5425,193,Wright,FWD,7,COV,HUL
193,26,15,0,False,2026-09-05T14:00:00Z,1,0,3,False,0,0,0,0,0,0,0,0,0,0,0,0,0,0.0,0.0,0.0,0.0,0,0,0,0,0,0.00,0.00,0.00,0.00,54,-3102,10607,246,3348,193,Wright,FWD,7,COV,MCI
193,38,5,0,True,2026-09-13T13:00:00Z,0,5,4,False,0,0,0,0,0,0,0,0,0,0,0,0,0,0.0,0.0,0.0,0.0,0,0,0,0,0,0.00,0.00,0.00,0.00,54,-1789,8935,117,1906,193,Wright,FWD,7,COV,BHA
193,47,18,0,False,2026-09-19T16:30:00Z,0,1,5,False,0,0,0,0,0,0,0,0,0,0,0,0,0,0.0,0.0,0.0,0.0,0,0,0,0,0,0.00,0.00,0.00,0.00,54,-1150,7895,97,1247,193,Wright,FWD,7,COV,NFO
194,1,1,2,False,2026-08-21T19:00:00Z,3,0,1,False,69,0,0,0,3,0,0,0,0,0,0,0,9,4.6,1.1,0.0,0.6,5,1,0,6,1,0.00,0.02,0.02,1.60,50,0,66198,0,0,194,Thomas-Asante,FWD,7,COV,ARS
194,13,11,1,True,2026-08-29T14:00:00Z,0,1,2,False,32,0,0,0,1,0,0,0,0,0,0,0,5,1.2,2.0,2.0,0.5,0,2,0,2,0,0.00,0.00,0.00,0.69,50,6706,83366,14594,7888,194,Thomas-Asante,FWD,7,COV,HUL
194,26,15,1,False,2026-09-05T14:00:00Z,1,0,3,False,19,0,0,0,0,0,0,0,0,0,0,0,6,2.2,0.3,2.0,0.5,1,2,0,3,0,0.00,0.00,0.00,0.95,50,-1110,84492,16389,17499,194,Thomas-Asante,FWD,7,COV,MCI
194,38,5,1,True,2026-09-13T13:00:00Z,0,5,4,False,17,0,0,0,2,0,0,0,0,0,0,0,7,6.0,0.5,26.0,3.3,0,0,0,0,0,0.21,0.03,0.24,0.64,50,-1520,84195,11154,12674,194,Thomas-Asante,FWD,7,COV,BHA
194,47,18,4,False,2026-09-19T16:30:00Z,0,1,5,False,90,0,0,1,0,0,0,0,0,0,0,0,16,15.8,0.6,19.0,3.5,6,7,3,16,1,0.13,0.01,0.13,1.10,50,-4476,81447,8488,12964,194,Thomas-Asante,FWD,7,COV,NFO
195,1,1,2,False,2026-08-21T19:00:00Z,3,0,1,False,69,0,0,0,3,0,0,0,0,0,0,0,7,2.6,12.3,2.0,1.7,1,2,0,3,1,0.00,0.01,0.01,1.60,50,0,78607,0,0,195,Simms,FWD,7,COV,ARS
195,13,11,0,True,2026-08-29T14:00:00Z,0,1,2,False,0,0,0,0,0,0,0,0,0,0,0,0,0,0.0,0.0,0.0,0.0,0,0,0,0,0,0.00,0.00,0.00,0.00,50,10333,100916,19936,9603,195,Simms,FWD,7,COV,HUL
195,26,15,1,False,2026-09-05T14:00:00Z,1,0,3,False,19,0,0,0,0,0,0,0,0,0,0,0,3,5.0,10.0,35.0,5.0,0,0,0,0,0,0.30,0.00,0.30,0.95,50,-11944,88094,10057,22001,195,Simms,FWD,7,COV,MCI
195,38,5,0,True,2026-09-13T13:00:00Z,0,5,4,False,0,0,0,0,0,0,0,0,0,0,0,0,0,0.0,0.0,0.0,0.0,0,0,0,0,0,0.00,0.00,0.00,0.00,50,-8583,81354,5606,14189,195,Simms,FWD,7,COV,BHA
195,47,18,1,False,2026-09-19T16:30:00Z,0,1,5,False,16,0,0,0,0,0,0,0,0,0,0,0,3,0.2,0.3,0.0,0.1,0,0,0,0,0,0.00,0.00,0.00,0.24,50,-10520,72122,2905,13425,195,Simms,FWD,7,COV,NFO
196,1,1,0,False,2026-08-21T19:00:00Z,3,0,1,False,0,0,0,0,0,0,0,0,0,0,0,0,0,0.0,0.0,0.0,0.0,0,0,0,0,0,0.00,0.00,0.00,0.00,50,0,1827,0,0,196,Markelo,FWD,7,COV,ARS
196,13,11,0,True,2026-08-29T14:00:00Z,0,1,2,False,0,0,0,0,0,0,0,0,0,0,0,0,0,0.0,0.0,0.0,0.0,0,0,0,0,0,0.00,0.00,0.00,0.00,50,-590,1206,0,590,196,Markelo,FWD,7,COV,HUL
196,26,15,0,False,2026-09-05T14:00:00Z,1,0,3,False,0,0,0,0,0,0,0,0,0,0,0,0,0,0.0,0.0,0.0,0.0,0,0,0,0,0,0.00,0.00,0.00,0.00,50,-296,929,0,296,196,Markelo,FWD,7,COV,MCI
196,38,5,0,True,2026-09-13T13:00:00Z,0,5,4,False,0,0,0,0,0,0,0,0,0,0,0,0,0,0.0,0.0,0.0,0.0,0,0,0,0,0,0.00,0.00,0.00,0.00,50,-136,803,0,136,196,Markelo,FWD,7,COV,BHA
196,47,18,0,False,2026-09-19T16:30:00Z,0,1,5,False,0,0,0,0,0,0,0,0,0,0,0,0,0,0.0,0.0,0.0,0.0,0,0,0,0,0,0.00,0.00,0.00,0.00,50,-105,704,0,105,196,Markelo,FWD,7,COV,NFO
197,1,1,0,False,2026-08-21T19:00:00Z,3,0,1,False,0,0,0,0,0,0,0,0,0,0,0,0,0,0.0,0.0,0.0,0.0,0,0,0,0,0,0.00,0.00,0.00,0.00,45,0,4620,0,0,197,Bassette,FWD,7,COV,ARS
197,13,11,0,True,2026-08-29T14:00:00Z,0,1,2,False,0,0,0,0,0,0,0,0,0,0,0,0,0,0.0,0.0,0.0,0.0,0,0,0,0,0,0.00,0.00,0.00,0.00,45,-788,3783,0,788,197,Bassette,FWD,7,COV,HUL
197,26,15,0,False,2026-09-05T14:00:00Z,1,0,3,False,0,0,0,0,0,0,0,0,0,0,0,0,0,0.0,0.0,0.0,0.0,0,0,0,0,0,0.00,0.00,0.00,0.00,45,-548,3200,0,548,197,Bassette,FWD,7,COV,MCI
197,38,5,0,True,2026-09-13T13:00:00Z,0,5,4,False,0,0,0,0,0,0,0,0,0,0,0,0,0,0.0,0.0,0.0,0.0,0,0,0,0,0,0.00,0.00,0.00,0.00,45,-350,2877,0,350,197,Bassette,FWD,7,COV,BHA
197,47,18,0,False,2026-09-19T16:30:00Z,0,1,5,False,0,0,0,0,0,0,0,0,0,0,0,0,0,0.0,0.0,0.0,0.0,0,0,0,0,0,0.00,0.00,0.00,0.00,45,-273,2648,0,273,197,Bassette,FWD,7,COV,NFO
492,1,1,1,False,2026-08-21T19:00:00Z,3,0,1,False,20,0,0,0,0,0,0,0,0,0,0,0,4,0.0,1.4,0.0,0.1,0,1,0,1,0,0.00,0.00,0.00,0.29,55,0,76129,0,0,492,Awoniyi,FWD,7,COV,ARS
492,13,11,2,True,2026-08-29T14:00:00Z,0,1,2,False,90,0,0,0,1,0,0,0,0,0,0,0,6,10.0,23.6,65.0,9.9,1,2,0,3,1,0.93,0.03,0.96,0.72,55,-639,83094,8654,9293,492,Awoniyi,FWD,7,COV,HUL
492,26,15,2,False,2026-09-05T14:00:00Z,1,0,3,False,70,0,0,0,1,0,0,0,0,0,0,0,6,3.6,10.3,3.0,1.7,2,3,0,5,1,0.31,0.00,0.31,1.17,55,-13314,69494,4842,18156,492,Awoniyi,FWD,7,COV,MCI
492,38,5,-2,True,2026-09-13T13:00:00Z,0,5,4,False,52,0,0,0,5,0,0,0,0,1,0,0,-5,0.0,10.9,10.0,1.9,0,1,1,2,1,0.06,0.01,0.07,1.37,55,-3108,69089,7191,10299,492,Awoniyi,FWD,7,COV,BHA
492,47,18,0,False,2026-09-19T16:30:00Z,0,1,5,False,0,0,0,0,0,0,0,0,0,0,0,0,0,0.0,0.0,0.0,0.0,0,0,0,0,0,0.00,0.00,0.00,0.00,55,-21461,46922,586,22047,492,Awoniyi,FWD,7,COV,NFO
575,1,1,1,False,2026-08-21T19:00:00Z,3,0,1,False,61,0,0,0,3,0,0,0,1,0,0,0,2,0.0,3.1,0.0,0.0,0,3,0,3,1,0.00,0.00,0.00,1.56,50,0,23536,0,0,575,Yirenkyi,MID,7,COV,ARS
575,13,11,3,True,2026-08-29T14:00:00Z,0,1,2,False,70,0,0,1,0,0,0,0,0,0,0,0,17,9.4,16.0,7.0,3.2,3,4,0,7,1,0.03,0.13,0.16,0.02,50,-1578,23711,997,2575,575,Yirenkyi,MID,7,COV,HUL
575,26,15,1,False,2026-09-05T14:00:00Z,1,0,3,False,27,0,0,0,0,0,0,0,0,0,0,0,4,1.0,0.3,0.0,0.1,2,4,0,6,0,0.00,0.00,0.00,0.95,50,-3438,20321,778,4216,575,Yirenkyi,MID,7,COV,MCI
575,38,5,1,True,2026-09-13T13:00:00Z,0,5,4,False,17,0,0,0,2,0,0,0,0,0,0,0,3,0.0,10.5,0.0,1.0,0,0,0,0,0,0.00,0.01,0.01,0.64,49,-2489,18325,641,3130,575,Yirenkyi,MID,7,COV,BHA
575,47,18,3,False,2026-09-19T16:30:00Z,0,1,5,False,90,0,0,1,0,0,0,0,0,0,0,0,10,5.0,11.7,0.0,1.7,2,2,1,5,1,0.00,0.01,0.01,1.08,49,-2510,15964,236,2746,575,Yirenkyi,MID,7,COV,NFO
584,1,1,1,False,2026-08-21T19:00:00Z,3,0,1,False,8,0,0,0,0,0,0,0,0,0,0,0,3,0.4,0.3,0.0,0.1,0,1,0,1,0,0.00,0.00,0.00,0.13,55,0,12932,0,0,584,Hamer,MID,7,COV,ARS
584,13,11,1,True,2026-08-29T14:00:00Z,0,1,2,False,19,0,0,0,1,0,0,0,0,0,0,0,2,0.2,1.5,0.0,0.2,0,0,0,0,0,0.00,0.02,0.02,0.69,55,-1042,13996,386,1428,584,Hamer,MID,7,COV,HUL
584,26,15,1,False,2026-09-05T14:00:00Z,1,0,3,False,5,0,0,0,0,0,0,0,0,0,0,0,1,0.0,0.0,0.0,0.0,0,1,1,2,0,0.00,0.00,0.00,0.00,55,-2126,11896,153,2279,584,Hamer,MID,7,COV,MCI
584,38,5,0,True,2026-09-13T13:00:00Z,0,5,4,False,0,0,0,0,0,0,0,0,0,0,0,0,0,0.0,0.0,0.0,0.0,0,0,0,0,0,0.00,0.00,0.00,0.00,54,-1142,10937,147,1289,584,Hamer,MID,7,COV,BHA
584,47,18,0,False,2026-09-19T16:30:00Z,0,1,5,False,0,0,0,0,0,0,0,0,0,0,0,0,0,0.0,0.0,0.0,0.0,0,0,0,0,0,0.00,0.00,0.00,0.00,54,-947,10051,64,1011,584,Hamer,MID,7,COV,NFO
599,1,1,0,False,2026-08-21T19:00:00Z,3,0,1,False,0,0,0,0,0,0,0,0,0,0,0,0,0,0.0,0.0,0.0,0.0,0,0,0,0,0,0.00,0.00,0.00,0.00,50,0,7348,0,0,599,Cherif,FWD,7,COV,ARS
599,13,11,0,True,2026-08-29T14:00:00Z,0,1,2,False,0,0,0,0,0,0,0,0,0,0,0,0,0,0.0,0.0,0.0,0.0,0,0,0,0,0,0.00,0.00,0.00,0.00,50,330,9736,1724,1394,599,Cherif,FWD,7,COV,HUL
599,26,15,0,False,2026-09-05T14:00:00Z,1,0,3,False,0,0,0,0,0,0,0,0,0,0,0,0,0,0.0,0.0,0.0,0.0,0,0,0,0,0,0.00,0.00,0.00,0.00,50,-134,10406,2227,2361,599,Cherif,FWD,7,COV,MCI
599,38,5,1,True,2026-09-13T13:00:00Z,0,5,4,False,30,0,0,0,3,0,0,0,0,0,0,0,3,1.0,0.2,0.0,0.1,1,0,0,1,0,0.00,0.00,0.00,1.43,50,-281,10369,1323,1604,599,Cherif,FWD,7,COV,BHA
599,47,18,0,False,2026-09-19T16:30:00Z,0,1,5,False,0,0,0,0,0,0,0,0,0,0,0,0,0,0.0,0.0,0.0,0.0,0,0,0,0,0,0.00,0.00,0.00,0.00,50,173,10975,1653,1480,599,Cherif,FWD,7,COV,NFO
623,13,11,0,True,2026-08-29T14:00:00Z,0,1,2,False,0,0,0,0,0,0,0,0,0,0,0,0,0,0.0,0.0,0.0,0.0,0,0,0,0,0,0.00,0.00,0.00,0.00,40,0,0,0,0,623,Bentley,GK,7,COV,HUL
623,26,15,0,False,2026-09-05T14:00:00Z,1,0,3,False,0,0,0,0,0,0,0,0,0,0,0,0,0,0.0,0.0,0.0,0.0,0,0,0,0,0,0.00,0.00,0.00,0.00,40,17253,29804,20080,2827,623,Bentley,GK,7,COV,MCI
623,38,5,0,True,2026-09-13T13:00:00Z,0,5,4,False,0,0,0,0,0,0,0,0,0,0,0,0,0,0.0,0.0,0.0,0.0,0,0,0,0,0,0.00,0.00,0.00,0.00,40,25889,56982,36983,11094,623,Bentley,GK,7,COV,BHA
623,47,18,0,False,2026-09-19T16:30:00Z,0,1,5,False,0,0,0,0,0,0,0,0,0,0,0,0,0,0.0,0.0,0.0,0.0,0,0,0,0,0,0.00,0.00,0.00,0.00,40,10344,66230,13315,2971,623,Bentley,GK,7,COV,NFO
655,38,5,0,True,2026-09-13T13:00:00Z,0,5,4,False,0,0,0,0,0,0,0,0,0,0,0,0,0,0.0,0.0,0.0,0.0,0,0,0,0,0,0.00,0.00,0.00,0.00,55,58,72,65,7,655,Gboho,MID,7,COV,BHA
655,47,18,0,False,2026-09-19T16:30:00Z,0,1,5,False,0,0,0,0,0,0,0,0,0,0,0,0,0,0.0,0.0,0.0,0.0,0,0,0,0,0,0.00,0.00,0.00,0.00,55,91,195,133,42,655,Gboho,MID,7,COV,NFO
656,38,5,0,True,2026-09-13T13:00:00Z,0,5,4,False,0,0,0,0,0,0,0,0,0,0,0,0,0,0.0,0.0,0.0,0.0,0,0,0,0,0,0.00,0.00,0.00,0.00,40,2544,7468,2811,267,656,Mfuni,DEF,7,COV,BHA
656,47,18,6,False,2026-09-19T16:30:00Z,0,1,5,False,90,0,0,1,0,0,0,0,0,0,0,0,27,17.6,0.7,4.0,2.2,7,3,1,8,1,0.00,0.01,0.01,1.10,40,3967,10713,5501,1534,656,Mfuni,DEF,7,COV,NFO
42,3,9,1,False,2026-08-22T14:00:00Z,2,0,1,False,27,0,0,0,0,0,0,0,0,0,0,0,3,3.2,1.8,7.0,1.2,0,0,1,1,0,0.03,0.02,0.05,0.14,55,0,3238,0,0,42,Guessand,MID,8,CRY,EVE
42,11,15,1,True,2026-08-28T19:00:00Z,1,4,2,False,27,0,0,0,1,0,0,0,0,0,0,0,3,2.2,0.3,0.0,0.3,1,0,0,1,0,0.00,0.01,0.01,0.20,55,-140,4594,483,623,42,Guessand,MID,8,CRY,MCI
42,24,10,0,False,2026-09-05T14:00:00Z,2,3,3,False,0,0,0,0,0,0,0,0,0,0,0,0,0,0.0,0.0,0.0,0.0,0,0,0,0,0,0.00,0.00,0.00,0.00,55,-422,4367,556,978,42,Guessand,MID,8,CRY,FUL
42,34,12,0,True,2026-09-12T14:00:00Z,2,3,4,False,0,0,0,0,0,0,0,0,0,0,0,0,0,0.0,0.0,0.0,0.0,0,0,0,0,0,0.00,0.00,0.00,0.00,55,-33,4659,935,968,42,Guessand,MID,8,CRY,IPS
42,44,13,0,False,2026-09-20T13:00:00Z,0,0,5,False,0,0,0,0,0,0,0,0,0,0,0,0,0,0.0,0.0,0.0,0.0,0,0,0,0,0,0.00,0.00,0.00,0.00,54,-483,4188,319,802,42,Guessand,MID,8,CRY,LEE
153,10,10,0,False,2026-08-24T19:00:00Z,2,3,1,False,0,0,0,0,0,0,0,0,0,0,0,0,0,0.0,0.0,0.0,0.0,0,0,0,0,0,0.00,0.00,0.00,0.00,45,0,5243,0,0,153,Disasi,DEF,8,CRY,FUL
153,11,15,1,True,2026-08-28T19:00:00Z,1,4,2,False,16,0,0,0,1,0,0,0,0,0,0,0,-2,1.2,0.0,0.0,0.1,0,1,1,1,0,0.00,0.00,0.00,0.20,45,-323,6037,525,848,153,Disasi,DEF,8,CRY,MCI
153,24,10,3,False,2026-09-05T14:00:00Z,2,3,3,False,90,0,0,0,2,0,0,0,0,0,0,0,14,31.4,13.3,2.0,4.7,9,8,4,13,1,0.00,0.04,0.04,3.14,45,503,7480,1511,1008,153,Disasi,DEF,8,CRY,FUL
153,34,12,-3,True,2026-09-12T14:00:00Z,2,3,4,False,33,0,0,0,3,0,0,0,0,1,0,0,-18,2.2,0.1,0.0,0.2,6,2,0,6,1,0.00,0.00,0.00,0.38,45,4721,14882,7208,2487,153,Disasi,DEF,8,CRY,IPS
153,44,13,0,False,2026-09-20T13:00:00Z,0,0,5,False,0,0,0,0,0,0,0,0,0,0,0,0,0,0.0,0.0,0.0,0.0,0,0,0,0,0,0.00,0.00,0.00,0.00,45,-5081,7522,157,5238,153,Disasi,DEF,8,CRY,LEE
198,3,9,2,False,2026-08-22T14:00:00Z,2,0,1,False,90,0,0,0,2,0,0,0,0,0,3,0,14,28.2,0.0,0.0,2.8,3,13,0,0,1,0.00,0.00,0.00,1.12,50,0,171144,0,0,198,Henderson,GK,8,CRY,EVE
198,11,15,1,True,2026-08-28T19:00:00Z,1,4,2,False,90,0,0,0,4,0,0,0,0,0,4,0,4,30.2,0.0,0.0,3.0,2,11,0,0,1,0.00,0.00,0.00,2.21,50,-7870,182716,5904,13774,198,Henderson,GK,8,CRY,MCI
198,24,10,2,False,2026-09-05T14:00:00Z,2,3,3,False,90,0,0,0,2,0,0,0,0,0,5,0,19,38.4,0.0,0.0,3.8,1,7,0,0,1,0.00,0.00,0.00,3.14,50,-3328,188350,15007,18335,198,Henderson,GK,8,CRY,FUL
198,34,12,0,True,2026-09-12T14:00:00Z,2,3,4,False,0,0,0,0,0,0,0,0,0,0,0,0,0,0.0,0.0,0.0,0.0,0,0,0,0,0,0.00,0.00,0.00,0.00,50,17128,234983,34005,16877,198,Henderson,GK,8,CRY,IPS
198,44,13,0,False,2026-09-20T13:00:00Z,0,0,5,False,0,0,0,0,0,0,0,0,0,0,0,0,0,0.0,0.0,0.0,0.0,0,0,0,0,0,0.00,0.00,0.00,0.00,50,-59712,148996,210,59922,198,Henderson,GK,8,CRY,LEE
199,3,9,0,False,2026-08-22T14:00:00Z,2,0,1,False,0,0,0,0,0,0,0,0,0,0,0,0,0,0.0,0.0,0.0,0.0,0,0,0,0,0,0.00,0.00,0.00,0.00,45,0,10987,0,0,199,Benitez,GK,8,CRY,EVE
199,11,15,0,True,2026-08-28T19:00:00Z,1,4,2,False,0,0,0,0,0,0,0,0,0,0,0,0,0,0.0,0.0,0.0,0.0,0,0,0,0,0,0.00,0.00,0.00,0.00,45,-908,11403,468,1376,199,Benitez,GK,8,CRY,MCI
199,24,10,0,False,2026-09-05T14:00:00Z,2,3,3,False,0,0,0,0,0,0,0,0,0,0,0,0,0,0.0,0.0,0.0,0.0,0,0,0,0,0,0.00,0.00,0.00,0.00,45,-646,11282,648,1294,199,Benitez,GK,8,CRY,FUL
199,34,12,2,True,2026-09-12T14:00:00Z,2,3,4,False,90,0,0,0,3,0,0,0,0,0,3,0,3,18.8,0.0,0.0,1.9,1,7,0,0,1,0.00,0.00,0.00,1.68,45,-389,11338,563,952,199,Benitez,GK,8,CRY,IPS
199,44,13,6,False,2026-09-20T13:00:00Z,0,0,5,False,90,0,0,1,0,0,0,0,0,0,2,0,26,18.6,0.0,0.0,1.9,1,4,0,0,1,0.00,0.00,0.00,1.31,45,618,12323,1413,795,199,Benitez,GK,8,CRY,LEE
202,3,9,3,False,2026-08-22T14:00:00Z,2,0,1,False,90,0,0,0,2,0,0,0,0,0,0,0,13,42.6,0.7,0.0,4.3,14,1,2,16,1,0.00,0.00,0.00,1.12,50,0,66477,0,0,202,Richards,DEF,8,CRY,EVE
202,11,15,0,True,2026-08-28T19:00:00Z,1,4,2,False,90,0,0,0,4,0,0,0,0,0,0,0,-4,15.0,0.1,17.0,3.2,4,2,2,6,1,0.04,0.00,0.04,2.21,50,-2246,71981,4208,6454,202,Richards,DEF,8,CRY,MCI
202,24,10,1,False,2026-09-05T14:00:00Z,2,3,3,False,90,0,0,0,2,0,0,0,0,0,0,0,8,28.8,0.5,7.0,3.6,8,4,1,9,1,0.04,0.00,0.04,3.14,50,-5426,68124,5745,11171,202,Richards,DEF,8,CRY,FUL
202,34,12,2,True,2026-09-12T14:00:00Z,2,3,4,False,90,0,0,0,3,0,0,0,1,0,0,0,2,22.4,5.9,0.0,2.8,12,6,1,13,1,0.00,0.06,0.06,1.68,50,497,74063,9105,8608,202,Richards,DEF,8,CRY,IPS
202,44,13,8,False,2026-09-20T13:00:00Z,0,0,5,False,90,0,0,1,0,0,0,0,0,0,0,0,29,22.6,0.5,0.0,2.3,8,3,2,10,1,0.00,0.01,0.01,1.31,50,-7644,63648,1854,9498,202,Richards,DEF,8,CRY,LEE
203,3,9,1,False,2026-08-22T14:00:00Z,2,0,1,False,90,0,0,0,2,0,0,0,0,0,0,0,9,27.4,5.7,5.0,3.8,4,3,4,8,1,0.05,0.01,0.06,1.12,50,0,30748,0,0,203,Canvot,DEF,8,CRY,EVE
203,11,15,0,True,2026-08-28T19:00:00Z,1,4,2,False,90,0,0,0,4,0,0,0,0,0,0,0,-1,22.8,0.5,0.0,2.3,6,1,1,7,1,0.00,0.00,0.00,2.21,50,-3200,29914,821,4021,203,Canvot,DEF,8,CRY,MCI
203,24,10,1,False,2026-09-05T14:00:00Z,2,3,3,False,90,0,0,0,2,0,0,0,0,0,0,0,4,13.0,1.9,0.0,1.5,7,2,2,9,1,0.00,0.00,0.00,3.14,49,-4057,25628,1708,5765,203,Canvot,DEF,8,CRY,FUL
203,34,12,0,True,2026-09-12T14:00:00Z,2,3,4,False,0,0,0,0,0,0,0,0,0,0,0,0,0,0.0,0.0,0.0,0.0,0,0,0,0,0,0.00,0.00,0.00,0.00,49,-1594,25690,2554,4148,203,Canvot,DEF,8,CRY,IPS
203,44,13,8,False,2026-09-20T13:00:00Z,0,0,5,False,90,0,0,1,0,0,0,0,0,0,0,0,26,19.8,17.2,2.0,3.9,9,5,1,10,1,0.00,0.12,0.12,1.31,49,-4457,20646,259,4716,203,Canvot,DEF,8,CRY,LEE
204,3,9,1,False,2026-08-22T14:00:00Z,2,0,1,False,90,0,0,0,2,0,0,0,0,0,0,0,9,11.6,13.8,2.0,2.7,3,4,2,5,1,0.00,0.01,0.01,1.12,45,0,580791,0,0,204,Mitchell,DEF,8,CRY,EVE
204,11,15,0,True,2026-08-28T19:00:00Z,1,4,2,False,90,0,0,0,4,0,0,0,0,0,0,0,-8,11.6,21.6,7.0,4.0,3,1,2,5,1,0.11,0.16,0.27,2.21,45,-44374,548942,5965,50339,204,Mitchell,DEF,8,CRY,MCI
204,24,10,15,False,2026-09-05T14:00:00Z,2,3,3,False,73,2,0,0,2,0,0,0,0,0,0,2,31,78.0,10.7,47.0,13.6,4,2,2,6,1,0.66,0.01,0.67,2.57,45,-68532,476563,9051,77583,204,Mitchell,DEF,8,CRY,FUL
204,34,12,1,True,2026-09-12T14:00:00Z,2,3,4,False,76,0,0,0,2,0,0,0,0,0,0,0,6,7.8,18.1,0.0,2.6,1,8,0,1,1,0.00,0.06,0.06,1.13,45,212978,768978,259738,46760,204,Mitchell,DEF,8,CRY,IPS
204,44,13,7,False,2026-09-20T13:00:00Z,0,0,5,False,90,0,0,1,0,0,0,0,0,0,0,1,30,19.2,3.7,6.0,2.9,3,8,5,8,1,0.00,0.02,0.02,1.31,45,-51939,647215,21781,73720,204,Mitchell,DEF,8,CRY,LEE
205,3,9,0,False,2026-08-22T14:00:00Z,2,0,1,False,0,0,0,0,0,0,0,0,0,0,0,0,0,0.0,0.0,0.0,0.0,0,0,0,0,0,0.00,0.00,0.00,0.00,45,0,2785,0,0,205,Sosa,DEF,8,CRY,EVE
205,11,15,0,True,2026-08-28T19:00:00Z,1,4,2,False,0,0,0,0,0,0,0,0,0,0,0,0,0,0.0,0.0,0.0,0.0,0,0,0,0,0,0.00,0.00,0.00,0.00,45,-226,3040,126,352,205,Sosa,DEF,8,CRY,MCI
205,24,10,0,False,2026-09-05T14:00:00Z,2,3,3,False,0,0,0,0,0,0,0,0,0,0,0,0,0,0.0,0.0,0.0,0.0,0,0,0,0,0,0.00,0.00,0.00,0.00,45,-594,2568,110,704,205,Sosa,DEF,8,CRY,FUL
205,34,12,0,True,2026-09-12T14:00:00Z,2,3,4,False,0,0,0,0,0,0,0,0,0,0,0,0,0,0.0,0.0,0.0,0.0,0,0,0,0,0,0.00,0.00,0.00,0.00,45,-639,1928,0,639,205,Sosa,DEF,8,CRY,IPS
205,44,13,0,False,2026-09-20T13:00:00Z,0,0,5,False,0,0,0,0,0,0,0,0,0,0,0,0,0,0.0,0.0,0.0,0.0,0,0,0,0,0,0.00,0.00,0.00,0.00,45,-274,1673,0,274,205,Sosa,DEF,8,CRY,LEE
206,3,9,1,False,2026-08-22T14:00:00Z,2,0,1,False,72,0,0,0,2,0,0,0,0,0,0,0,7,12.6,1.3,0.0,1.4,6,3,1,7,1,0.00,0.01,0.01,0.98,45,0,6521,0,0,206,Chadi Riad,DEF,8,CRY,EVE
206,11,15,0,True,2026-08-28T19:00:00Z,1,4,2,False,0,0,0,0,0,0,0,0,0,0,0,0,0,0.0,0.0,0.0,0.0,0,0,0,0,0,0.00,0.00,0.00,0.00,45,-2523,4410,320,2843,206,Chadi Riad,DEF,8,CRY,MCI
206,24,10,0,False,2026-09-05T14:00:00Z,2,3,3,False,0,0,0,0,0,0,0,0,0,0,0,0,0,0.0,0.0,0.0,0.0,0,0,0,0,0,0.00,0.00,0.00,0.00,44,-1423,3064,193,1616,206,Chadi Riad,DEF,8,CRY,FUL
206,34,12,0,True,2026-09-12T14:00:00Z,2,3,4,False,0,0,0,0,0,0,0,0,0,0,0,0,0,0.0,0.0,0.0,0.0,0,0,0,0,0,0.00,0.00,0.00,0.00,44,-651,2510,58,709,206,Chadi Riad,DEF,8,CRY,IPS
206,44,13,0,False,2026-09-20T13:00:00Z,0,0,5,False,0,0,0,0,0,0,0,0,0,0,0,0,0,0.0,0.0,0.0,0.0,0,0,0,0,0,0.00,0.00,0.00,0.00,44,-330,2215,53,383,206,Chadi Riad,DEF,8,CRY,LEE
207,3,9,0,False,2026-08-22T14:00:00Z,2,0,1,False,0,0,0,0,0,0,0,0,0,0,0,0,0,0.0,0.0,0.0,0.0,0,0,0,0,0,0.00,0.00,0.00,0.00,45,0,7928,0,0,207,Mingueza,DEF,8,CRY,EVE
207,11,15,1,True,2026-08-28T19:00:00Z,1,4,2,False,15,0,0,0,1,0,0,0,0,0,0,0,1,2.2,0.1,0.0,0.2,0,0,1,1,0,0.00,0.00,0.00,0.20,45,-1081,7384,199,1280,207,Mingueza,DEF,8,CRY,MCI
207,24,10,1,False,2026-09-05T14:00:00Z,2,3,3,False,1,0,0,0,0,0,0,0,0,0,0,0,4,1.0,0.3,0.0,0.1,0,1,1,1,0,0.00,0.00,0.00,0.13,44,-541,7148,770,1311,207,Mingueza,DEF,8,CRY,FUL
207,34,12,0,True,2026-09-12T14:00:00Z,2,3,4,False,0,0,0,0,0,0,0,0,0,0,0,0,0,0.0,0.0,0.0,0.0,0,0,0,0,0,0.00,0.00,0.00,0.00,44,-316,7027,691,1007,207,Mingueza,DEF,8,CRY,IPS
207,44,13,0,False,2026-09-20T13:00:00Z,0,0,5,False,0,0,0,0,0,0,0,0,0,0,0,0,0,0.0,0.0,0.0,0.0,0,0,0,0,0,0.00,0.00,0.00,0.00,44,-708,6288,250,958,207,Mingueza,DEF,8,CRY,LEE
208,3,9,0,False,2026-08-22T14:00:00Z,2,0,1,False,0,0,0,0,0,0,0,0,0,0,0,0,0,0.0,0.0,0.0,0.0,0,0,0,0,0,0.00,0.00,0.00,0.00,65,0,424225,0,0,208,Sarr,MID,8,CRY,EVE
208,11,15,0,True,2026-08-28T19:00:00Z,1,4,2,False,0,0,0,0,0,0,0,0,0,0,0,0,0,0.0,0.0,0.0,0.0,0,0,0,0,0,0.00,0.00,0.00,0.00,64,-204476,227391,2102,206578,208,Sarr,MID,8,CRY,MCI
208,24,10,0,False,2026-09-05T14:00:00Z,2,3,3,False,0,0,0,0,0,0,0,0,0,0,0,0,0,0.0,0.0,0.0,0.0,0,0,0,0,0,0.00,0.00,0.00,0.00,63,-118099,109790,330,118429,208,Sarr,MID,8,CRY,FUL
208,34,12,0,True,2026-09-12T14:00:00Z,2,3,4,False,0,0,0,0,0,0,0,0,0,0,0,0,0,0.0,0.0,0.0,0.0,0,0,0,0,0,0.00,0.00,0.00,0.00,63,-36877,77747,179,37056,208,Sarr,MID,8,CRY,IPS
208,44,13,1,False,2026-09-20T13:00:00Z,0,0,5,False,8,0,0,0,0,0,0,0,0,0,0,0,3,0.0,0.5,0.0,0.1,0,0,0,0,0,0.00,0.01,0.01,0.06,62,-10945,67923,1443,12388,208,Sarr,MID,8,CRY,LEE
210,3,9,4,False,2026-08-22T14:00:00Z,2,0,1,False,90,0,0,0,2,0,0,0,0,0,0,0,20,16.8,30.9,0.0,4.8,4,8,2,14,1,0.00,0.24,0.24,1.12,55,0,75177,0,0,210,Wharton,MID,8,CRY,EVE
210,11,15,2,True,2026-08-28T19:00:00Z,1,4,2,False,90,0,0,0,4,0,0,0,0,0,0,0,21,16.2,24.7,0.0,4.1,0,3,4,7,1,0.00,0.07,0.07,2.21,55,-1090,88998,6710,7800,210,Wharton,MID,8,CRY,MCI
210,24,10,2,False,2026-09-05T14:00:00Z,2,3,3,False,90,0,0,0,2,0,0,0,0,0,0,0,10,14.8,2.8,2.0,2.0,7,0,1,8,1,0.00,0.01,0.01,3.14,55,-3644,89835,10076,13720,210,Wharton,MID,8,CRY,FUL
210,34,12,2,True,2026-09-12T14:00:00Z,2,3,4,False,76,0,0,0,2,0,0,0,0,0,0,0,13,5.2,11.8,3.0,2.0,1,3,1,5,1,0.08,0.04,0.12,1.13,55,-1801,91297,8794,10595,210,Wharton,MID,8,CRY,IPS
210,44,13,2,False,2026-09-20T13:00:00Z,0,0,5,False,90,0,0,1,0,0,0,0,1,0,0,0,13,20.0,26.8,13.0,6.0,4,1,2,7,1,0.07,0.22,0.29,1.31,55,-9048,82270,2827,11875,210,Wharton,MID,8,CRY,LEE
211,3,9,1,False,2026-08-22T14:00:00Z,2,0,1,False,35,0,0,0,0,0,0,0,0,0,0,0,4,2.0,6.3,6.0,1.4,0,3,2,5,0,0.06,0.02,0.08,0.27,55,0,18106,0,0,211,Yeremy,MID,8,CRY,EVE
211,11,15,5,True,2026-08-28T19:00:00Z,1,4,2,False,67,0,1,0,3,0,0,0,0,0,0,0,27,10.8,34.2,9.0,5.4,2,6,2,10,1,0.05,0.07,0.12,2.01,55,-2144,18326,314,2458,211,Yeremy,MID,8,CRY,MCI
211,24,10,5,False,2026-09-05T14:00:00Z,2,3,3,False,88,0,1,0,2,0,0,0,0,0,0,0,25,8.0,42.6,6.0,5.7,1,3,1,5,1,0.25,0.30,0.55,3.01,55,2869,22762,5451,2582,211,Yeremy,MID,8,CRY,FUL
211,34,12,1,True,2026-09-12T14:00:00Z,2,3,4,False,36,0,0,0,1,0,0,0,0,0,0,0,4,0.0,2.7,2.0,0.5,0,1,0,1,1,0.00,0.01,0.01,0.38,55,27655,63756,36851,9196,211,Yeremy,MID,8,CRY,IPS
211,44,13,2,False,2026-09-20T13:00:00Z,0,0,5,False,81,0,0,1,0,0,0,0,1,0,0,0,10,9.4,8.3,10.0,2.8,2,3,0,5,1,0.16,0.15,0.31,1.26,55,-12233,38017,1928,14161,211,Yeremy,MID,8,CRY,LEE
212,3,9,0,False,2026-08-22T14:00:00Z,2,0,1,False,0,0,0,0,0,0,0,0,0,0,0,0,0,0.0,0.0,0.0,0.0,0,0,0,0,0,0.00,0.00,0.00,0.00,45,0,1093674,0,0,212,Hughes,MID,8,CRY,EVE
212,11,15,0,True,2026-08-28T19:00:00Z,1,4,2,False,0,0,0,0,0,0,0,0,0,0,0,0,0,0.0,0.0,0.0,0.0,0,0,0,0,0,0.00,0.00,0.00,0.00,45,-69998,1064673,20182,90180,212,Hughes,MID,8,CRY,MCI
212,24,10,1,False,2026-09-05T14:00:00Z,2,3,3,False,16,0,0,0,0,0,0,0,0,0,0,0,3,2.4,0.3,0.0,0.3,2,1,0,3,0,0.00,0.00,0.00,0.57,45,-96023,969611,37588,133611,212,Hughes,MID,8,CRY,FUL
212,34,12,1,True,2026-09-12T14:00:00Z,2,3,4,False,13,0,0,0,1,0,0,0,0,0,0,0,6,5.6,15.0,0.0,2.1,1,2,1,4,0,0.00,0.04,0.04,0.55,45,-87271,888879,26618,113889,212,Hughes,MID,8,CRY,IPS
212,44,13,0,False,2026-09-20T13:00:00Z,0,0,5,False,0,0,0,0,0,0,0,0,0,0,0,0,0,0.0,0.0,0.0,0.0,0,0,0,0,0,0.00,0.00,0.00,0.00,44,-71924,838201,29011,100935,212,Hughes,MID,8,CRY,LEE
213,3,9,0,False,2026-08-22T14:00:00Z,2,0,1,False,0,0,0,0,0,0,0,0,0,0,0,0,0,0.0,0.0,0.0,0.0,0,0,0,0,0,0.00,0.00,0.00,0.00,50,0,10665,0,0,213,Lerma,MID,8,CRY,EVE
213,11,15,0,True,2026-08-28T19:00:00Z,1,4,2,False,0,0,0,0,0,0,0,0,0,0,0,0,0,0.0,0.0,0.0,0.0,0,0,0,0,0,0.00,0.00,0.00,0.00,50,-1246,10302,204,1450,213,Lerma,MID,8,CRY,MCI
213,24,10,0,False,2026-09-05T14:00:00Z,2,3,3,False,0,0,0,0,0,0,0,0,0,0,0,0,0,0.0,0.0,0.0,0.0,0,0,0,0,0,0.00,0.00,0.00,0.00,49,-1246,9259,496,1742,213,Lerma,MID,8,CRY,FUL
213,34,12,1,True,2026-09-12T14:00:00Z,2,3,4,False,6,0,0,0,1,0,0,0,0,0,0,0,3,2.2,0.3,0.0,0.3,1,0,0,1,0,0.00,0.00,0.00,0.48,49,-806,8598,327,1133,213,Lerma,MID,8,CRY,IPS
213,44,13,0,False,2026-09-20T13:00:00Z,0,0,5,False,45,0,0,0,0,0,0,0,1,0,0,0,3,15.4,0.5,11.0,2.7,6,3,2,11,0,0.26,0.00,0.26,0.77,49,-677,7985,179,856,213,Lerma,MID,8,CRY,LEE
214,3,9,3,False,2026-08-22T14:00:00Z,2,0,1,False,90,0,0,0,2,0,0,0,1,0,0,0,25,20.4,29.3,0.0,5.0,3,8,3,14,1,0.00,0.27,0.27,1.12,50,0,24728,0,0,214,Kamada,MID,8,CRY,EVE
214,11,15,2,True,2026-08-28T19:00:00Z,1,4,2,False,90,0,0,0,4,0,0,0,0,0,0,0,21,17.6,2.8,7.0,2.7,1,2,6,9,1,0.05,0.02,0.07,2.21,50,-1150,27191,1944,3094,214,Kamada,MID,8,CRY,MCI
214,24,10,5,False,2026-09-05T14:00:00Z,2,3,3,False,88,0,1,0,2,0,0,0,0,0,0,0,21,19.6,23.2,6.0,4.9,0,4,0,4,1,0.00,0.01,0.01,3.01,50,-259,28293,4293,4552,214,Kamada,MID,8,CRY,FUL
214,34,12,8,True,2026-09-12T14:00:00Z,2,3,4,False,83,0,2,0,2,0,0,0,0,0,0,0,30,36.2,21.9,2.0,6.0,0,0,1,1,1,0.00,0.05,0.05,1.20,50,11985,44888,18109,6124,214,Kamada,MID,8,CRY,IPS
214,44,13,3,False,2026-09-20T13:00:00Z,0,0,5,False,90,0,0,1,0,0,0,0,0,0,0,0,12,1.8,4.0,27.0,3.3,0,9,1,10,1,0.42,0.03,0.45,1.31,50,14554,59125,22401,7847,214,Kamada,MID,8,CRY,LEE
215,3,9,0,False,2026-08-22T14:00:00Z,2,0,1,False,0,0,0,0,0,0,0,0,0,0,0,0,0,0.0,0.0,0.0,0.0,0,0,0,0,0,0.00,0.00,0.00,0.00,50,0,1134,0,0,215,Devenny,MID,8,CRY,EVE
215,11,15,0,True,2026-08-28T19:00:00Z,1,4,2,False,0,0,0,0,0,0,0,0,0,0,0,0,0,0.0,0.0,0.0,0.0,0,0,0,0,0,0.00,0.00,0.00,0.00,50,-107,1141,69,176,215,Devenny,MID,8,CRY,MCI
215,24,10,0,False,2026-09-05T14:00:00Z,2,3,3,False,0,0,0,0,0,0,0,0,0,0,0,0,0,0.0,0.0,0.0,0.0,0,0,0,0,0,0.00,0.00,0.00,0.00,50,-275,914,63,338,215,Devenny,MID,8,CRY,FUL
215,34,12,0,True,2026-09-12T14:00:00Z,2,3,4,False,0,0,0,0,0,0,0,0,0,0,0,0,0,0.0,0.0,0.0,0.0,0,0,0,0,0,0.00,0.00,0.00,0.00,50,-276,646,0,276,215,Devenny,MID,8,CRY,IPS
215,44,13,0,False,2026-09-20T13:00:00Z,0,0,5,False,0,0,0,0,0,0,0,0,0,0,0,0,0,0.0,0.0,0.0,0.0,0,0,0,0,0,0.00,0.00,0.00,0.00,50,-124,537,0,124,215,Devenny,MID,8,CRY,LEE
216,3,9,0,False,2026-08-22T14:00:00Z,2,0,1,False,0,0,0,0,0,0,0,0,0,0,0,0,0,0.0,0.0,0.0,0.0,0,0,0,0,0,0.00,0.00,0.00,0.00,50,0,3728,0,0,216,Esse,MID,8,CRY,EVE
216,11,15,0,True,2026-08-28T19:00:00Z,1,4,2,False,0,0,0,0,0,0,0,0,0,0,0,0,0,0.0,0.0,0.0,0.0,0,0,0,0,0,0.00,0.00,0.00,0.00,50,-379,3956,211,590,216,Esse,MID,8,CRY,MCI
216,24,10,0,False,2026-09-05T14:00:00Z,2,3,3,False,0,0,0,0,0,0,0,0,0,0,0,0,0,0.0,0.0,0.0,0.0,0,0,0,0,0,0.00,0.00,0.00,0.00,50,-965,3105,188,1153,216,Esse,MID,8,CRY,FUL
216,34,12,0,True,2026-09-12T14:00:00Z,2,3,4,False,0,0,0,0,0,0,0,0,0,0,0,0,0,0.0,0.0,0.0,0.0,0,0,0,0,0,0.00,0.00,0.00,0.00,50,-963,2168,0,963,216,Esse,MID,8,CRY,IPS
216,44,13,0,False,2026-09-20T13:00:00Z,0,0,5,False,0,0,0,0,0,0,0,0,0,0,0,0,0,0.0,0.0,0.0,0.0,0,0,0,0,0,0.00,0.00,0.00,0.00,50,-405,1807,0,405,216,Esse,MID,8,CRY,LEE
217,3,9,0,False,2026-08-22T14:00:00Z,2,0,1,False,0,0,0,0,0,0,0,0,0,0,0,0,0,0.0,0.0,0.0,0.0,0,0,0,0,0,0.00,0.00,0.00,0.00,50,0,3157,0,0,217,M.França,MID,8,CRY,EVE
217,11,15,0,True,2026-08-28T19:00:00Z,1,4,2,False,0,0,0,0,0,0,0,0,0,0,0,0,0,0.0,0.0,0.0,0.0,0,0,0,0,0,0.00,0.00,0.00,0.00,50,-697,2546,17,714,217,M.França,MID,8,CRY,MCI
217,24,10,0,False,2026-09-05T14:00:00Z,2,3,3,False,0,0,0,0,0,0,0,0,0,0,0,0,0,0.0,0.0,0.0,0.0,0,0,0,0,0,0.00,0.00,0.00,0.00,49,-173,2633,933,1106,217,M.França,MID,8,CRY,FUL
217,34,12,0,True,2026-09-12T14:00:00Z,2,3,4,False,0,0,0,0,0,0,0,0,0,0,0,0,0,0.0,0.0,0.0,0.0,0,0,0,0,0,0.00,0.00,0.00,0.00,49,-730,1885,57,787,217,M.França,MID,8,CRY,IPS
217,44,13,0,False,2026-09-20T13:00:00Z,0,0,5,False,0,0,0,0,0,0,0,0,0,0,0,0,0,0.0,0.0,0.0,0.0,0,0,0,0,0,0.00,0.00,0.00,0.00,49,-675,1249,0,675,217,M.França,MID,8,CRY,LEE
218,3,9,0,False,2026-08-22T14:00:00Z,2,0,1,False,0,0,0,0,0,0,0,0,0,0,0,0,0,0.0,0.0,0.0,0.0,0,0,0,0,0,0.00,0.00,0.00,0.00,50,0,6199,0,0,218,Doucouré,MID,8,CRY,EVE
218,11,15,0,True,2026-08-28T19:00:00Z,1,4,2,False,0,0,0,0,0,0,0,0,0,0,0,0,0,0.0,0.0,0.0,0.0,0,0,0,0,0,0.00,0.00,0.00,0.00,50,-811,6115,248,1059,218,Doucouré,MID,8,CRY,MCI
218,24,10,0,False,2026-09-05T14:00:00Z,2,3,3,False,0,0,0,0,0,0,0,0,0,0,0,0,0,0.0,0.0,0.0,0.0,0,0,0,0,0,0.00,0.00,0.00,0.00,49,-336,6155,984,1320,218,Doucouré,MID,8,CRY,FUL
218,34,12,0,True,2026-09-12T14:00:00Z,2,3,4,False,0,0,0,0,0,0,0,0,0,0,0,0,0,0.0,0.0,0.0,0.0,0,0,0,0,0,0.00,0.00,0.00,0.00,49,-468,5759,470,938,218,Doucouré,MID,8,CRY,IPS
218,44,13,0,False,2026-09-20T13:00:00Z,0,0,5,False,0,0,0,0,0,0,0,0,0,0,0,0,0,0.0,0.0,0.0,0.0,0,0,0,0,0,0.00,0.00,0.00,0.00,49,-576,5232,272,848,218,Doucouré,MID,8,CRY,LEE
219,3,9,0,False,2026-08-22T14:00:00Z,2,0,1,False,0,0,0,0,0,0,0,0,0,0,0,0,0,0.0,0.0,0.0,0.0,0,0,0,0,0,0.00,0.00,0.00,0.00,50,0,550,0,0,219,J.Rak-Sakyi,MID,8,CRY,EVE
219,11,15,0,True,2026-08-28T19:00:00Z,1,4,2,False,0,0,0,0,0,0,0,0,0,0,0,0,0,0.0,0.0,0.0,0.0,0,0,0,0,0,0.00,0.00,0.00,0.00,50,-51,578,39,90,219,J.Rak-Sakyi,MID,8,CRY,MCI
219,24,10,0,False,2026-09-05T14:00:00Z,2,3,3,False,0,0,0,0,0,0,0,0,0,0,0,0,0,0.0,0.0,0.0,0.0,0,0,0,0,0,0.00,0.00,0.00,0.00,50,-60,553,51,111,219,J.Rak-Sakyi,MID,8,CRY,FUL
219,34,12,0,True,2026-09-12T14:00:00Z,2,3,4,False,0,0,0,0,0,0,0,0,0,0,0,0,0,0.0,0.0,0.0,0.0,0,0,0,0,0,0.00,0.00,0.00,0.00,49,-85,492,55,140,219,J.Rak-Sakyi,MID,8,CRY,IPS
219,44,13,0,False,2026-09-20T13:00:00Z,0,0,5,False,0,0,0,0,0,0,0,0,0,0,0,0,0,0.0,0.0,0.0,0.0,0,0,0,0,0,0.00,0.00,0.00,0.00,49,-101,390,0,101,219,J.Rak-Sakyi,MID,8,CRY,LEE
220,3,9,0,False,2026-08-22T14:00:00Z,2,0,1,False,0,0,0,0,0,0,0,0,0,0,0,0,0,0.0,0.0,0.0,0.0,0,0,0,0,0,0.00,0.00,0.00,0.00,45,0,255,0,0,220,Cardines,DEF,8,CRY,EVE
220,11,15,0,True,2026-08-28T19:00:00Z,1,4,2,False,0,0,0,0,0,0,0,0,0,0,0,0,0,0.0,0.0,0.0,0.0,0,0,0,0,0,0.00,0.00,0.00,0.00,45,-65,187,0,65,220,Cardines,DEF,8,CRY,MCI
220,24,10,0,False,2026-09-05T14:00:00Z,2,3,3,False,0,0,0,0,0,0,0,0,0,0,0,0,0,0.0,0.0,0.0,0.0,0,0,0,0,0,0.00,0.00,0.00,0.00,45,-39,151,0,39,220,Cardines,DEF,8,CRY,FUL
220,34,12,0,True,2026-09-12T14:00:00Z,2,3,4,False,0,0,0,0,0,0,0,0,0,0,0,0,0,0.0,0.0,0.0,0.0,0,0,0,0,0,0.00,0.00,0.00,0.00,45,-13,138,0,13,220,Cardines,DEF,8,CRY,IPS
220,44,13,0,False,2026-09-20T13:00:00Z,0,0,5,False,0,0,0,0,0,0,0,0,0,0,0,0,0,0.0,0.0,0.0,0.0,0,0,0,0,0,0.00,0.00,0.00,0.00,45,-8,132,0,8,220,Cardines,DEF,8,CRY,LEE
221,3,9,0,False,2026-08-22T14:00:00Z,2,0,1,False,0,0,0,0,0,0,0,0,0,0,0,0,0,0.0,0.0,0.0,0.0,0,0,0,0,0,0.00,0.00,0.00,0.00,45,0,8076,0,0,221,Drakes-Thomas,MID,8,CRY,EVE
221,11,15,0,True,2026-08-28T19:00:00Z,1,4,2,False,0,0,0,0,0,0,0,0,0,0,0,0,0,0.0,0.0,0.0,0.0,0,0,0,0,0,0.00,0.00,0.00,0.00,45,-589,8204,399,988,221,Drakes-Thomas,MID,8,CRY,MCI
221,24,10,0,False,2026-09-05T14:00:00Z,2,3,3,False,0,0,0,0,0,0,0,0,0,0,0,0,0,0.0,0.0,0.0,0.0,0,0,0,0,0,0.00,0.00,0.00,0.00,45,-252,8457,939,1191,221,Drakes-Thomas,MID,8,CRY,FUL
221,34,12,0,True,2026-09-12T14:00:00Z,2,3,4,False,0,0,0,0,0,0,0,0,0,0,0,0,0,0.0,0.0,0.0,0.0,0,0,0,0,0,0.00,0.00,0.00,0.00,45,-226,8428,850,1076,221,Drakes-Thomas,MID,8,CRY,IPS
221,44,13,0,False,2026-09-20T13:00:00Z,0,0,5,False,0,0,0,0,0,0,0,0,0,0,0,0,0,0.0,0.0,0.0,0.0,0,0,0,0,0,0.00,0.00,0.00,0.00,45,-630,7788,360,990,221,Drakes-Thomas,MID,8,CRY,LEE
222,3,9,1,False,2026-08-22T14:00:00Z,2,0,1,False,27,0,0,0,0,0,0,0,0,0,0,0,3,1.0,3.5,17.0,2.2,0,0,0,0,0,0.25,0.01,0.26,0.14,60,0,50940,0,0,222,Strand Larsen,FWD,8,CRY,EVE
222,11,15,2,True,2026-08-28T19:00:00Z,1,4,2,False,62,0,0,0,3,0,0,0,0,0,0,0,13,5.2,0.3,4.0,1.0,2,1,1,4,1,0.05,0.00,0.05,2.01,60,-6261,50504,1510,7771,222,Strand Larsen,FWD,8,CRY,MCI
222,24,10,1,False,2026-09-05T14:00:00Z,2,3,3,False,45,0,0,0,0,0,0,0,0,0,0,0,4,2.4,0.8,0.0,0.3,1,3,0,4,0,0.00,0.00,0.00,1.54,60,-981,51335,7524,8505,222,Strand Larsen,FWD,8,CRY,FUL
222,34,12,8,True,2026-09-12T14:00:00Z,2,3,4,False,83,1,0,0,2,0,0,0,0,0,0,2,39,40.8,12.8,31.0,8.5,0,1,1,2,1,0.09,0.02,0.11,1.20,60,11360,71789,21000,9640,222,Strand Larsen,FWD,8,CRY,IPS
222,44,13,2,False,2026-09-20T13:00:00Z,0,0,5,False,81,0,0,1,0,0,0,0,0,0,0,0,10,13.2,15.1,13.0,4.1,3,0,0,3,1,0.04,0.17,0.21,1.26,60,4053,69381,15191,11138,222,Strand Larsen,FWD,8,CRY,LEE
223,3,9,2,False,2026-08-22T14:00:00Z,2,0,1,False,62,0,0,0,2,0,0,0,0,0,0,0,-3,1.4,12.3,11.0,2.5,1,2,2,5,1,0.70,0.02,0.72,0.98,65,0,504100,0,0,223,Mateta,FWD,8,CRY,EVE
223,11,15,0,True,2026-08-28T19:00:00Z,1,4,2,False,0,0,0,0,0,0,0,0,0,0,0,0,0,0.0,0.0,0.0,0.0,0,0,0,0,0,0.00,0.00,0.00,0.00,65,-48482,510630,23951,72433,223,Mateta,FWD,8,CRY,MCI
223,24,10,0,False,2026-09-05T14:00:00Z,2,3,3,False,0,0,0,0,0,0,0,0,0,0,0,0,0,0.0,0.0,0.0,0.0,0,0,0,0,0,0.00,0.00,0.00,0.00,64,-269301,236661,1227,270528,223,Mateta,FWD,8,CRY,FUL
223,34,12,0,True,2026-09-12T14:00:00Z,2,3,4,False,0,0,0,0,0,0,0,0,0,0,0,0,0,0.0,0.0,0.0,0.0,0,0,0,0,0,0.00,0.00,0.00,0.00,64,-72649,175573,343,72992,223,Mateta,FWD,8,CRY,IPS
223,44,13,0,False,2026-09-20T13:00:00Z,0,0,5,False,0,0,0,0,0,0,0,0,0,0,0,0,0,0.0,0.0,0.0,0.0,0,0,0,0,0,0.00,0.00,0.00,0.00,63,-29302,148086,232,29534,223,Mateta,FWD,8,CRY,LEE
224,3,9,1,False,2026-08-22T14:00:00Z,2,0,1,False,55,0,0,0,2,0,0,0,0,0,0,0,12,10.4,24.5,23.0,5.8,1,1,1,3,1,0.60,0.58,1.18,0.84,55,0,43148,0,0,224,Nketiah,FWD,8,CRY,EVE
224,11,15,2,True,2026-08-28T19:00:00Z,1,4,2,False,67,0,0,0,3,0,0,0,0,0,0,0,8,2.6,10.6,8.0,2.1,1,3,2,6,1,0.36,0.00,0.36,2.01,55,-2517,47953,3263,5780,224,Nketiah,FWD,8,CRY,MCI
224,24,10,4,False,2026-09-05T14:00:00Z,2,3,3,False,45,0,1,0,2,0,0,0,0,0,0,0,16,21.2,10.7,19.0,5.1,0,1,1,2,1,0.14,0.00,0.14,1.60,55,3590,55843,11874,8284,224,Nketiah,FWD,8,CRY,FUL
224,34,12,0,True,2026-09-12T14:00:00Z,2,3,4,False,0,0,0,0,0,0,0,0,0,0,0,0,0,0.0,0.0,0.0,0.0,0,0,0,0,0,0.00,0.00,0.00,0.00,55,20214,81943,29818,9604,224,Nketiah,FWD,8,CRY,IPS
224,44,13,1,False,2026-09-20T13:00:00Z,0,0,5,False,8,0,0,0,0,0,0,0,0,0,0,0,2,0.0,0.6,0.0,0.0,0,1,0,1,0,0.00,0.02,0.02,0.06,55,-21953,55856,1026,22979,224,Nketiah,FWD,8,CRY,LEE
225,3,9,0,False,2026-08-22T14:00:00Z,2,0,1,False,0,0,0,0,0,0,0,0,0,0,0,0,0,0.0,0.0,0.0,0.0,0,0,0,0,0,0.00,0.00,0.00,0.00,50,0,0,0,0,225,Uche,FWD,8,CRY,EVE
225,11,15,0,True,2026-08-28T19:00:00Z,1,4,2,False,0,0,0,0,0,0,0,0,0,0,0,0,0,0.0,0.0,0.0,0.0,0,0,0,0,0,0.00,0.00,0.00,0.00,50,0,0,0,0,225,Uche,FWD,8,CRY,MCI
225,24,10,0,False,2026-09-05T14:00:00Z,2,3,3,False,0,0,0,0,0,0,0,0,0,0,0,0,0,0.0,0.0,0.0,0.0,0,0,0,0,0,0.00,0.00,0.00,0.00,50,0,0,0,0,225,Uche,FWD,8,CRY,FUL
225,34,12,0,True,2026-09-12T14:00:00Z,2,3,4,False,0,0,0,0,0,0,0,0,0,0,0,0,0,0.0,0.0,0.0,0.0,0,0,0,0,0,0.00,0.00,0.00,0.00,50,0,0,0,0,225,Uche,FWD,8,CRY,IPS
225,44,13,0,False,2026-09-20T13:00:00Z,0,0,5,False,0,0,0,0,0,0,0,0,0,0,0,0,0,0.0,0.0,0.0,0.0,0,0,0,0,0,0.00,0.00,0.00,0.00,50,0,0,0,0,225,Uche,FWD,8,CRY,LEE
241,3,9,2,False,2026-08-22T14:00:00Z,2,0,1,False,62,0,0,0,2,0,0,0,0,0,0,0,11,9.6,4.7,2.0,1.6,3,2,0,5,1,0.05,0.02,0.07,0.98,55,0,15735,0,0,241,McNeil,MID,8,CRY,EVE
241,11,15,1,True,2026-08-28T19:00:00Z,1,4,2,False,22,0,0,0,1,0,0,0,0,0,0,0,2,0.4,0.3,0.0,0.1,1,1,0,2,0,0.00,0.00,0.00,0.20,55,-1356,16698,472,1828,241,McNeil,MID,8,CRY,MCI
241,24,10,0,False,2026-09-05T14:00:00Z,2,3,3,False,0,0,0,0,0,0,0,0,0,0,0,0,0,0.0,0.0,0.0,0.0,0,0,0,0,0,0.00,0.00,0.00,0.00,55,-1942,14863,540,2482,241,McNeil,MID,8,CRY,FUL
241,34,12,0,True,2026-09-12T14:00:00Z,2,3,4,False,0,0,0,0,0,0,0,0,0,0,0,0,0,0.0,0.0,0.0,0.0,0,0,0,0,0,0.00,0.00,0.00,0.00,54,-1350,13782,510,1860,241,McNeil,MID,8,CRY,IPS
241,44,13,0,False,2026-09-20T13:00:00Z,0,0,5,False,0,0,0,0,0,0,0,0,0,0,0,0,0,0.0,0.0,0.0,0.0,0,0,0,0,0,0.00,0.00,0.00,0.00,54,-1374,12442,185,1559,241,McNeil,MID,8,CRY,LEE
555,3,9,0,False,2026-08-22T14:00:00Z,2,0,1,False,0,0,0,0,0,0,0,0,0,0,0,0,0,0.0,0.0,0.0,0.0,0,0,0,0,0,0.00,0.00,0.00,0.00,40,0,156141,0,0,555,Matthews,GK,8,CRY,EVE
555,11,15,0,True,2026-08-28T19:00:00Z,1,4,2,False,0,0,0,0,0,0,0,0,0,0,0,0,0,0.0,0.0,0.0,0.0,0,0,0,0,0,0.00,0.00,0.00,0.00,40,-290,183203,5945,6235,555,Matthews,GK,8,CRY,MCI
555,24,10,0,False,2026-09-05T14:00:00Z,2,3,3,False,0,0,0,0,0,0,0,0,0,0,0,0,0,0.0,0.0,0.0,0.0,0,0,0,0,0,0.00,0.00,0.00,0.00,40,-1097,188559,7566,8663,555,Matthews,GK,8,CRY,FUL
555,34,12,0,True,2026-09-12T14:00:00Z,2,3,4,False,0,0,0,0,0,0,0,0,0,0,0,0,0,0.0,0.0,0.0,0.0,0,0,0,0,0,0.00,0.00,0.00,0.00,40,-2537,187175,5212,7749,555,Matthews,GK,8,CRY,IPS
555,44,13,0,False,2026-09-20T13:00:00Z,0,0,5,False,0,0,0,0,0,0,0,0,0,0,0,0,0,0.0,0.0,0.0,0.0,0,0,0,0,0,0.00,0.00,0.00,0.00,40,-2332,185661,3461,5793,555,Matthews,GK,8,CRY,LEE
577,3,9,1,False,2026-08-22T14:00:00Z,2,0,1,False,18,0,0,0,0,0,0,0,0,0,0,0,3,2.4,2.4,0.0,0.5,1,1,0,1,0,0.00,0.01,0.01,0.14,45,0,31543,0,0,577,Tomiyasu,DEF,8,CRY,EVE
577,11,15,1,True,2026-08-28T19:00:00Z,1,4,2,False,73,0,0,0,3,0,0,0,0,0,0,0,-3,12.6,1.3,2.0,1.6,7,3,1,8,1,0.00,0.00,0.00,2.01,45,-1838,34647,829,2667,577,Tomiyasu,DEF,8,CRY,MCI
577,24,10,0,False,2026-09-05T14:00:00Z,2,3,3,False,0,0,0,0,0,0,0,0,0,0,0,0,0,0.0,0.0,0.0,0.0,0,0,0,0,0,0.00,0.00,0.00,0.00,45,-2052,33461,1378,3430,577,Tomiyasu,DEF,8,CRY,FUL
577,34,12,0,True,2026-09-12T14:00:00Z,2,3,4,False,53,0,0,0,2,0,0,0,0,0,0,0,6,10.2,1.3,4.0,1.6,4,3,1,5,0,0.00,0.01,0.01,1.29,45,-2574,31339,625,3199,577,Tomiyasu,DEF,8,CRY,IPS
577,44,13,1,False,2026-09-20T13:00:00Z,0,0,5,False,45,0,0,0,0,0,0,0,0,0,0,0,4,10.6,10.6,2.0,2.3,3,0,0,3,1,0.00,0.01,0.01,0.54,44,-2327,29233,497,2824,577,Tomiyasu,DEF,8,CRY,LEE
588,3,9,1,False,2026-08-22T14:00:00Z,2,0,1,False,35,0,0,0,0,0,0,0,0,0,0,0,12,24.0,26.5,4.0,5.5,5,3,4,9,0,0.00,0.16,0.16,0.27,50,0,8418,0,0,588,Khalaili,DEF,8,CRY,EVE
588,11,15,2,True,2026-08-28T19:00:00Z,1,4,2,False,74,0,0,0,3,0,0,0,1,0,0,0,9,26.4,1.5,3.0,3.1,4,5,10,14,1,0.02,0.00,0.02,2.01,50,-365,10199,462,827,588,Khalaili,DEF,8,CRY,MCI
588,24,10,3,False,2026-09-05T14:00:00Z,2,3,3,False,90,0,0,0,2,0,0,0,0,0,0,0,6,21.6,2.3,8.0,3.2,7,3,3,10,1,0.72,0.01,0.73,3.14,50,2499,13924,4048,1549,588,Khalaili,DEF,8,CRY,FUL
588,34,12,7,True,2026-09-12T14:00:00Z,2,3,4,False,90,1,0,0,3,0,0,0,0,0,0,0,4,40.4,16.0,31.0,8.7,3,4,2,5,1,0.22,0.14,0.36,1.68,50,17022,41054,22369,5347,588,Khalaili,DEF,8,CRY,IPS
588,44,13,6,False,2026-09-20T13:00:00Z,0,0,5,False,90,0,0,1,0,0,0,0,0,0,0,0,23,15.8,2.5,2.0,2.0,4,11,2,6,1,0.00,0.02,0.02,1.31,50,-717,31883,5814,6531,588,Khalaili,DEF,8,CRY,LEE
595,3,9,0,False,2026-08-22T14:00:00Z,2,0,1,False,0,0,0,0,0,0,0,0,0,0,0,0,0,0.0,0.0,0.0,0.0,0,0,0,0,0,0.00,0.00,0.00,0.00,50,0,1214,0,0,595,Gozo,MID,8,CRY,EVE
595,11,15,1,True,2026-08-28T19:00:00Z,1,4,2,False,22,0,0,0,1,0,0,0,0,0,0,0,3,1.4,1.3,0.0,0.3,0,0,1,1,0,0.00,0.00,0.00,0.20,50,-72,1414,101,173,595,Gozo,MID,8,CRY,MCI
595,24,10,0,False,2026-09-05T14:00:00Z,2,3,3,False,0,0,0,0,0,0,0,0,0,0,0,0,0,0.0,0.0,0.0,0.0,0,0,0,0,0,0.00,0.00,0.00,0.00,50,-66,1444,158,224,595,Gozo,MID,8,CRY,FUL
595,34,12,1,True,2026-09-12T14:00:00Z,2,3,4,False,6,0,0,0,1,0,0,0,0,0,0,0,3,0.0,0.3,0.0,0.0,0,0,0,0,0,0.00,0.00,0.00,0.48,50,-88,1406,110,198,595,Gozo,MID,8,CRY,IPS
595,44,13,0,False,2026-09-20T13:00:00Z,0,0,5,False,0,0,0,0,0,0,0,0,0,0,0,0,0,0.0,0.0,0.0,0.0,0,0,0,0,0,0.00,0.00,0.00,0.00,50,-117,1330,81,198,595,Gozo,MID,8,CRY,LEE
633,24,10,0,False,2026-09-05T14:00:00Z,2,3,3,False,0,0,0,0,0,0,0,0,0,0,0,0,0,0.0,0.0,0.0,0.0,0,0,0,0,0,0.00,0.00,0.00,0.00,45,185,296,217,32,633,Ahanor,DEF,8,CRY,FUL
633,34,12,3,True,2026-09-12T14:00:00Z,2,3,4,False,90,0,0,0,3,0,0,0,0,0,0,0,10,24.6,11.9,4.0,4.1,9,4,2,11,1,0.00,0.01,0.01,1.68,45,668,1153,848,180,633,Ahanor,DEF,8,CRY,IPS
633,44,13,0,False,2026-09-20T13:00:00Z,0,0,5,False,0,0,0,0,0,0,0,0,0,0,0,0,0,0.0,0.0,0.0,0.0,0,0,0,0,0,0.00,0.00,0.00,0.00,45,470,1692,710,240,633,Ahanor,DEF,8,CRY,LEE
643,24,10,7,False,2026-09-05T14:00:00Z,2,3,3,False,16,1,0,0,0,0,0,0,0,0,0,0,20,33.2,0.7,17.0,5.1,0,0,0,0,0,0.15,0.00,0.15,0.57,45,679,984,763,84,643,Chilwell,DEF,8,CRY,FUL
643,34,12,1,True,2026-09-12T14:00:00Z,2,3,4,False,13,0,0,0,1,0,0,0,0,0,0,0,1,0.2,3.5,4.0,0.8,1,0,0,1,0,0.12,0.01,0.13,0.55,45,32853,62478,38522,5669,643,Chilwell,DEF,8,CRY,IPS
643,44,13,0,False,2026-09-20T13:00:00Z,0,0,5,False,0,0,0,0,0,0,0,0,0,0,0,0,0,0.0,0.0,0.0,0.0,0,0,0,0,0,0.00,0.00,0.00,0.00,45,-6188,50011,3269,9457,643,Chilwell,DEF,8,CRY,LEE
644,24,10,2,False,2026-09-05T14:00:00Z,2,3,3,False,73,0,0,0,2,0,0,0,0,0,0,0,8,4.2,0.2,1.0,0.5,2,3,1,6,1,0.02,0.00,0.02,2.57,50,556,782,656,100,644,Timber,MID,8,CRY,FUL
644,34,12,4,True,2026-09-12T14:00:00Z,2,3,4,False,90,0,0,0,3,0,0,0,0,0,0,0,24,25.2,4.9,27.0,5.7,2,6,8,16,1,0.10,0.03,0.13,1.68,50,1293,2570,1757,464,644,Timber,MID,8,CRY,IPS
644,44,13,3,False,2026-09-20T13:00:00Z,0,0,5,False,90,0,0,1,0,0,0,0,0,0,0,0,13,8.4,24.0,6.0,3.8,2,1,2,5,1,0.12,0.03,0.15,1.31,50,782,3505,1410,628,644,Timber,MID,8,CRY,LEE
647,24,10,1,False,2026-09-05T14:00:00Z,2,3,3,False,1,0,0,0,0,0,0,0,0,0,0,0,2,2.0,0.3,0.0,0.2,0,0,1,1,0,0.00,0.00,0.00,0.13,55,411,535,461,50,647,Osorio,MID,8,CRY,FUL
647,34,12,0,True,2026-09-12T14:00:00Z,2,3,4,False,0,0,0,0,0,0,0,0,0,0,0,0,0,0.0,0.0,0.0,0.0,0,0,0,0,0,0.00,0.00,0.00,0.00,55,263,903,378,115,647,Osorio,MID,8,CRY,IPS
647,44,13,0,False,2026-09-20T13:00:00Z,0,0,5,False,0,0,0,0,0,0,0,0,0,0,0,0,0,0.0,0.0,0.0,0.0,0,0,0,0,0,0.00,0.00,0.00,0.00,55,-91,833,80,171,647,Osorio,MID,8,CRY,LEE
21,3,8,0,True,2026-08-22T14:00:00Z,2,0,1,False,0,0,0,0,0,0,0,0,0,0,0,0,0,0.0,0.0,0.0,0.0,0,0,0,0,0,0.00,0.00,0.00,0.00,50,0,10920,0,0,21,Nørgaard,MID,9,EVE,CRY
21,12,3,0,False,2026-08-29T14:00:00Z,1,1,2,False,0,0,0,0,0,0,0,0,0,0,0,0,0,0.0,0.0,0.0,0.0,0,0,0,0,0,0.00,0.00,0.00,0.00,50,-2764,8315,102,2866,21,Nørgaard,MID,9,EVE,BOU
21,30,16,0,True,2026-09-06T13:00:00Z,2,2,3,False,0,0,0,0,0,0,0,0,0,0,0,0,0,0.0,0.0,0.0,0.0,0,0,0,0,0,0.00,0.00,0.00,0.00,49,-1962,6444,209,2171,21,Nørgaard,MID,9,EVE,MUN
21,37,19,0,False,2026-09-12T16:30:00Z,0,0,4,False,0,0,0,0,0,0,0,0,0,0,0,0,0,0.0,0.0,0.0,0.0,0,0,0,0,0,0.00,0.00,0.00,0.00,49,-1199,5295,83,1282,21,Nørgaard,MID,9,EVE,TOT
21,43,12,0,True,2026-09-19T14:00:00Z,1,0,5,False,0,0,0,0,0,0,0,0,0,0,0,0,0,0.0,0.0,0.0,0.0,0,0,0,0,0,0.00,0.00,0.00,0.00,49,-737,4666,46,783,21,Nørgaard,MID,9,EVE,IPS
209,3,8,1,True,2026-08-22T14:00:00Z,2,0,1,False,6,0,0,0,0,0,0,0,0,0,0,0,3,4.0,0.3,0.0,0.4,2,0,0,2,0,0.00,0.00,0.00,0.29,60,0,15299,0,0,209,Johnson,MID,9,EVE,CRY
209,12,3,1,False,2026-08-29T14:00:00Z,1,1,2,False,28,0,0,0,0,0,0,0,0,0,0,0,1,1.2,0.0,0.0,0.1,0,1,1,2,0,0.00,0.00,0.00,1.58,60,-1848,15402,732,2580,209,Johnson,MID,9,EVE,BOU
209,30,16,1,True,2026-09-06T13:00:00Z,2,2,3,False,65,0,0,0,1,0,0,0,1,0,0,0,3,6.6,22.9,9.0,3.9,3,4,1,8,1,0.05,0.04,0.09,0.37,59,-2691,13119,786,3477,209,Johnson,MID,9,EVE,MUN
209,37,19,3,False,2026-09-12T16:30:00Z,0,0,4,False,74,0,0,1,0,0,0,0,0,0,0,0,13,11.2,29.0,6.0,4.6,2,2,2,6,1,0.16,0.18,0.34,0.43,59,-1128,12460,1069,2197,209,Johnson,MID,9,EVE,TOT
209,43,12,3,True,2026-09-19T14:00:00Z,1,0,5,False,65,0,0,1,0,0,0,0,0,0,0,0,6,0.0,0.6,10.0,1.0,1,4,3,8,1,0.82,0.00,0.82,1.06,59,847,13882,2308,1461,209,Johnson,MID,9,EVE,IPS
226,3,8,7,True,2026-08-22T14:00:00Z,2,0,1,False,90,0,0,1,0,0,0,0,0,0,4,0,34,31.8,0.0,0.0,3.2,0,12,0,0,1,0.00,0.02,0.02,1.96,55,0,698199,0,0,226,Pickford,GK,9,EVE,CRY
226,12,3,3,False,2026-08-29T14:00:00Z,1,1,2,False,90,0,0,0,1,0,0,0,0,0,4,0,22,31.6,0.0,0.0,3.2,4,11,0,0,1,0.00,0.00,0.00,2.16,55,35349,878157,63539,28190,226,Pickford,GK,9,EVE,BOU
226,30,16,1,True,2026-09-06T13:00:00Z,2,2,3,False,90,0,0,0,2,0,0,0,0,0,1,0,6,9.2,0.0,0.0,0.9,0,12,0,0,1,0.00,0.00,0.00,0.69,55,-25446,890933,56478,81924,226,Pickford,GK,9,EVE,MUN
226,37,19,6,False,2026-09-12T16:30:00Z,0,0,4,False,90,0,0,1,0,0,0,0,0,0,2,0,25,11.6,0.0,0.0,1.2,2,11,0,0,1,0.00,0.00,0.00,0.69,55,792,922558,69771,68979,226,Pickford,GK,9,EVE,TOT
226,43,12,8,True,2026-09-19T14:00:00Z,1,0,5,False,90,0,0,1,0,0,0,0,0,0,4,1,34,35.0,0.0,0.0,3.5,1,7,0,0,1,0.00,0.00,0.00,1.44,55,36703,1016911,77729,41026,226,Pickford,GK,9,EVE,IPS
227,3,8,0,True,2026-08-22T14:00:00Z,2,0,1,False,0,0,0,0,0,0,0,0,0,0,0,0,0,0.0,0.0,0.0,0.0,0,0,0,0,0,0.00,0.00,0.00,0.00,50,0,3019,0,0,227,Travers,GK,9,EVE,CRY
227,12,3,0,False,2026-08-29T14:00:00Z,1,1,2,False,0,0,0,0,0,0,0,0,0,0,0,0,0,0.0,0.0,0.0,0.0,0,0,0,0,0,0.00,0.00,0.00,0.00,50,-113,3593,290,403,227,Travers,GK,9,EVE,BOU
227,30,16,0,True,2026-09-06T13:00:00Z,2,2,3,False,0,0,0,0,0,0,0,0,0,0,0,0,0,0.0,0.0,0.0,0.0,0,0,0,0,0,0.00,0.00,0.00,0.00,50,-276,3563,282,558,227,Travers,GK,9,EVE,MUN
227,37,19,0,False,2026-09-12T16:30:00Z,0,0,4,False,0,0,0,0,0,0,0,0,0,0,0,0,0,0.0,0.0,0.0,0.0,0,0,0,0,0,0.00,0.00,0.00,0.00,50,-29,3798,410,439,227,Travers,GK,9,EVE,TOT
227,43,12,0,True,2026-09-19T14:00:00Z,1,0,5,False,0,0,0,0,0,0,0,0,0,0,0,0,0,0.0,0.0,0.0,0.0,0,0,0,0,0,0.00,0.00,0.00,0.00,50,114,4152,576,462,227,Travers,GK,9,EVE,IPS
228,3,8,0,True,2026-08-22T14:00:00Z,2,0,1,False,0,0,0,0,0,0,0,0,0,0,0,0,0,0.0,0.0,0.0,0.0,0,0,0,0,0,0.00,0.00,0.00,0.00,45,0,3498,0,0,228,King,GK,9,EVE,CRY
228,12,3,0,False,2026-08-29T14:00:00Z,1,1,2,False,0,0,0,0,0,0,0,0,0,0,0,0,0,0.0,0.0,0.0,0.0,0,0,0,0,0,0.00,0.00,0.00,0.00,45,-136,4235,243,379,228,King,GK,9,EVE,BOU
228,30,16,0,True,2026-09-06T13:00:00Z,2,2,3,False,0,0,0,0,0,0,0,0,0,0,0,0,0,0.0,0.0,0.0,0.0,0,0,0,0,0,0.00,0.00,0.00,0.00,45,-211,4408,303,514,228,King,GK,9,EVE,MUN
228,37,19,0,False,2026-09-12T16:30:00Z,0,0,4,False,0,0,0,0,0,0,0,0,0,0,0,0,0,0.0,0.0,0.0,0.0,0,0,0,0,0,0.00,0.00,0.00,0.00,45,-100,4562,278,378,228,King,GK,9,EVE,TOT
228,43,12,0,True,2026-09-19T14:00:00Z,1,0,5,False,0,0,0,0,0,0,0,0,0,0,0,0,0,0.0,0.0,0.0,0.0,0,0,0,0,0,0.00,0.00,0.00,0.00,45,-53,4710,243,296,228,King,GK,9,EVE,IPS
229,3,8,6,True,2026-08-22T14:00:00Z,2,0,1,False,90,0,0,1,0,0,0,0,0,0,0,0,25,15.2,0.8,4.0,2.0,8,4,1,9,1,0.05,0.00,0.05,1.96,60,0,765229,0,0,229,Tarkowski,DEF,9,EVE,CRY
229,12,3,12,False,2026-08-29T14:00:00Z,1,1,2,False,90,1,0,0,1,0,0,0,0,0,0,2,27,54.8,11.3,19.0,8.5,9,3,1,10,1,0.10,0.01,0.11,2.16,60,5670,861719,42736,37066,229,Tarkowski,DEF,9,EVE,BOU
229,30,16,3,True,2026-09-06T13:00:00Z,2,2,3,False,90,0,0,0,2,0,0,0,0,0,0,0,11,24.4,1.0,6.0,3.1,9,3,3,12,1,0.02,0.01,0.03,0.69,60,126081,1115834,211638,85557,229,Tarkowski,DEF,9,EVE,MUN
229,37,19,8,False,2026-09-12T16:30:00Z,0,0,4,False,90,0,0,1,0,0,0,0,0,0,0,2,32,19.2,1.8,0.0,2.1,3,3,5,8,1,0.00,0.01,0.01,0.69,60,71807,1237976,163569,91762,229,Tarkowski,DEF,9,EVE,TOT
229,43,12,14,True,2026-09-19T14:00:00Z,1,0,5,False,90,0,1,1,0,0,0,0,0,0,0,3,43,36.0,10.7,1.0,4.8,11,5,1,12,1,0.01,0.01,0.02,1.44,61,243664,1610335,292865,49201,229,Tarkowski,DEF,9,EVE,IPS
230,3,8,6,True,2026-08-22T14:00:00Z,2,0,1,False,90,0,0,1,0,0,0,0,0,0,0,0,27,18.6,0.8,6.0,2.5,6,2,2,8,1,0.00,0.01,0.01,1.96,55,0,141420,0,0,230,Branthwaite,DEF,9,EVE,CRY
230,12,3,4,False,2026-08-29T14:00:00Z,1,1,2,False,90,0,0,0,1,0,0,0,0,0,0,0,6,22.6,1.5,33.0,5.7,11,3,1,12,1,0.09,0.01,0.10,2.16,55,10185,183710,19103,8918,230,Branthwaite,DEF,9,EVE,BOU
230,30,16,3,True,2026-09-06T13:00:00Z,2,2,3,False,90,0,0,0,2,0,0,0,0,0,0,0,10,41.6,0.6,34.0,7.6,10,4,1,11,1,0.08,0.00,0.08,0.69,55,-5884,182675,15501,21385,230,Branthwaite,DEF,9,EVE,MUN
230,37,19,6,False,2026-09-12T16:30:00Z,0,0,4,False,90,0,0,1,0,0,0,0,0,0,0,0,27,30.0,3.4,0.0,3.3,8,2,1,9,1,0.00,0.00,0.00,0.69,55,14503,206240,35472,20969,230,Branthwaite,DEF,9,EVE,TOT
230,43,12,8,True,2026-09-19T14:00:00Z,1,0,5,False,90,0,0,1,0,0,0,0,0,0,0,0,27,32.6,0.9,0.0,3.4,14,3,0,14,1,0.00,0.00,0.00,1.44,55,36903,255437,50096,13193,230,Branthwaite,DEF,9,EVE,IPS
231,3,8,0,True,2026-08-22T14:00:00Z,2,0,1,False,0,0,0,0,0,0,0,0,0,0,0,0,0,0.0,0.0,0.0,0.0,0,0,0,0,0,0.00,0.00,0.00,0.00,50,0,151116,0,0,231,Keane,DEF,9,EVE,CRY
231,12,3,0,False,2026-08-29T14:00:00Z,1,1,2,False,0,0,0,0,0,0,0,0,0,0,0,0,0,0.0,0.0,0.0,0.0,0,0,0,0,0,0.00,0.00,0.00,0.00,50,-21625,136213,3260,24885,231,Keane,DEF,9,EVE,BOU
231,30,16,0,True,2026-09-06T13:00:00Z,2,2,3,False,0,0,0,0,0,0,0,0,0,0,0,0,0,0.0,0.0,0.0,0.0,0,0,0,0,0,0.00,0.00,0.00,0.00,49,-30710,105416,2294,33004,231,Keane,DEF,9,EVE,MUN
231,37,19,0,False,2026-09-12T16:30:00Z,0,0,4,False,0,0,0,0,0,0,0,0,0,0,0,0,0,0.0,0.0,0.0,0.0,0,0,0,0,0,0.00,0.00,0.00,0.00,49,-15433,92288,1268,16701,231,Keane,DEF,9,EVE,TOT
231,43,12,0,True,2026-09-19T14:00:00Z,1,0,5,False,0,0,0,0,0,0,0,0,0,0,0,0,0,0.0,0.0,0.0,0.0,0,0,0,0,0,0.00,0.00,0.00,0.00,48,-10126,83228,2083,12209,231,Keane,DEF,9,EVE,IPS
232,3,8,0,True,2026-08-22T14:00:00Z,2,0,1,False,0,0,0,0,0,0,0,0,0,0,0,0,0,0.0,0.0,0.0,0.0,0,0,0,0,0,0.00,0.00,0.00,0.00,50,0,44689,0,0,232,O'Brien,DEF,9,EVE,CRY
232,12,3,0,False,2026-08-29T14:00:00Z,1,1,2,False,0,0,0,0,0,0,0,0,0,0,0,0,0,0.0,0.0,0.0,0.0,0,0,0,0,0,0.00,0.00,0.00,0.00,50,-6326,42208,1403,7729,232,O'Brien,DEF,9,EVE,BOU
232,30,16,0,True,2026-09-06T13:00:00Z,2,2,3,False,0,0,0,0,0,0,0,0,0,0,0,0,0,0.0,0.0,0.0,0.0,0,0,0,0,0,0.00,0.00,0.00,0.00,49,-7511,35192,929,8440,232,O'Brien,DEF,9,EVE,MUN
232,37,19,1,False,2026-09-12T16:30:00Z,0,0,4,False,15,0,0,0,0,0,0,0,0,0,0,0,2,1.0,0.0,0.0,0.1,1,1,0,1,0,0.00,0.00,0.00,0.26,49,-3863,31964,666,4529,232,O'Brien,DEF,9,EVE,TOT
232,43,12,1,True,2026-09-19T14:00:00Z,1,0,5,False,1,0,0,0,0,0,0,0,0,0,0,0,3,2.0,0.0,0.0,0.2,1,1,0,1,0,0.00,0.00,0.00,0.16,49,-1516,31104,1257,2773,232,O'Brien,DEF,9,EVE,IPS
233,3,8,6,True,2026-08-22T14:00:00Z,2,0,1,False,90,0,0,1,0,0,0,0,0,0,0,0,27,12.8,13.8,2.0,2.9,4,4,0,4,1,0.00,0.05,0.05,1.96,45,0,134687,0,0,233,Mykolenko,DEF,9,EVE,CRY
233,12,3,4,False,2026-08-29T14:00:00Z,1,1,2,False,90,0,0,0,1,0,0,0,0,0,0,0,7,36.8,1.0,0.0,3.8,11,7,1,12,1,0.00,0.01,0.01,2.16,45,12714,164056,21784,9070,233,Mykolenko,DEF,9,EVE,BOU
233,30,16,1,True,2026-09-06T13:00:00Z,2,2,3,False,90,0,0,0,2,0,0,0,0,0,0,0,8,12.8,2.5,0.0,1.5,3,4,3,6,1,0.00,0.01,0.01,0.69,45,13864,178705,40120,26256,233,Mykolenko,DEF,9,EVE,MUN
233,37,19,11,False,2026-09-12T16:30:00Z,0,0,4,False,90,0,0,1,0,0,0,0,0,0,0,3,38,24.4,11.3,4.0,4.0,4,4,7,11,1,0.00,0.07,0.07,0.69,45,33677,216365,70682,37005,233,Mykolenko,DEF,9,EVE,TOT
233,43,12,5,True,2026-09-19T14:00:00Z,1,0,5,False,90,0,0,1,0,0,0,0,1,0,0,0,29,18.8,7.1,7.0,3.3,3,11,3,6,1,0.04,0.02,0.06,1.44,45,214484,463207,238606,24122,233,Mykolenko,DEF,9,EVE,IPS
234,3,8,0,True,2026-08-22T14:00:00Z,2,0,1,False,0,0,0,0,0,0,0,0,0,0,0,0,0,0.0,0.0,0.0,0.0,0,0,0,0,0,0.00,0.00,0.00,0.00,45,0,2948,0,0,234,Patterson,DEF,9,EVE,CRY
234,12,3,0,False,2026-08-29T14:00:00Z,1,1,2,False,0,0,0,0,0,0,0,0,0,0,0,0,0,0.0,0.0,0.0,0.0,0,0,0,0,0,0.00,0.00,0.00,0.00,45,-162,3302,207,369,234,Patterson,DEF,9,EVE,BOU
234,30,16,0,True,2026-09-06T13:00:00Z,2,2,3,False,0,0,0,0,0,0,0,0,0,0,0,0,0,0.0,0.0,0.0,0.0,0,0,0,0,0,0.00,0.00,0.00,0.00,45,-715,2692,164,879,234,Patterson,DEF,9,EVE,MUN
234,37,19,0,False,2026-09-12T16:30:00Z,0,0,4,False,0,0,0,0,0,0,0,0,0,0,0,0,0,0.0,0.0,0.0,0.0,0,0,0,0,0,0.00,0.00,0.00,0.00,45,-744,1949,0,744,234,Patterson,DEF,9,EVE,TOT
234,43,12,0,True,2026-09-19T14:00:00Z,1,0,5,False,0,0,0,0,0,0,0,0,0,0,0,0,0,0.0,0.0,0.0,0.0,0,0,0,0,0,0.00,0.00,0.00,0.00,45,-321,1666,0,321,234,Patterson,DEF,9,EVE,IPS
235,3,8,0,True,2026-08-22T14:00:00Z,2,0,1,False,0,0,0,0,0,0,0,0,0,0,0,0,0,0.0,0.0,0.0,0.0,0,0,0,0,0,0.00,0.00,0.00,0.00,40,0,16732,0,0,235,Aznou,DEF,9,EVE,CRY
235,12,3,0,False,2026-08-29T14:00:00Z,1,1,2,False,0,0,0,0,0,0,0,0,0,0,0,0,0,0.0,0.0,0.0,0.0,0,0,0,0,0,0.00,0.00,0.00,0.00,40,-679,18113,1009,1688,235,Aznou,DEF,9,EVE,BOU
235,30,16,0,True,2026-09-06T13:00:00Z,2,2,3,False,0,0,0,0,0,0,0,0,0,0,0,0,0,0.0,0.0,0.0,0.0,0,0,0,0,0,0.00,0.00,0.00,0.00,40,-3462,14764,719,4181,235,Aznou,DEF,9,EVE,MUN
235,37,19,0,False,2026-09-12T16:30:00Z,0,0,4,False,0,0,0,0,0,0,0,0,0,0,0,0,0,0.0,0.0,0.0,0.0,0,0,0,0,0,0.00,0.00,0.00,0.00,40,-3078,11804,0,3078,235,Aznou,DEF,9,EVE,TOT
235,43,12,0,True,2026-09-19T14:00:00Z,1,0,5,False,0,0,0,0,0,0,0,0,0,0,0,0,0,0.0,0.0,0.0,0.0,0,0,0,0,0,0.00,0.00,0.00,0.00,40,-1647,10301,0,1647,235,Aznou,DEF,9,EVE,IPS
236,3,8,11,True,2026-08-22T14:00:00Z,2,0,1,False,90,1,0,1,0,0,0,0,0,0,0,3,40,42.8,28.3,27.0,9.8,1,5,2,8,1,0.12,0.17,0.29,1.92,65,0,288693,0,0,236,Dewsbury-Hall,MID,9,EVE,CRY
236,12,3,2,False,2026-08-29T14:00:00Z,1,1,2,False,90,0,0,0,1,0,0,0,0,0,0,0,24,19.4,52.3,9.0,8.1,0,7,3,10,1,0.06,0.16,0.22,2.16,65,105696,473030,132647,26951,236,Dewsbury-Hall,MID,9,EVE,BOU
236,30,16,2,True,2026-09-06T13:00:00Z,2,2,3,False,90,0,0,0,2,0,0,0,0,0,0,0,20,24.0,30.0,33.0,8.7,2,5,4,11,1,0.27,0.07,0.34,0.69,65,-32072,440536,60861,92933,236,Dewsbury-Hall,MID,9,EVE,MUN
236,37,19,2,False,2026-09-12T16:30:00Z,0,0,4,False,90,0,0,1,0,0,0,0,1,0,0,0,16,15.0,19.0,28.0,6.2,2,4,0,6,1,0.17,0.09,0.26,0.69,65,41220,497656,141140,99920,236,Dewsbury-Hall,MID,9,EVE,TOT
236,43,12,3,True,2026-09-19T14:00:00Z,1,0,5,False,90,0,0,1,0,0,0,0,0,0,0,0,10,1.6,31.2,28.0,6.1,0,5,2,7,1,0.37,0.34,0.71,1.28,65,156556,731679,216116,59560,236,Dewsbury-Hall,MID,9,EVE,IPS
238,8,3,1,True,2026-08-23T13:00:00Z,2,1,1,False,8,0,0,0,0,0,0,0,0,0,0,0,2,1.0,0.6,0.0,0.2,0,0,1,1,0,0.00,0.00,0.00,0.00,65,0,16005,0,0,238,Grealish,MID,9,EVE,BOU
238,11,8,0,False,2026-08-28T19:00:00Z,1,4,2,False,0,0,0,0,0,0,0,0,0,0,0,0,0,0.0,0.0,0.0,0.0,0,0,0,0,0,0.00,0.00,0.00,0.00,65,-1201,21085,1202,2403,238,Grealish,MID,9,EVE,CRY
238,30,16,1,True,2026-09-06T13:00:00Z,2,2,3,False,24,0,0,0,1,0,0,0,0,0,0,0,8,6.0,12.3,10.0,2.8,0,0,1,1,0,0.02,0.13,0.15,0.31,65,3989,28839,9521,5532,238,Grealish,MID,9,EVE,MUN
238,37,19,1,False,2026-09-12T16:30:00Z,0,0,4,False,25,0,0,0,0,0,0,0,0,0,0,0,4,3.4,1.2,2.0,0.7,2,1,1,4,0,0.00,0.01,0.01,0.30,65,9697,42527,16008,6311,238,Grealish,MID,9,EVE,TOT
238,43,12,3,True,2026-09-19T14:00:00Z,1,0,5,False,78,0,0,1,0,0,0,0,0,0,0,0,22,11.2,57.6,8.0,7.7,0,7,0,7,1,0.00,0.30,0.30,1.06,65,4275,48806,10313,6038,238,Grealish,MID,9,EVE,IPS
239,3,8,1,True,2026-08-22T14:00:00Z,2,0,1,False,11,0,0,0,0,0,0,0,0,0,0,0,6,4.8,11.8,2.0,1.9,0,0,1,1,0,0.00,0.03,0.03,0.34,60,0,11659,0,0,239,Garner,MID,9,EVE,CRY
239,12,3,1,False,2026-08-29T14:00:00Z,1,1,2,False,61,0,0,0,1,0,0,0,1,0,0,0,9,3.4,1.1,0.0,0.5,0,7,3,10,1,0.00,0.00,0.00,0.58,60,-116,13621,1533,1649,239,Garner,MID,9,EVE,BOU
239,30,16,2,True,2026-09-06T13:00:00Z,2,2,3,False,76,0,0,0,1,0,0,0,0,0,0,0,19,9.6,31.1,0.0,4.1,2,5,1,8,1,0.00,0.08,0.08,0.40,60,-336,14095,2988,3324,239,Garner,MID,9,EVE,MUN
239,37,19,4,False,2026-09-12T16:30:00Z,0,0,4,False,90,0,0,1,0,0,0,0,1,0,0,0,23,23.6,5.1,7.0,3.6,3,8,6,17,1,0.04,0.02,0.06,0.69,60,-1024,13037,2679,3703,239,Garner,MID,9,EVE,TOT
239,43,12,3,True,2026-09-19T14:00:00Z,1,0,5,False,90,0,0,1,0,0,0,0,0,0,0,0,14,10.0,19.2,4.0,3.3,4,5,0,9,1,0.16,0.04,0.20,1.44,60,9028,25087,12252,3224,239,Garner,MID,9,EVE,IPS
242,3,8,3,True,2026-08-22T14:00:00Z,2,0,1,False,83,0,0,1,0,0,0,0,0,0,0,0,13,7.0,23.4,25.0,5.5,3,4,0,7,1,0.18,0.08,0.26,1.67,55,0,24527,0,0,242,George,MID,9,EVE,CRY
242,12,3,2,False,2026-08-29T14:00:00Z,1,1,2,False,61,0,0,0,1,0,0,0,0,0,0,0,12,6.0,12.2,16.0,3.4,0,1,1,2,1,0.05,0.01,0.06,0.58,55,-209,28043,2273,2482,242,George,MID,9,EVE,BOU
242,30,16,10,True,2026-09-06T13:00:00Z,2,2,3,False,90,1,0,0,2,0,0,0,0,0,0,3,35,44.2,34.4,25.0,10.4,1,3,0,4,1,0.04,0.07,0.11,0.69,55,-3040,25310,1760,4800,242,George,MID,9,EVE,MUN
242,37,19,3,False,2026-09-12T16:30:00Z,0,0,4,False,64,0,0,1,0,0,0,0,0,0,0,0,13,6.4,15.4,5.0,2.7,1,2,0,3,1,0.05,0.15,0.20,0.39,55,36647,67366,50072,13425,242,George,MID,9,EVE,TOT
242,43,12,1,True,2026-09-19T14:00:00Z,1,0,5,False,11,0,0,0,0,0,0,0,0,0,0,0,4,0.4,0.8,4.0,0.5,0,2,0,2,0,0.03,0.01,0.04,0.38,55,39603,111866,50560,10957,242,George,MID,9,EVE,IPS
243,3,8,1,True,2026-08-22T14:00:00Z,2,0,1,False,1,0,0,0,0,0,0,0,0,0,0,0,7,5.0,0.3,17.0,2.2,0,2,1,3,0,0.02,0.00,0.02,0.04,50,0,8329,0,0,243,Alcaraz,MID,9,EVE,CRY
243,12,3,0,False,2026-08-29T14:00:00Z,1,1,2,False,4,0,0,0,0,0,0,0,1,0,0,0,-2,0.0,0.5,8.0,0.5,0,0,0,0,0,0.03,0.02,0.05,0.00,50,-385,9333,753,1138,243,Alcaraz,MID,9,EVE,BOU
243,30,16,0,True,2026-09-06T13:00:00Z,2,2,3,False,0,0,0,0,0,0,0,0,0,0,0,0,0,0.0,0.0,0.0,0.0,0,0,0,0,0,0.00,0.00,0.00,0.00,50,-1124,8638,815,1939,243,Alcaraz,MID,9,EVE,MUN
243,37,19,0,False,2026-09-12T16:30:00Z,0,0,4,False,0,0,0,0,0,0,0,0,0,0,0,0,0,0.0,0.0,0.0,0.0,0,0,0,0,0,0.00,0.00,0.00,0.00,49,-731,8215,594,1325,243,Alcaraz,MID,9,EVE,TOT
243,43,12,0,True,2026-09-19T14:00:00Z,1,0,5,False,0,0,0,0,0,0,0,0,0,0,0,0,0,0.0,0.0,0.0,0.0,0,0,0,0,0,0.00,0.00,0.00,0.00,49,-492,7950,539,1031,243,Alcaraz,MID,9,EVE,IPS
244,3,8,8,True,2026-08-22T14:00:00Z,2,0,1,False,90,0,1,1,0,0,0,0,0,0,0,0,25,28.8,14.7,4.0,4.8,3,11,2,16,1,0.00,0.04,0.04,1.96,50,0,6793,0,0,244,Armstrong,MID,9,EVE,CRY
244,12,3,2,False,2026-08-29T14:00:00Z,1,1,2,False,86,0,0,0,1,0,0,0,0,0,0,0,12,11.2,12.3,0.0,2.4,3,3,3,9,1,0.00,0.03,0.03,2.16,50,10319,24656,12786,2467,244,Armstrong,MID,9,EVE,BOU
244,30,16,1,True,2026-09-06T13:00:00Z,2,2,3,False,90,0,0,0,2,0,0,0,1,0,0,0,5,5.2,6.7,9.0,2.1,3,1,1,5,1,0.09,0.03,0.12,0.69,50,12190,41659,21368,9178,244,Armstrong,MID,9,EVE,MUN
244,37,19,3,False,2026-09-12T16:30:00Z,0,0,4,False,90,0,0,1,0,0,0,0,0,0,0,0,6,12.4,4.5,2.0,1.9,3,2,0,5,1,0.00,0.02,0.02,0.69,50,4105,46365,12956,8851,244,Armstrong,MID,9,EVE,TOT
244,43,12,2,True,2026-09-19T14:00:00Z,1,0,5,False,90,0,0,1,0,0,0,0,1,0,0,0,13,5.0,26.3,4.0,3.5,1,2,2,5,1,0.12,0.37,0.49,1.44,50,-2908,43182,5950,8858,244,Armstrong,MID,9,EVE,IPS
245,3,8,0,True,2026-08-22T14:00:00Z,2,0,1,False,0,0,0,0,0,0,0,0,0,0,0,0,0,0.0,0.0,0.0,0.0,0,0,0,0,0,0.00,0.00,0.00,0.00,55,0,3592,0,0,245,Dibling,MID,9,EVE,CRY
245,12,3,0,False,2026-08-29T14:00:00Z,1,1,2,False,0,0,0,0,0,0,0,0,0,0,0,0,0,0.0,0.0,0.0,0.0,0,0,0,0,0,0.00,0.00,0.00,0.00,55,-550,3529,201,751,245,Dibling,MID,9,EVE,BOU
245,30,16,0,True,2026-09-06T13:00:00Z,2,2,3,False,0,0,0,0,0,0,0,0,0,0,0,0,0,0.0,0.0,0.0,0.0,0,0,0,0,0,0.00,0.00,0.00,0.00,54,-512,3219,356,868,245,Dibling,MID,9,EVE,MUN
245,37,19,0,False,2026-09-12T16:30:00Z,0,0,4,False,0,0,0,0,0,0,0,0,0,0,0,0,0,0.0,0.0,0.0,0.0,0,0,0,0,0,0.00,0.00,0.00,0.00,54,-295,3002,210,505,245,Dibling,MID,9,EVE,TOT
245,43,12,1,True,2026-09-19T14:00:00Z,1,0,5,False,24,0,0,0,0,0,0,0,0,0,0,0,10,7.2,24.4,26.0,5.8,0,0,0,0,0,0.17,0.16,0.33,0.38,54,-87,3032,288,375,245,Dibling,MID,9,EVE,IPS
246,3,8,3,True,2026-08-22T14:00:00Z,2,0,1,False,90,0,0,1,0,0,0,0,0,0,0,0,12,13.8,13.0,2.0,2.9,2,5,2,9,1,0.00,0.06,0.06,1.96,50,0,5179,0,0,246,Röhl,MID,9,EVE,CRY
246,12,3,2,False,2026-08-29T14:00:00Z,1,1,2,False,85,0,0,0,1,0,0,0,0,0,0,0,13,8.4,2.3,0.0,1.1,2,4,3,9,1,0.00,0.01,0.01,2.16,50,-118,5759,518,636,246,Röhl,MID,9,EVE,BOU
246,30,16,1,True,2026-09-06T13:00:00Z,2,2,3,False,74,0,0,0,1,0,0,0,1,0,0,0,10,4.4,16.8,0.0,2.1,2,4,0,6,1,0.00,0.13,0.13,0.40,50,-587,5345,580,1167,246,Röhl,MID,9,EVE,MUN
246,37,19,0,False,2026-09-12T16:30:00Z,0,0,4,False,0,0,0,0,0,0,0,0,0,0,0,0,0,0.0,0.0,0.0,0.0,0,0,0,0,0,0.00,0.00,0.00,0.00,50,-469,5016,572,1041,246,Röhl,MID,9,EVE,TOT
246,43,12,0,True,2026-09-19T14:00:00Z,1,0,5,False,0,0,0,0,0,0,0,0,0,0,0,0,0,0.0,0.0,0.0,0.0,0,0,0,0,0,0.00,0.00,0.00,0.00,49,-971,4100,285,1256,246,Röhl,MID,9,EVE,IPS
247,3,8,3,True,2026-08-22T14:00:00Z,2,0,1,False,78,0,0,1,0,0,0,0,0,0,0,0,16,8.6,12.2,5.0,2.6,1,4,2,7,1,0.01,0.01,0.02,1.62,55,0,24410,0,0,247,Hackney,MID,9,EVE,CRY
247,12,3,1,False,2026-08-29T14:00:00Z,1,1,2,False,28,0,0,0,0,0,0,0,0,0,0,0,3,7.8,1.4,2.0,1.1,2,1,0,3,0,0.00,0.01,0.01,1.58,55,-2358,24628,844,3202,247,Hackney,MID,9,EVE,BOU
247,30,16,4,True,2026-09-06T13:00:00Z,2,2,3,False,15,0,1,0,1,0,0,0,0,0,0,0,14,20.6,25.5,10.0,5.6,0,0,1,1,0,0.04,0.09,0.13,0.29,55,-3215,21598,499,3714,247,Hackney,MID,9,EVE,MUN
247,37,19,1,False,2026-09-12T16:30:00Z,0,0,4,False,15,0,0,0,0,0,0,0,0,0,0,0,3,3.2,10.8,4.0,1.8,1,0,0,1,0,0.00,0.02,0.02,0.26,55,-480,21723,1482,1962,247,Hackney,MID,9,EVE,TOT
247,43,12,1,True,2026-09-19T14:00:00Z,1,0,5,False,1,0,0,0,0,0,0,0,0,0,0,0,3,0.2,0.1,0.0,0.0,0,0,0,0,0,0.00,0.00,0.00,0.16,55,-1236,20687,726,1962,247,Hackney,MID,9,EVE,IPS
248,3,8,1,True,2026-08-22T14:00:00Z,2,0,1,False,11,0,0,0,0,0,0,0,0,0,0,0,3,0.0,0.0,2.0,0.2,0,0,0,0,0,0.05,0.00,0.05,0.34,55,0,249740,0,0,248,Beto,FWD,9,EVE,CRY
248,12,3,1,False,2026-08-29T14:00:00Z,1,1,2,False,20,0,0,0,0,0,0,0,0,0,0,0,2,3.0,0.3,3.0,0.6,1,0,0,1,0,0.04,0.00,0.04,1.58,55,-35102,227543,7709,42811,248,Beto,FWD,9,EVE,BOU
248,30,16,0,True,2026-09-06T13:00:00Z,2,2,3,False,0,0,0,0,0,0,0,0,0,0,0,0,0,0.0,0.0,0.0,0.0,0,0,0,0,0,0.00,0.00,0.00,0.00,54,-73618,153951,8513,82131,248,Beto,FWD,9,EVE,MUN
248,37,19,0,False,2026-09-12T16:30:00Z,0,0,4,False,0,0,0,0,0,0,0,0,0,0,0,0,0,0.0,0.0,0.0,0.0,0,0,0,0,0,0.00,0.00,0.00,0.00,54,-62064,94922,0,62064,248,Beto,FWD,9,EVE,TOT
248,43,12,0,True,2026-09-19T14:00:00Z,1,0,5,False,0,0,0,0,0,0,0,0,0,0,0,0,0,0.0,0.0,0.0,0.0,0,0,0,0,0,0.00,0.00,0.00,0.00,54,-25316,72058,0,25316,248,Beto,FWD,9,EVE,IPS
249,3,8,8,True,2026-08-22T14:00:00Z,2,0,1,False,78,1,0,1,0,0,0,0,0,0,0,2,37,38.0,19.0,41.0,9.8,0,2,1,3,1,0.45,0.09,0.54,1.62,55,0,117327,0,0,249,Barry,FWD,9,EVE,CRY
249,12,3,2,False,2026-08-29T14:00:00Z,1,1,2,False,69,0,0,0,1,0,0,0,0,0,0,0,6,10.0,11.7,58.0,8.0,2,1,0,3,1,1.48,0.00,1.48,0.58,55,127837,352239,150265,22428,249,Barry,FWD,9,EVE,BOU
249,30,16,2,True,2026-09-06T13:00:00Z,2,2,3,False,90,0,0,0,2,0,0,0,0,0,0,0,7,0.2,15.0,24.0,3.9,0,4,0,4,1,0.38,0.02,0.40,0.69,55,104566,501671,195909,91343,249,Barry,FWD,9,EVE,MUN
249,37,19,2,False,2026-09-12T16:30:00Z,0,0,4,False,90,0,0,1,0,0,0,0,0,0,0,0,5,3.2,14.0,57.0,7.4,1,1,0,2,1,0.67,0.03,0.70,0.69,56,153695,666569,273770,120075,249,Barry,FWD,9,EVE,TOT
249,43,12,6,True,2026-09-19T14:00:00Z,1,0,5,False,90,1,0,1,0,0,0,0,0,0,0,0,28,34.4,12.3,27.0,7.4,2,3,0,5,1,0.52,0.01,0.53,1.44,56,177881,908127,262211,84330,249,Barry,FWD,9,EVE,IPS
649,30,16,7,True,2026-09-06T13:00:00Z,2,2,3,False,13,1,0,0,1,0,0,0,0,0,0,0,13,33.4,0.8,7.0,4.1,0,0,0,0,0,0.03,0.00,0.03,0.29,45,431,569,559,128,649,Maitland-Niles,DEF,9,EVE,MUN
649,37,19,6,False,2026-09-12T16:30:00Z,0,0,4,False,74,0,0,1,0,0,0,0,0,0,0,0,23,10.0,12.0,1.0,2.3,3,4,2,5,1,0.03,0.14,0.17,0.43,45,14703,30581,18405,3702,649,Maitland-Niles,DEF,9,EVE,TOT
649,43,12,8,True,2026-09-19T14:00:00Z,1,0,5,False,90,0,0,1,0,0,0,0,0,0,0,2,39,23.8,26.0,0.0,5.0,5,3,3,8,1,0.00,0.11,0.11,1.28,45,48006,111542,54068,6062,649,Maitland-Niles,DEF,9,EVE,IPS
654,30,16,0,True,2026-09-06T13:00:00Z,2,2,3,False,0,0,0,0,0,0,0,0,0,0,0,0,0,0.0,0.0,0.0,0.0,0,0,0,0,0,0.00,0.00,0.00,0.00,45,0,0,0,0,654,Graham,MID,9,EVE,MUN
654,37,19,0,False,2026-09-12T16:30:00Z,0,0,4,False,0,0,0,0,0,0,0,0,0,0,0,0,0,0.0,0.0,0.0,0.0,0,0,0,0,0,0.00,0.00,0.00,0.00,45,7400,17369,9461,2061,654,Graham,MID,9,EVE,TOT
654,43,12,0,True,2026-09-19T14:00:00Z,1,0,5,False,0,0,0,0,0,0,0,0,0,0,0,0,0,0.0,0.0,0.0,0.0,0,0,0,0,0,0.00,0.00,0.00,0.00,45,-659,11586,1585,2244,654,Graham,MID,9,EVE,IPS
250,10,6,2,True,2026-08-24T19:00:00Z,2,3,1,False,90,0,0,0,3,0,0,0,0,0,3,0,11,29.6,0.0,0.0,3.0,1,9,0,0,1,0.00,0.00,0.00,2.24,45,0,272035,0,0,250,Leno,GK,10,FUL,CHE
250,19,20,3,False,2026-08-30T13:00:00Z,1,0,2,False,90,0,0,0,1,0,0,0,0,0,3,0,11,19.2,0.0,0.0,1.9,2,8,0,0,1,0.00,0.00,0.00,2.02,45,645,300981,12174,11529,250,Leno,GK,10,FUL,SUN
250,24,8,1,True,2026-09-05T14:00:00Z,2,3,3,False,90,0,0,0,3,0,0,0,0,0,2,0,8,18.8,0.0,0.0,1.9,0,8,0,0,1,0.00,0.00,0.00,1.97,45,14483,339301,41560,27077,250,Leno,GK,10,FUL,CRY
250,35,14,9,False,2026-09-12T14:00:00Z,0,0,4,False,90,0,0,1,0,0,0,0,0,0,3,2,29,25.4,0.0,0.0,2.5,1,8,0,0,1,0.00,0.00,0.00,1.28,45,-15234,308412,19790,35024,250,Leno,GK,10,FUL,LIV
250,50,16,3,True,2026-09-20T15:30:00Z,1,1,5,False,90,0,0,0,1,0,0,0,0,0,5,0,18,34.6,0.0,0.0,3.5,2,8,0,0,1,0.00,0.00,0.00,1.60,45,19961,335875,37373,17412,250,Leno,GK,10,FUL,MUN
251,10,6,0,True,2026-08-24T19:00:00Z,2,3,1,False,0,0,0,0,0,0,0,0,0,0,0,0,0,0.0,0.0,0.0,0.0,0,0,0,0,0,0.00,0.00,0.00,0.00,40,0,107540,0,0,251,Lecomte,GK,10,FUL,CHE
251,19,20,0,False,2026-08-30T13:00:00Z,1,0,2,False,0,0,0,0,0,0,0,0,0,0,0,0,0,0.0,0.0,0.0,0.0,0,0,0,0,0,0.00,0.00,0.00,0.00,40,-2636,117798,1492,4128,251,Lecomte,GK,10,FUL,SUN
251,24,8,0,True,2026-09-05T14:00:00Z,2,3,3,False,0,0,0,0,0,0,0,0,0,0,0,0,0,0.0,0.0,0.0,0.0,0,0,0,0,0,0.00,0.00,0.00,0.00,40,1599,123475,9450,7851,251,Lecomte,GK,10,FUL,CRY
251,35,14,0,False,2026-09-12T14:00:00Z,0,0,4,False,0,0,0,0,0,0,0,0,0,0,0,0,0,0.0,0.0,0.0,0.0,0,0,0,0,0,0.00,0.00,0.00,0.00,40,981,123844,8151,7170,251,Lecomte,GK,10,FUL,LIV
251,50,16,0,True,2026-09-20T15:30:00Z,1,1,5,False,0,0,0,0,0,0,0,0,0,0,0,0,0,0.0,0.0,0.0,0.0,0,0,0,0,0,0.00,0.00,0.00,0.00,40,-651,123460,3635,4286,251,Lecomte,GK,10,FUL,MUN
252,10,6,0,True,2026-08-24T19:00:00Z,2,3,1,False,0,0,0,0,0,0,0,0,0,0,0,0,0,0.0,0.0,0.0,0.0,0,0,0,0,0,0.00,0.00,0.00,0.00,40,0,13569,0,0,252,McNally,GK,10,FUL,CHE
252,19,20,0,False,2026-08-30T13:00:00Z,1,0,2,False,0,0,0,0,0,0,0,0,0,0,0,0,0,0.0,0.0,0.0,0.0,0,0,0,0,0,0.00,0.00,0.00,0.00,40,185,15794,805,620,252,McNally,GK,10,FUL,SUN
252,24,8,0,True,2026-09-05T14:00:00Z,2,3,3,False,0,0,0,0,0,0,0,0,0,0,0,0,0,0.0,0.0,0.0,0.0,0,0,0,0,0,0.00,0.00,0.00,0.00,40,-805,15288,1784,2589,252,McNally,GK,10,FUL,CRY
252,35,14,0,False,2026-09-12T14:00:00Z,0,0,4,False,0,0,0,0,0,0,0,0,0,0,0,0,0,0.0,0.0,0.0,0.0,0,0,0,0,0,0.00,0.00,0.00,0.00,40,-1879,13370,0,1879,252,McNally,GK,10,FUL,LIV
252,50,16,0,True,2026-09-20T15:30:00Z,1,1,5,False,0,0,0,0,0,0,0,0,0,0,0,0,0,0.0,0.0,0.0,0.0,0,0,0,0,0,0.00,0.00,0.00,0.00,40,-908,12542,0,908,252,McNally,GK,10,FUL,MUN
253,10,6,0,True,2026-08-24T19:00:00Z,2,3,1,False,0,0,0,0,0,0,0,0,0,0,0,0,0,0.0,0.0,0.0,0.0,0,0,0,0,0,0.00,0.00,0.00,0.00,50,0,3342,0,0,253,Andersen,DEF,10,FUL,CHE
253,19,20,1,False,2026-08-30T13:00:00Z,1,0,2,False,90,0,0,0,1,0,0,0,1,0,0,0,4,17.8,12.9,2.0,3.3,8,2,0,8,1,0.00,0.04,0.04,2.02,50,1684,7735,2314,630,253,Andersen,DEF,10,FUL,SUN
253,24,8,1,True,2026-09-05T14:00:00Z,2,3,3,False,90,0,0,0,3,0,0,0,0,0,0,0,8,24.4,22.9,6.0,5.3,5,7,2,7,1,0.00,0.06,0.06,1.97,50,3704,15474,5842,2138,253,Andersen,DEF,10,FUL,CRY
253,35,14,0,False,2026-09-12T14:00:00Z,0,0,4,False,0,0,0,0,0,0,0,0,0,0,0,0,0,0.0,0.0,0.0,0.0,0,0,0,0,0,0.00,0.00,0.00,0.00,50,-1378,13284,1887,3265,253,Andersen,DEF,10,FUL,LIV
253,50,16,1,True,2026-09-20T15:30:00Z,1,1,5,False,10,0,0,0,1,0,0,0,0,0,0,0,0,10.0,0.0,0.0,1.0,5,0,0,5,0,0.00,0.00,0.00,0.36,50,-246,14092,1831,2077,253,Andersen,DEF,10,FUL,MUN
254,10,6,1,True,2026-08-24T19:00:00Z,2,3,1,False,81,0,0,0,3,0,0,0,0,0,0,0,4,21.6,25.2,3.0,5.0,4,5,3,7,1,0.13,0.04,0.17,2.21,45,0,148513,0,0,254,Robinson,DEF,10,FUL,CHE
254,19,20,2,False,2026-08-30T13:00:00Z,1,0,2,False,90,0,0,0,1,0,0,0,0,0,0,0,10,9.8,4.6,0.0,1.4,0,2,3,3,1,0.00,0.02,0.02,2.02,45,1752,165662,11181,9429,254,Robinson,DEF,10,FUL,SUN
254,24,8,1,True,2026-09-05T14:00:00Z,2,3,3,False,78,0,0,0,3,0,0,0,0,0,0,0,7,14.6,24.8,9.0,4.8,3,5,2,5,1,0.08,0.10,0.18,1.97,45,-2176,173615,15006,17182,254,Robinson,DEF,10,FUL,CRY
254,35,14,6,False,2026-09-12T14:00:00Z,0,0,4,False,90,0,0,1,0,0,0,0,0,0,0,0,25,17.6,22.1,6.0,4.6,7,4,2,9,1,0.05,0.05,0.10,1.28,45,-21356,143996,4729,26085,254,Robinson,DEF,10,FUL,LIV
254,50,16,2,True,2026-09-20T15:30:00Z,1,1,5,False,90,0,0,0,1,0,0,0,0,0,0,0,19,30.0,30.0,0.0,6.0,4,4,3,7,1,0.00,0.09,0.09,1.60,45,290,147666,11569,11279,254,Robinson,DEF,10,FUL,MUN
255,10,6,3,True,2026-08-24T19:00:00Z,2,3,1,False,90,0,0,0,3,0,0,0,0,0,0,0,7,32.8,21.3,0.0,5.4,9,3,1,10,1,0.00,0.03,0.03,2.24,45,0,1787,0,0,255,J.Cuenca,DEF,10,FUL,CHE
255,19,20,0,False,2026-08-30T13:00:00Z,1,0,2,False,0,0,0,0,0,0,0,0,0,0,0,0,0,0.0,0.0,0.0,0.0,0,0,0,0,0,0.00,0.00,0.00,0.00,45,522,3423,781,259,255,J.Cuenca,DEF,10,FUL,SUN
255,24,8,0,True,2026-09-05T14:00:00Z,2,3,3,False,0,0,0,0,0,0,0,0,0,0,0,0,0,0.0,0.0,0.0,0.0,0,0,0,0,0,0.00,0.00,0.00,0.00,45,-183,3459,506,689,255,J.Cuenca,DEF,10,FUL,CRY
255,35,14,0,False,2026-09-12T14:00:00Z,0,0,4,False,0,0,0,0,0,0,0,0,0,0,0,0,0,0.0,0.0,0.0,0.0,0,0,0,0,0,0.00,0.00,0.00,0.00,45,-509,3009,104,613,255,J.Cuenca,DEF,10,FUL,LIV
255,50,16,0,True,2026-09-20T15:30:00Z,1,1,5,False,0,0,0,0,0,0,0,0,0,0,0,0,0,0.0,0.0,0.0,0.0,0,0,0,0,0,0.00,0.00,0.00,0.00,45,-243,2849,89,332,255,J.Cuenca,DEF,10,FUL,MUN
256,10,6,0,True,2026-08-24T19:00:00Z,2,3,1,False,0,0,0,0,0,0,0,0,0,0,0,0,0,0.0,0.0,0.0,0.0,0,0,0,0,0,0.00,0.00,0.00,0.00,45,0,24681,0,0,256,Tete,DEF,10,FUL,CHE
256,19,20,0,False,2026-08-30T13:00:00Z,1,0,2,False,0,0,0,0,0,0,0,0,0,0,0,0,0,0.0,0.0,0.0,0.0,0,0,0,0,0,0.00,0.00,0.00,0.00,45,-1723,25956,338,2061,256,Tete,DEF,10,FUL,SUN
256,24,8,0,True,2026-09-05T14:00:00Z,2,3,3,False,0,0,0,0,0,0,0,0,0,0,0,0,0,0.0,0.0,0.0,0.0,0,0,0,0,0,0.00,0.00,0.00,0.00,45,-2586,23617,430,3016,256,Tete,DEF,10,FUL,CRY
256,35,14,0,False,2026-09-12T14:00:00Z,0,0,4,False,27,0,0,0,0,0,0,0,1,0,0,0,-1,1.6,0.3,2.0,0.4,3,0,0,3,0,0.00,0.00,0.00,0.65,44,-2058,21818,237,2295,256,Tete,DEF,10,FUL,LIV
256,50,16,0,True,2026-09-20T15:30:00Z,1,1,5,False,0,0,0,0,0,0,0,0,0,0,0,0,0,0.0,0.0,0.0,0.0,0,0,0,0,0,0.00,0.00,0.00,0.00,44,-1747,20252,326,2073,256,Tete,DEF,10,FUL,MUN
257,10,6,0,True,2026-08-24T19:00:00Z,2,3,1,False,90,0,0,0,3,0,0,0,1,0,0,0,1,13.8,3.8,2.0,2.0,3,4,1,4,1,0.02,0.02,0.04,2.24,45,0,64737,0,0,257,Bassey,DEF,10,FUL,CHE
257,19,20,2,False,2026-08-30T13:00:00Z,1,0,2,False,90,0,0,0,1,0,0,0,0,0,0,0,13,19.4,2.6,0.0,2.2,6,6,1,7,1,0.00,0.01,0.01,2.02,45,821,75885,6863,6042,257,Bassey,DEF,10,FUL,SUN
257,24,8,1,True,2026-09-05T14:00:00Z,2,3,3,False,90,0,0,0,3,0,0,0,0,0,0,0,2,13.8,6.4,0.0,2.0,1,2,1,2,1,0.00,0.04,0.04,1.97,45,224,79648,8199,7975,257,Bassey,DEF,10,FUL,CRY
257,35,14,6,False,2026-09-12T14:00:00Z,0,0,4,False,90,0,0,1,0,0,0,0,0,0,0,0,27,23.4,0.7,21.0,4.5,7,3,1,8,1,0.05,0.00,0.05,1.28,45,-7922,71722,2294,10216,257,Bassey,DEF,10,FUL,LIV
257,50,16,6,True,2026-09-20T15:30:00Z,1,1,5,False,90,0,1,0,1,0,0,0,0,0,0,1,26,26.6,1.8,17.0,4.5,6,7,2,8,1,0.06,0.01,0.07,1.60,45,-255,72972,3658,3913,257,Bassey,DEF,10,FUL,MUN
258,10,6,6,True,2026-08-24T19:00:00Z,2,3,1,False,90,0,2,0,3,0,0,0,1,0,0,0,21,38.0,27.8,23.0,8.9,5,4,1,6,1,0.09,0.18,0.27,2.24,45,0,26346,0,0,258,Castagne,DEF,10,FUL,CHE
258,19,20,6,False,2026-08-30T13:00:00Z,1,0,2,False,67,0,0,1,0,0,0,0,0,0,0,0,18,0.0,0.7,0.0,0.0,1,2,1,2,1,0.00,0.00,0.00,0.26,45,9481,45933,12096,2615,258,Castagne,DEF,10,FUL,SUN
258,24,8,1,True,2026-09-05T14:00:00Z,2,3,3,False,90,0,0,0,3,0,0,0,0,0,0,0,-1,20.6,24.1,30.0,7.5,5,5,2,7,1,0.58,0.19,0.77,1.97,45,33375,105919,44214,10839,258,Castagne,DEF,10,FUL,CRY
258,35,14,6,False,2026-09-12T14:00:00Z,0,0,4,False,71,0,0,1,0,0,0,0,0,0,0,0,23,11.2,0.8,2.0,1.4,3,3,2,5,1,0.00,0.01,0.01,0.74,45,-11458,83333,6203,17661,258,Castagne,DEF,10,FUL,LIV
258,50,16,1,True,2026-09-20T15:30:00Z,1,1,5,False,90,0,0,0,1,0,0,0,1,0,0,0,3,20.6,5.2,2.0,2.8,9,4,0,9,1,0.00,0.01,0.01,1.60,45,6515,92417,14129,7614,258,Castagne,DEF,10,FUL,MUN
261,10,6,2,True,2026-08-24T19:00:00Z,2,3,1,False,90,0,0,0,3,0,0,0,0,0,0,0,17,12.4,11.3,0.0,2.4,3,6,1,10,1,0.00,0.04,0.04,2.24,55,0,88413,0,0,261,Iwobi,MID,10,FUL,CHE
261,19,20,2,False,2026-08-30T13:00:00Z,1,0,2,False,90,0,0,0,1,0,0,0,0,0,0,0,20,12.0,35.5,2.0,5.0,1,2,1,4,1,0.01,0.40,0.41,2.02,55,-3301,95898,6095,9396,261,Iwobi,MID,10,FUL,SUN
261,24,8,2,True,2026-09-05T14:00:00Z,2,3,3,False,82,0,0,0,3,0,0,0,0,0,0,0,15,7.6,23.7,11.0,4.2,0,3,1,4,1,0.04,0.26,0.30,1.97,55,-9517,88922,7354,16871,261,Iwobi,MID,10,FUL,CRY
261,35,14,3,False,2026-09-12T14:00:00Z,0,0,4,False,76,0,0,1,0,0,0,0,0,0,0,0,15,7.6,33.7,10.0,5.1,0,3,1,4,1,0.15,0.11,0.26,0.81,54,-14119,75540,2396,16515,261,Iwobi,MID,10,FUL,LIV
261,50,16,5,True,2026-09-20T15:30:00Z,1,1,5,False,70,0,0,1,0,0,0,0,0,0,0,2,27,21.0,63.3,26.0,11.0,1,5,1,7,1,0.19,0.41,0.60,1.12,54,-6504,70405,3075,9579,261,Iwobi,MID,10,FUL,MUN
262,10,6,0,True,2026-08-24T19:00:00Z,2,3,1,False,0,0,0,0,0,0,0,0,0,0,0,0,0,0.0,0.0,0.0,0.0,0,0,0,0,0,0.00,0.00,0.00,0.00,55,0,35036,0,0,262,Smith Rowe,MID,10,FUL,CHE
262,19,20,1,False,2026-08-30T13:00:00Z,1,0,2,False,14,0,0,0,0,0,0,0,0,0,0,0,5,5.2,22.8,7.0,3.5,0,1,0,1,0,0.06,0.02,0.08,0.41,55,-3334,36765,1414,4748,262,Smith Rowe,MID,10,FUL,SUN
262,24,8,1,True,2026-09-05T14:00:00Z,2,3,3,False,11,0,0,0,0,0,0,0,0,0,0,0,3,0.2,0.5,2.0,0.3,0,0,0,0,0,0.00,0.00,0.00,0.00,55,-5101,32334,1425,6526,262,Smith Rowe,MID,10,FUL,CRY
262,35,14,1,False,2026-09-12T14:00:00Z,0,0,4,False,13,0,0,0,0,0,0,0,0,0,0,0,3,1.2,0.5,0.0,0.2,1,1,0,2,0,0.00,0.00,0.00,0.46,54,-4117,28676,777,4894,262,Smith Rowe,MID,10,FUL,LIV
262,50,16,0,True,2026-09-20T15:30:00Z,1,1,5,False,0,0,0,0,0,0,0,0,0,0,0,0,0,0.0,0.0,0.0,0.0,0,0,0,0,0,0.00,0.00,0.00,0.00,54,-2909,26201,582,3491,262,Smith Rowe,MID,10,FUL,MUN
263,10,6,1,True,2026-08-24T19:00:00Z,2,3,1,False,17,0,0,0,0,0,0,0,0,0,0,0,2,5.2,1.9,0.0,0.7,0,1,2,3,0,0.00,0.01,0.01,0.03,55,0,5144,0,0,263,Kevin,MID,10,FUL,CHE
263,19,20,1,False,2026-08-30T13:00:00Z,1,0,2,False,7,0,0,0,0,0,0,0,0,0,0,0,2,0.0,1.5,0.0,0.1,0,0,0,0,0,0.00,0.04,0.04,0.17,55,-443,5495,419,862,263,Kevin,MID,10,FUL,SUN
263,24,8,0,True,2026-09-05T14:00:00Z,2,3,3,False,0,0,0,0,0,0,0,0,0,0,0,0,0,0.0,0.0,0.0,0.0,0,0,0,0,0,0.00,0.00,0.00,0.00,54,-789,4945,553,1342,263,Kevin,MID,10,FUL,CRY
263,35,14,1,False,2026-09-12T14:00:00Z,0,0,4,False,18,0,0,0,0,0,0,0,0,0,0,0,4,0.2,3.3,1.0,0.5,0,2,1,3,0,0.03,0.07,0.10,0.54,54,-826,4241,236,1062,263,Kevin,MID,10,FUL,LIV
263,50,16,1,True,2026-09-20T15:30:00Z,1,1,5,False,19,0,0,0,1,0,0,0,0,0,0,0,6,5.2,0.1,17.0,2.2,1,1,0,2,0,0.04,0.00,0.04,0.49,53,-75,4353,596,671,263,Kevin,MID,10,FUL,MUN
264,10,6,2,True,2026-08-24T19:00:00Z,2,3,1,False,66,0,0,0,3,0,0,0,0,0,0,0,10,9.8,13.8,6.0,3.0,1,2,3,6,1,0.00,0.26,0.26,2.21,55,0,26829,0,0,264,Bobb,MID,10,FUL,CHE
264,19,20,3,False,2026-08-30T13:00:00Z,1,0,2,False,67,0,0,1,0,0,0,0,0,0,0,0,8,7.0,12.4,6.0,2.5,1,2,2,5,1,0.00,0.01,0.01,0.26,55,1523,33606,4520,2997,264,Bobb,MID,10,FUL,SUN
264,24,8,2,True,2026-09-05T14:00:00Z,2,3,3,False,78,0,0,0,3,0,0,0,0,0,0,0,17,11.2,58.8,53.0,12.3,0,4,0,4,1,0.32,0.65,0.97,1.97,55,-1360,34364,4635,5995,264,Bobb,MID,10,FUL,CRY
264,35,14,3,False,2026-09-12T14:00:00Z,0,0,4,False,62,0,0,1,0,0,0,0,0,0,0,0,12,10.0,30.0,4.0,4.4,2,4,1,7,1,0.00,0.13,0.13,0.63,55,-4132,30794,2106,6238,264,Bobb,MID,10,FUL,LIV
264,50,16,3,True,2026-09-20T15:30:00Z,1,1,5,False,70,0,0,1,0,0,0,0,0,0,0,0,6,4.0,3.7,8.0,1.6,1,3,2,6,1,0.22,0.09,0.31,1.12,55,-1134,30671,2742,3876,264,Bobb,MID,10,FUL,MUN
265,10,6,2,True,2026-08-24T19:00:00Z,2,3,1,False,72,0,0,0,3,0,0,0,0,0,0,0,14,13.6,23.1,7.0,4.4,1,2,1,4,1,0.03,0.03,0.06,2.21,50,0,38470,0,0,265,Berge,MID,10,FUL,CHE
265,19,20,2,False,2026-08-30T13:00:00Z,1,0,2,False,82,0,0,0,1,0,0,0,0,0,0,0,14,6.0,27.9,2.0,3.6,0,2,0,2,1,0.00,0.20,0.20,1.85,50,-1868,38868,1465,3333,265,Berge,MID,10,FUL,SUN
265,24,8,1,True,2026-09-05T14:00:00Z,2,3,3,False,29,0,0,0,1,0,0,0,0,0,0,0,9,3.2,2.9,0.0,0.6,0,2,0,2,0,0.00,0.10,0.10,0.84,50,-3309,36133,1875,5184,265,Berge,MID,10,FUL,CRY
265,35,14,3,False,2026-09-12T14:00:00Z,0,0,4,False,90,0,0,1,0,0,0,0,0,0,0,0,14,18.6,11.7,6.0,3.6,4,2,3,9,1,0.00,0.01,0.01,1.28,49,-4295,32007,748,5043,265,Berge,MID,10,FUL,LIV
265,50,16,3,True,2026-09-20T15:30:00Z,1,1,5,False,76,0,0,1,0,0,0,0,0,0,0,0,16,10.0,15.4,7.0,3.2,2,0,0,2,1,0.05,0.02,0.07,1.18,49,-1553,31167,1643,3196,265,Berge,MID,10,FUL,MUN
266,10,6,0,True,2026-08-24T19:00:00Z,2,3,1,False,0,0,0,0,0,0,0,0,0,0,0,0,0,0.0,0.0,0.0,0.0,0,0,0,0,0,0.00,0.00,0.00,0.00,50,0,464,0,0,266,Cairney,MID,10,FUL,CHE
266,19,20,0,False,2026-08-30T13:00:00Z,1,0,2,False,0,0,0,0,0,0,0,0,0,0,0,0,0,0.0,0.0,0.0,0.0,0,0,0,0,0,0.00,0.00,0.00,0.00,50,-103,379,12,115,266,Cairney,MID,10,FUL,SUN
266,24,8,0,True,2026-09-05T14:00:00Z,2,3,3,False,0,0,0,0,0,0,0,0,0,0,0,0,0,0.0,0.0,0.0,0.0,0,0,0,0,0,0.00,0.00,0.00,0.00,50,-58,335,24,82,266,Cairney,MID,10,FUL,CRY
266,35,14,0,False,2026-09-12T14:00:00Z,0,0,4,False,0,0,0,0,0,0,0,0,0,0,0,0,0,0.0,0.0,0.0,0.0,0,0,0,0,0,0.00,0.00,0.00,0.00,50,-3,348,50,53,266,Cairney,MID,10,FUL,LIV
266,50,16,0,True,2026-09-20T15:30:00Z,1,1,5,False,0,0,0,0,0,0,0,0,0,0,0,0,0,0.0,0.0,0.0,0.0,0,0,0,0,0,0.00,0.00,0.00,0.00,49,-46,305,15,61,266,Cairney,MID,10,FUL,MUN
268,10,6,7,True,2026-08-24T19:00:00Z,2,3,1,False,90,1,0,0,3,0,0,0,0,0,0,0,34,41.6,15.6,41.0,9.8,2,4,2,8,1,0.17,0.04,0.21,2.24,55,0,14215,0,0,268,King,MID,10,FUL,CHE
268,19,20,2,False,2026-08-30T13:00:00Z,1,0,2,False,90,0,0,0,1,0,0,0,0,0,0,0,8,10.6,4.5,21.0,3.6,1,1,2,4,1,0.47,0.03,0.50,2.02,55,30519,59498,34683,4164,268,King,MID,10,FUL,SUN
268,24,8,10,True,2026-09-05T14:00:00Z,2,3,3,False,90,1,0,0,3,0,0,0,0,0,0,3,38,44.6,26.0,34.0,10.5,1,5,1,7,1,0.31,0.27,0.58,1.97,55,9662,76528,23134,13472,268,King,MID,10,FUL,CRY
268,35,14,3,False,2026-09-12T14:00:00Z,0,0,4,False,76,0,0,1,0,0,0,0,0,0,0,0,19,11.4,14.3,37.0,6.3,0,2,2,4,1,0.21,0.09,0.30,0.81,55,47115,130602,81597,34482,268,King,MID,10,FUL,LIV
268,50,16,2,True,2026-09-20T15:30:00Z,1,1,5,False,79,0,0,1,0,0,0,0,1,0,0,0,10,3.2,6.8,46.0,5.6,1,4,0,5,1,0.38,0.03,0.41,1.25,55,78271,214660,104721,26450,268,King,MID,10,FUL,MUN
269,10,6,1,True,2026-08-24T19:00:00Z,2,3,1,False,17,0,0,0,0,0,0,0,0,0,0,0,7,6.6,0.5,19.0,2.6,1,1,0,1,0,0.03,0.00,0.03,0.03,45,0,39784,0,0,269,Sessegnon,DEF,10,FUL,CHE
269,19,20,1,False,2026-08-30T13:00:00Z,1,0,2,False,22,0,0,0,1,0,0,0,0,0,0,0,3,8.6,11.0,8.0,2.8,0,1,1,1,0,0.02,0.12,0.14,1.77,45,-2055,41879,959,3014,269,Sessegnon,DEF,10,FUL,SUN
269,24,8,1,True,2026-09-05T14:00:00Z,2,3,3,False,11,0,0,0,0,0,0,0,0,0,0,0,3,2.0,14.8,4.0,2.1,1,1,0,1,0,0.08,0.32,0.40,0.00,45,-3956,37980,887,4843,269,Sessegnon,DEF,10,FUL,CRY
269,35,14,0,False,2026-09-12T14:00:00Z,0,0,4,False,0,0,0,0,0,0,0,0,0,0,0,0,0,0.0,0.0,0.0,0.0,0,0,0,0,0,0.00,0.00,0.00,0.00,44,-4182,34199,369,4551,269,Sessegnon,DEF,10,FUL,LIV
269,50,16,0,True,2026-09-20T15:30:00Z,1,1,5,False,0,0,0,0,0,0,0,0,0,0,0,0,0,0.0,0.0,0.0,0.0,0,0,0,0,0,0.00,0.00,0.00,0.00,44,-5062,29229,228,5290,269,Sessegnon,DEF,10,FUL,MUN
270,10,6,0,True,2026-08-24T19:00:00Z,2,3,1,False,0,0,0,0,0,0,0,0,0,0,0,0,0,0.0,0.0,0.0,0.0,0,0,0,0,0,0.00,0.00,0.00,0.00,45,0,139875,0,0,270,Reed,MID,10,FUL,CHE
270,19,20,0,False,2026-08-30T13:00:00Z,1,0,2,False,0,0,0,0,0,0,0,0,0,0,0,0,0,0.0,0.0,0.0,0.0,0,0,0,0,0,0.00,0.00,0.00,0.00,45,-8921,141446,5582,14503,270,Reed,MID,10,FUL,SUN
270,24,8,0,True,2026-09-05T14:00:00Z,2,3,3,False,0,0,0,0,0,0,0,0,0,0,0,0,0,0.0,0.0,0.0,0.0,0,0,0,0,0,0.00,0.00,0.00,0.00,45,-11001,132811,8075,19076,270,Reed,MID,10,FUL,CRY
270,35,14,0,False,2026-09-12T14:00:00Z,0,0,4,False,0,0,0,0,0,0,0,0,0,0,0,0,0,0.0,0.0,0.0,0.0,0,0,0,0,0,0.00,0.00,0.00,0.00,45,-12381,121271,3620,16001,270,Reed,MID,10,FUL,LIV
270,50,16,0,True,2026-09-20T15:30:00Z,1,1,5,False,0,0,0,0,0,0,0,0,0,0,0,0,0,0.0,0.0,0.0,0.0,0,0,0,0,0,0.00,0.00,0.00,0.00,44,-430,130240,16215,16645,270,Reed,MID,10,FUL,MUN
271,10,6,1,True,2026-08-24T19:00:00Z,2,3,1,False,8,0,0,0,0,0,0,0,0,0,0,0,6,6.0,11.5,7.0,2.5,1,0,0,1,0,0.02,0.00,0.02,0.03,55,0,52452,0,0,271,Muniz,FWD,10,FUL,CHE
271,19,20,0,False,2026-08-30T13:00:00Z,1,0,2,False,0,0,0,0,0,0,0,0,0,0,0,0,0,0.0,0.0,0.0,0.0,0,0,0,0,0,0.00,0.00,0.00,0.00,55,-4078,54718,2812,6890,271,Muniz,FWD,10,FUL,SUN
271,24,8,1,True,2026-09-05T14:00:00Z,2,3,3,False,7,0,0,0,0,0,0,0,0,0,0,0,5,3.2,10.1,27.0,4.0,0,0,0,0,0,0.38,0.00,0.38,0.00,55,-6919,49384,4409,11328,271,Muniz,FWD,10,FUL,CRY
271,35,14,1,False,2026-09-12T14:00:00Z,0,0,4,False,13,0,0,0,0,0,0,0,0,0,0,0,4,2.0,0.3,2.0,0.4,1,0,0,1,0,0.00,0.00,0.00,0.46,54,-4272,46371,3624,7896,271,Muniz,FWD,10,FUL,LIV
271,50,16,0,True,2026-09-20T15:30:00Z,1,1,5,False,10,0,0,0,1,0,0,0,1,0,0,0,-1,0.2,0.3,0.0,0.1,1,0,0,1,0,0.00,0.00,0.00,0.36,54,-2843,44522,3484,6327,271,Muniz,FWD,10,FUL,MUN
272,10,6,0,True,2026-08-24T19:00:00Z,2,3,1,False,0,0,0,0,0,0,0,0,0,0,0,0,0,0.0,0.0,0.0,0.0,0,0,0,0,0,0.00,0.00,0.00,0.00,45,0,669004,0,0,272,Kusi-Asare,FWD,10,FUL,CHE
272,19,20,0,False,2026-08-30T13:00:00Z,1,0,2,False,0,0,0,0,0,0,0,0,0,0,0,0,0,0.0,0.0,0.0,0.0,0,0,0,0,0,0.00,0.00,0.00,0.00,45,-20589,685336,23688,44277,272,Kusi-Asare,FWD,10,FUL,SUN
272,24,8,0,True,2026-09-05T14:00:00Z,2,3,3,False,0,0,0,0,0,0,0,0,0,0,0,0,0,0.0,0.0,0.0,0.0,0,0,0,0,0,0.00,0.00,0.00,0.00,45,-11359,689011,60586,71945,272,Kusi-Asare,FWD,10,FUL,CRY
272,35,14,0,False,2026-09-12T14:00:00Z,0,0,4,False,0,0,0,0,0,0,0,0,0,0,0,0,0,0.0,0.0,0.0,0.0,0,0,0,0,0,0.00,0.00,0.00,0.00,45,-45728,635399,35011,80739,272,Kusi-Asare,FWD,10,FUL,LIV
272,50,16,0,True,2026-09-20T15:30:00Z,1,1,5,False,0,0,0,0,0,0,0,0,0,0,0,0,0,0.0,0.0,0.0,0.0,0,0,0,0,0,0.00,0.00,0.00,0.00,45,-40658,610960,30186,70844,272,Kusi-Asare,FWD,10,FUL,MUN
569,10,6,6,True,2026-08-24T19:00:00Z,2,3,1,False,90,1,0,0,3,0,0,0,0,0,0,0,33,37.2,4.3,40.0,8.2,0,1,1,2,1,0.73,0.01,0.74,2.24,60,0,180799,0,0,569,Gonzalo,FWD,10,FUL,CHE
569,19,20,2,False,2026-08-30T13:00:00Z,1,0,2,False,90,0,0,0,1,0,0,0,0,0,0,0,2,5.6,2.8,24.0,3.2,2,2,0,4,1,0.27,0.01,0.28,2.02,60,135011,399587,152218,17207,569,Gonzalo,FWD,10,FUL,SUN
569,24,8,2,True,2026-09-05T14:00:00Z,2,3,3,False,90,0,0,0,3,0,0,0,0,0,0,0,10,5.8,14.0,39.0,5.9,3,3,1,7,1,0.44,0.20,0.64,1.97,60,49426,490355,128611,79185,569,Gonzalo,FWD,10,FUL,CRY
569,35,14,2,False,2026-09-12T14:00:00Z,0,0,4,False,76,0,0,1,0,0,0,0,0,0,0,0,5,4.4,10.9,10.0,2.5,1,2,0,3,1,0.20,0.03,0.23,0.81,60,-70216,405535,38609,108825,569,Gonzalo,FWD,10,FUL,LIV
569,50,16,2,True,2026-09-20T15:30:00Z,1,1,5,False,79,0,0,1,0,0,0,0,0,0,0,0,3,0.0,14.8,12.0,2.3,1,1,0,2,1,0.69,0.33,1.02,1.25,60,-31297,386933,42871,74168,569,Gonzalo,FWD,10,FUL,MUN
570,10,6,2,True,2026-08-24T19:00:00Z,2,3,1,False,72,0,0,0,3,0,0,0,0,0,0,0,10,2.8,7.3,8.0,1.8,0,2,2,4,1,0.16,0.01,0.17,2.21,55,0,18267,0,0,570,Palacios,MID,10,FUL,CHE
570,19,20,1,False,2026-08-30T13:00:00Z,1,0,2,False,75,0,0,0,1,0,0,0,1,0,0,0,6,3.0,1.3,3.0,0.7,3,6,0,9,1,0.02,0.00,0.02,1.62,55,-874,20418,910,1784,570,Palacios,MID,10,FUL,SUN
570,24,8,8,True,2026-09-05T14:00:00Z,2,3,3,False,60,1,0,0,2,0,0,0,0,0,0,1,27,33.8,13.7,51.0,9.9,0,0,0,0,1,0.80,0.02,0.82,1.14,55,-2344,18435,1012,3356,570,Palacios,MID,10,FUL,CRY
570,35,14,0,False,2026-09-12T14:00:00Z,0,0,4,False,0,0,0,0,0,0,0,0,0,0,0,0,0,0.0,0.0,0.0,0.0,0,0,0,0,0,0.00,0.00,0.00,0.00,55,-683,18348,1449,2132,570,Palacios,MID,10,FUL,LIV
570,50,16,1,True,2026-09-20T15:30:00Z,1,1,5,False,19,0,0,0,1,0,0,0,0,0,0,0,5,5.8,10.3,0.0,1.6,1,2,1,4,0,0.00,0.00,0.00,0.49,54,-456,18361,1918,2374,570,Palacios,MID,10,FUL,MUN
580,10,6,1,True,2026-08-24T19:00:00Z,2,3,1,False,23,0,0,0,0,0,0,0,0,0,0,0,5,3.4,1.3,0.0,0.5,0,2,1,3,0,0.00,0.00,0.00,0.03,50,0,8110,0,0,580,Charles,MID,10,FUL,CHE
580,19,20,1,False,2026-08-30T13:00:00Z,1,0,2,False,22,0,0,0,1,0,0,0,0,0,0,0,2,0.6,2.8,6.0,0.9,1,1,0,2,0,0.09,0.03,0.12,1.77,50,-449,8645,359,808,580,Charles,MID,10,FUL,SUN
580,24,8,2,True,2026-09-05T14:00:00Z,2,3,3,False,78,0,0,0,3,0,0,0,0,0,0,0,18,12.4,35.2,8.0,5.6,3,8,0,11,1,0.00,0.09,0.09,1.97,50,-910,7900,334,1244,580,Charles,MID,10,FUL,CRY
580,35,14,5,False,2026-09-12T14:00:00Z,0,0,4,False,90,0,0,1,0,0,0,0,0,0,0,0,19,29.0,3.4,0.0,3.2,8,8,1,17,1,0.00,0.02,0.02,1.28,50,-636,7397,295,931,580,Charles,MID,10,FUL,LIV
580,50,16,4,True,2026-09-20T15:30:00Z,1,1,5,False,90,0,0,0,1,0,0,0,0,0,0,0,16,40.0,3.4,0.0,4.3,11,0,2,13,1,0.00,0.02,0.02,1.60,50,49,7677,742,693,580,Charles,MID,10,FUL,MUN
610,10,6,0,True,2026-08-24T19:00:00Z,2,3,1,False,0,0,0,0,0,0,0,0,0,0,0,0,0,0.0,0.0,0.0,0.0,0,0,0,0,0,0.00,0.00,0.00,0.00,40,0,0,0,0,610,De Fougerolles,DEF,10,FUL,CHE
610,19,20,0,False,2026-08-30T13:00:00Z,1,0,2,False,0,0,0,0,0,0,0,0,0,0,0,0,0,0.0,0.0,0.0,0.0,0,0,0,0,0,0.00,0.00,0.00,0.00,40,2577,7950,3051,474,610,De Fougerolles,DEF,10,FUL,SUN
610,24,8,0,True,2026-09-05T14:00:00Z,2,3,3,False,0,0,0,0,0,0,0,0,0,0,0,0,0,0.0,0.0,0.0,0.0,0,0,0,0,0,0.00,0.00,0.00,0.00,40,382,11771,2221,1839,610,De Fougerolles,DEF,10,FUL,CRY
610,35,14,0,False,2026-09-12T14:00:00Z,0,0,4,False,0,0,0,0,0,0,0,0,0,0,0,0,0,0.0,0.0,0.0,0.0,0,0,0,0,0,0.00,0.00,0.00,0.00,40,-750,9207,515,1265,610,De Fougerolles,DEF,10,FUL,LIV
610,50,16,0,True,2026-09-20T15:30:00Z,1,1,5,False,0,0,0,0,0,0,0,0,0,0,0,0,0,0.0,0.0,0.0,0.0,0,0,0,0,0,0.00,0.00,0.00,0.00,40,-1168,7831,0,1168,610,De Fougerolles,DEF,10,FUL,MUN
626,19,20,0,False,2026-08-30T13:00:00Z,1,0,2,False,0,0,0,0,0,0,0,0,0,0,0,0,0,0.0,0.0,0.0,0.0,0,0,0,0,0,0.00,0.00,0.00,0.00,45,0,0,0,0,626,Zepa,MID,10,FUL,SUN
626,24,8,0,True,2026-09-05T14:00:00Z,2,3,3,False,0,0,0,0,0,0,0,0,0,0,0,0,0,0.0,0.0,0.0,0.0,0,0,0,0,0,0.00,0.00,0.00,0.00,45,17179,40392,22010,4831,626,Zepa,MID,10,FUL,CRY
626,35,14,0,False,2026-09-12T14:00:00Z,0,0,4,False,0,0,0,0,0,0,0,0,0,0,0,0,0,0.0,0.0,0.0,0.0,0,0,0,0,0,0.00,0.00,0.00,0.00,45,4635,39436,11161,6526,626,Zepa,MID,10,FUL,LIV
626,50,16,0,True,2026-09-20T15:30:00Z,1,1,5,False,0,0,0,0,0,0,0,0,0,0,0,0,0,0.0,0.0,0.0,0.0,0,0,0,0,0,0.00,0.00,0.00,0.00,45,-3861,32375,996,4857,626,Zepa,MID,10,FUL,MUN
635,24,8,1,True,2026-09-05T14:00:00Z,2,3,3,False,11,0,0,0,0,0,0,0,0,0,0,0,3,3.6,1.3,9.0,1.4,0,0,1,1,0,0.13,0.22,0.35,0.00,50,261,322,288,27,635,Larsson,MID,10,FUL,CRY
635,35,14,1,False,2026-09-12T14:00:00Z,0,0,4,False,13,0,0,0,0,0,0,0,0,0,0,0,3,0.0,0.5,0.0,0.1,0,1,0,1,0,0.00,0.01,0.01,0.46,50,185,614,266,81,635,Larsson,MID,10,FUL,LIV
635,50,16,1,True,2026-09-20T15:30:00Z,1,1,5,False,13,0,0,0,1,0,0,0,0,0,0,0,3,3.2,0.1,0.0,0.3,2,2,0,4,0,0.00,0.00,0.00,0.42,50,66,760,191,125,635,Larsson,MID,10,FUL,MUN
636,24,8,0,True,2026-09-05T14:00:00Z,2,3,3,False,0,0,0,0,0,0,0,0,0,0,0,0,0,0.0,0.0,0.0,0.0,0,0,0,0,0,0.00,0.00,0.00,0.00,50,106,151,120,14,636,Ángel,MID,10,FUL,CRY
636,35,14,0,False,2026-09-12T14:00:00Z,0,0,4,False,0,0,0,0,0,0,0,0,0,0,0,0,0,0.0,0.0,0.0,0.0,0,0,0,0,0,0.00,0.00,0.00,0.00,50,79,306,133,54,636,Ángel,MID,10,FUL,LIV
636,50,16,0,True,2026-09-20T15:30:00Z,1,1,5,False,0,0,0,0,0,0,0,0,0,0,0,0,0,0.0,0.0,0.0,0.0,0,0,0,0,0,0.00,0.00,0.00,0.00,50,10,361,84,74,636,Ángel,MID,10,FUL,MUN
650,24,8,0,True,2026-09-05T14:00:00Z,2,3,3,False,0,0,0,0,0,0,0,0,0,0,0,0,0,0.0,0.0,0.0,0.0,0,0,0,0,0,0.00,0.00,0.00,0.00,45,177,317,204,27,650,Affengruber,DEF,10,FUL,CRY
650,35,14,8,False,2026-09-12T14:00:00Z,0,0,4,False,90,0,0,1,0,0,0,0,0,0,0,0,23,18.6,3.3,0.0,2.2,11,3,1,12,1,0.00,0.00,0.00,1.28,45,172,573,274,102,650,Affengruber,DEF,10,FUL,LIV
650,50,16,4,True,2026-09-20T15:30:00Z,1,1,5,False,90,0,0,0,1,0,0,0,0,0,0,0,17,32.4,11.3,0.0,4.4,9,4,2,11,1,0.00,0.02,0.02,1.60,45,1907,2846,2400,493,650,Affengruber,DEF,10,FUL,MUN
240,3,8,0,True,2026-08-22T14:00:00Z,2,0,1,False,0,0,0,0,0,0,0,0,0,0,0,0,0,0.0,0.0,0.0,0.0,0,0,0,0,0,0.00,0.00,0.00,0.00,50,0,1417,0,0,240,Iroegbunam,MID,11,HUL,CRY
240,12,3,1,False,2026-08-29T14:00:00Z,1,1,2,False,4,0,0,0,0,0,0,0,0,0,0,0,2,0.0,0.0,0.0,0.0,0,0,0,0,0,0.00,0.00,0.00,0.00,50,-327,1093,21,348,240,Iroegbunam,MID,11,HUL,BOU
240,25,2,0,True,2026-09-05T16:30:00Z,0,0,3,False,0,0,0,0,0,0,0,0,0,0,0,0,0,0.0,0.0,0.0,0.0,0,0,0,0,0,0.00,0.00,0.00,0.00,50,122,1385,309,187,240,Iroegbunam,MID,11,HUL,AVL
240,33,6,0,False,2026-09-12T14:00:00Z,2,2,4,False,21,0,0,0,0,0,0,0,1,0,0,0,2,3.0,0.2,0.0,0.3,1,0,1,2,0,0.00,0.00,0.00,0.35,50,128,1598,334,206,240,Iroegbunam,MID,11,HUL,CHE
240,46,17,1,False,2026-09-19T14:00:00Z,2,1,5,False,45,0,0,0,0,0,0,0,0,0,0,0,6,6.2,11.3,10.0,2.8,0,5,2,7,0,0.12,0.01,0.13,0.25,50,101,1818,374,273,240,Iroegbunam,MID,11,HUL,NEW
273,4,16,0,True,2026-08-22T11:30:00Z,2,0,1,False,0,0,0,0,0,0,0,0,0,0,0,0,0,0.0,0.0,0.0,0.0,0,0,0,0,0,0.00,0.00,0.00,0.00,40,0,138196,0,0,273,Phillips,GK,11,HUL,MUN
273,13,7,0,False,2026-08-29T14:00:00Z,0,1,2,False,0,0,0,0,0,0,0,0,0,0,0,0,0,0.0,0.0,0.0,0.0,0,0,0,0,0,0.00,0.00,0.00,0.00,40,-3979,150763,3115,7094,273,Phillips,GK,11,HUL,COV
273,25,2,0,True,2026-09-05T16:30:00Z,0,0,3,False,0,0,0,0,0,0,0,0,0,0,0,0,0,0.0,0.0,0.0,0.0,0,0,0,0,0,0.00,0.00,0.00,0.00,40,-1922,154754,9318,11240,273,Phillips,GK,11,HUL,AVL
273,33,6,0,False,2026-09-12T14:00:00Z,2,2,4,False,0,0,0,0,0,0,0,0,0,0,0,0,0,0.0,0.0,0.0,0.0,0,0,0,0,0,0.00,0.00,0.00,0.00,40,-1217,154407,8596,9813,273,Phillips,GK,11,HUL,CHE
273,46,17,0,False,2026-09-19T14:00:00Z,2,1,5,False,0,0,0,0,0,0,0,0,0,0,0,0,0,0.0,0.0,0.0,0.0,0,0,0,0,0,0.00,0.00,0.00,0.00,40,-1640,154014,5096,6736,273,Phillips,GK,11,HUL,NEW
274,4,16,0,True,2026-08-22T11:30:00Z,2,0,1,False,0,0,0,0,0,0,0,0,0,0,0,0,0,0.0,0.0,0.0,0.0,0,0,0,0,0,0.00,0.00,0.00,0.00,45,0,11096,0,0,274,Butland,GK,11,HUL,MUN
274,13,7,0,False,2026-08-29T14:00:00Z,0,1,2,False,0,0,0,0,0,0,0,0,0,0,0,0,0,0.0,0.0,0.0,0.0,0,0,0,0,0,0.00,0.00,0.00,0.00,45,-1614,9646,124,1738,274,Butland,GK,11,HUL,COV
274,25,2,0,True,2026-09-05T16:30:00Z,0,0,3,False,0,0,0,0,0,0,0,0,0,0,0,0,0,0.0,0.0,0.0,0.0,0,0,0,0,0,0.00,0.00,0.00,0.00,45,-1301,8463,166,1467,274,Butland,GK,11,HUL,AVL
274,33,6,0,False,2026-09-12T14:00:00Z,2,2,4,False,0,0,0,0,0,0,0,0,0,0,0,0,0,0.0,0.0,0.0,0.0,0,0,0,0,0,0.00,0.00,0.00,0.00,45,-669,7924,170,839,274,Butland,GK,11,HUL,CHE
274,46,17,0,False,2026-09-19T14:00:00Z,2,1,5,False,0,0,0,0,0,0,0,0,0,0,0,0,0,0.0,0.0,0.0,0.0,0,0,0,0,0,0.00,0.00,0.00,0.00,45,-460,7533,109,569,274,Butland,GK,11,HUL,NEW
275,4,16,0,True,2026-08-22T11:30:00Z,2,0,1,False,0,0,0,0,0,0,0,0,0,0,0,0,0,0.0,0.0,0.0,0.0,0,0,0,0,0,0.00,0.00,0.00,0.00,40,0,1022,0,0,275,Cartwright,GK,11,HUL,MUN
275,13,7,0,False,2026-08-29T14:00:00Z,0,1,2,False,0,0,0,0,0,0,0,0,0,0,0,0,0,0.0,0.0,0.0,0.0,0,0,0,0,0,0.00,0.00,0.00,0.00,40,-111,909,0,111,275,Cartwright,GK,11,HUL,COV
275,25,2,0,True,2026-09-05T16:30:00Z,0,0,3,False,0,0,0,0,0,0,0,0,0,0,0,0,0,0.0,0.0,0.0,0.0,0,0,0,0,0,0.00,0.00,0.00,0.00,40,-83,816,0,83,275,Cartwright,GK,11,HUL,AVL
275,33,6,0,False,2026-09-12T14:00:00Z,2,2,4,False,0,0,0,0,0,0,0,0,0,0,0,0,0,0.0,0.0,0.0,0.0,0,0,0,0,0,0.00,0.00,0.00,0.00,40,-67,751,0,67,275,Cartwright,GK,11,HUL,CHE
275,46,17,0,False,2026-09-19T14:00:00Z,2,1,5,False,0,0,0,0,0,0,0,0,0,0,0,0,0,0.0,0.0,0.0,0.0,0,0,0,0,0,0.00,0.00,0.00,0.00,40,-41,714,0,41,275,Cartwright,GK,11,HUL,NEW
276,4,16,0,True,2026-08-22T11:30:00Z,2,0,1,False,0,0,0,0,0,0,0,0,0,0,0,0,0,0.0,0.0,0.0,0.0,0,0,0,0,0,0.00,0.00,0.00,0.00,40,0,3519,0,0,276,Lo-Tutala,GK,11,HUL,MUN
276,13,7,0,False,2026-08-29T14:00:00Z,0,1,2,False,0,0,0,0,0,0,0,0,0,0,0,0,0,0.0,0.0,0.0,0.0,0,0,0,0,0,0.00,0.00,0.00,0.00,40,-383,3116,0,383,276,Lo-Tutala,GK,11,HUL,COV
276,25,2,0,True,2026-09-05T16:30:00Z,0,0,3,False,0,0,0,0,0,0,0,0,0,0,0,0,0,0.0,0.0,0.0,0.0,0,0,0,0,0,0.00,0.00,0.00,0.00,40,-272,2831,0,272,276,Lo-Tutala,GK,11,HUL,AVL
276,33,6,0,False,2026-09-12T14:00:00Z,2,2,4,False,0,0,0,0,0,0,0,0,0,0,0,0,0,0.0,0.0,0.0,0.0,0,0,0,0,0,0.00,0.00,0.00,0.00,40,-204,2640,0,204,276,Lo-Tutala,GK,11,HUL,CHE
276,46,17,0,False,2026-09-19T14:00:00Z,2,1,5,False,0,0,0,0,0,0,0,0,0,0,0,0,0,0.0,0.0,0.0,0.0,0,0,0,0,0,0.00,0.00,0.00,0.00,40,-135,2510,0,135,276,Lo-Tutala,GK,11,HUL,NEW
277,4,16,8,True,2026-08-22T11:30:00Z,2,0,1,False,90,0,0,1,0,0,0,0,0,0,0,0,27,43.4,0.1,2.0,4.6,20,3,1,21,1,0.00,0.00,0.00,1.83,40,0,134746,0,0,277,Egan,DEF,11,HUL,MUN
277,13,7,9,False,2026-08-29T14:00:00Z,0,1,2,False,90,0,0,1,0,0,0,0,0,0,0,1,25,23.8,0.4,0.0,2.4,12,1,1,13,1,0.00,0.00,0.00,1.29,40,31730,197783,42937,11207,277,Egan,DEF,11,HUL,COV
277,25,2,6,True,2026-09-05T16:30:00Z,0,0,3,False,90,0,0,1,0,0,0,0,0,0,0,0,18,15.4,0.1,0.0,1.6,4,1,3,7,1,0.00,0.00,0.00,1.93,40,278040,623541,335706,57666,277,Egan,DEF,11,HUL,AVL
277,33,6,2,False,2026-09-12T14:00:00Z,2,2,4,False,90,0,0,0,2,0,0,0,1,0,0,0,-1,14.2,0.5,6.0,2.1,12,6,2,14,1,0.04,0.00,0.04,0.91,41,150184,688208,223735,73551,277,Egan,DEF,11,HUL,CHE
277,46,17,1,False,2026-09-19T14:00:00Z,2,1,5,False,77,0,0,0,2,0,0,0,0,0,0,0,2,14.0,0.2,13.0,2.7,2,1,2,4,1,0.01,0.00,0.01,1.31,41,76284,776181,120781,44497,277,Egan,DEF,11,HUL,NEW
278,4,16,0,True,2026-08-22T11:30:00Z,2,0,1,False,0,0,0,0,0,0,0,0,0,0,0,0,0,0.0,0.0,0.0,0.0,0,0,0,0,0,0.00,0.00,0.00,0.00,40,0,12660,0,0,278,Hughes,DEF,11,HUL,MUN
278,13,7,0,False,2026-08-29T14:00:00Z,0,1,2,False,0,0,0,0,0,0,0,0,0,0,0,0,0,0.0,0.0,0.0,0.0,0,0,0,0,0,0.00,0.00,0.00,0.00,40,-2221,10606,99,2320,278,Hughes,DEF,11,HUL,COV
278,25,2,0,True,2026-09-05T16:30:00Z,0,0,3,False,0,0,0,0,0,0,0,0,0,0,0,0,0,0.0,0.0,0.0,0.0,0,0,0,0,0,0.00,0.00,0.00,0.00,40,-1682,9038,138,1820,278,Hughes,DEF,11,HUL,AVL
278,33,6,0,False,2026-09-12T14:00:00Z,2,2,4,False,0,0,0,0,0,0,0,0,0,0,0,0,0,0.0,0.0,0.0,0.0,0,0,0,0,0,0.00,0.00,0.00,0.00,40,-1016,8103,174,1190,278,Hughes,DEF,11,HUL,CHE
278,46,17,0,False,2026-09-19T14:00:00Z,2,1,5,False,0,0,0,0,0,0,0,0,0,0,0,0,0,0.0,0.0,0.0,0.0,0,0,0,0,0,0.00,0.00,0.00,0.00,39,9741,32994,15378,5637,278,Hughes,DEF,11,HUL,NEW
279,4,16,14,True,2026-08-22T11:30:00Z,2,0,1,False,63,1,0,1,0,0,0,0,0,0,0,2,39,44.2,0.2,35.0,7.9,7,3,0,7,1,0.52,0.00,0.52,0.86,40,0,83256,0,0,279,Ajayi,DEF,11,HUL,MUN
279,13,7,6,False,2026-08-29T14:00:00Z,0,1,2,False,90,0,0,1,0,0,0,0,0,0,0,0,24,15.6,0.8,0.0,1.6,5,5,2,7,1,0.00,0.00,0.00,1.29,40,63813,200860,79406,15593,279,Ajayi,DEF,11,HUL,COV
279,25,2,5,True,2026-09-05T16:30:00Z,0,0,3,False,90,0,0,1,0,0,0,0,1,0,0,0,17,11.0,0.7,0.0,1.2,5,1,1,6,1,0.00,0.00,0.00,1.93,41,562671,1055220,631920,69249,279,Ajayi,DEF,11,HUL,AVL
279,33,6,1,False,2026-09-12T14:00:00Z,2,2,4,False,90,0,0,0,2,0,0,0,0,0,0,0,-6,5.4,1.3,6.0,1.3,2,2,1,3,1,0.13,0.00,0.13,0.91,42,271450,1350778,349993,78543,279,Ajayi,DEF,11,HUL,CHE
279,46,17,1,False,2026-09-19T14:00:00Z,2,1,5,False,90,0,0,0,2,0,0,0,0,0,0,0,5,9.4,1.2,10.0,2.1,2,5,2,4,1,0.01,0.01,0.02,1.44,42,162949,1547412,250066,87117,279,Ajayi,DEF,11,HUL,NEW
280,4,16,6,True,2026-08-22T11:30:00Z,2,0,1,False,69,0,0,1,0,0,0,0,0,0,0,0,23,5.8,11.3,0.0,1.7,1,3,1,2,1,0.00,0.01,0.01,1.16,40,0,59278,0,0,280,Coyle,DEF,11,HUL,MUN
280,13,7,0,False,2026-08-29T14:00:00Z,0,1,2,False,45,0,0,0,0,0,0,0,1,0,0,0,2,4.6,0.3,0.0,0.5,4,1,0,4,1,0.00,0.00,0.00,1.09,40,-2458,62770,2623,5081,280,Coyle,DEF,11,HUL,COV
280,25,2,6,True,2026-09-05T16:30:00Z,0,0,3,False,63,0,0,1,0,0,0,0,0,0,0,0,19,1.4,4.6,0.0,0.6,0,0,0,0,1,0.00,0.01,0.01,1.81,40,-8654,54378,1532,10186,280,Coyle,DEF,11,HUL,AVL
280,33,6,1,False,2026-09-12T14:00:00Z,2,2,4,False,81,0,0,0,2,0,0,0,0,0,0,0,2,5.6,10.9,5.0,2.2,2,4,1,3,1,0.13,0.01,0.14,0.72,40,5360,65983,9488,4128,280,Coyle,DEF,11,HUL,CHE
280,46,17,1,False,2026-09-19T14:00:00Z,2,1,5,False,90,0,0,0,2,0,0,0,0,0,0,0,3,6.6,2.8,6.0,1.5,1,3,1,2,1,0.00,0.04,0.04,1.44,40,7516,74510,11929,4413,280,Coyle,DEF,11,HUL,NEW
281,4,16,1,True,2026-08-22T11:30:00Z,2,0,1,False,20,0,0,0,0,0,0,0,0,0,0,0,4,2.2,0.0,1.0,0.3,2,2,1,3,0,0.05,0.00,0.05,0.67,40,0,1668,0,0,281,Drameh,DEF,11,HUL,MUN
281,13,7,1,False,2026-08-29T14:00:00Z,0,1,2,False,45,0,0,0,0,0,0,0,0,0,0,0,4,4.2,0.4,0.0,0.5,3,2,0,3,0,0.00,0.00,0.00,0.20,40,695,7175,1108,413,281,Drameh,DEF,11,HUL,COV
281,25,2,0,True,2026-09-05T16:30:00Z,0,0,3,False,0,0,0,0,0,0,0,0,0,0,0,0,0,0.0,0.0,0.0,0.0,0,0,0,0,0,0.00,0.00,0.00,0.00,40,-663,6824,1010,1673,281,Drameh,DEF,11,HUL,AVL
281,33,6,0,False,2026-09-12T14:00:00Z,2,2,4,False,0,0,0,0,0,0,0,0,0,0,0,0,0,0.0,0.0,0.0,0.0,0,0,0,0,0,0.00,0.00,0.00,0.00,40,-1503,5246,0,1503,281,Drameh,DEF,11,HUL,CHE
281,46,17,0,False,2026-09-19T14:00:00Z,2,1,5,False,0,0,0,0,0,0,0,0,0,0,0,0,0,0.0,0.0,0.0,0.0,0,0,0,0,0,0.00,0.00,0.00,0.00,40,-664,4645,0,664,281,Drameh,DEF,11,HUL,NEW
282,4,16,6,True,2026-08-22T11:30:00Z,2,0,1,False,84,0,0,1,0,0,0,0,0,0,0,0,24,13.8,18.8,4.0,3.7,5,1,1,6,1,0.02,0.07,0.09,1.76,40,0,67208,0,0,282,Giles,DEF,11,HUL,MUN
282,13,7,6,False,2026-08-29T14:00:00Z,0,1,2,False,90,0,0,1,0,0,0,0,0,0,0,0,21,9.6,15.0,2.0,2.7,1,4,1,2,1,0.00,0.07,0.07,1.29,40,8701,90479,12892,4191,282,Giles,DEF,11,HUL,COV
282,25,2,8,True,2026-09-05T16:30:00Z,0,0,3,False,90,0,0,1,0,0,0,0,0,0,0,2,30,14.8,26.4,0.0,4.1,3,5,1,4,1,0.00,0.04,0.04,1.93,40,18469,123114,26812,8343,282,Giles,DEF,11,HUL,AVL
282,33,6,4,False,2026-09-12T14:00:00Z,2,2,4,False,90,0,1,0,2,0,0,0,0,0,0,0,20,32.4,33.5,0.0,6.6,6,2,1,7,1,0.00,0.17,0.17,0.91,40,58990,195043,75912,16922,282,Giles,DEF,11,HUL,CHE
282,46,17,0,False,2026-09-19T14:00:00Z,2,1,5,False,90,0,0,0,2,0,0,0,1,0,0,0,-1,12.2,38.8,0.0,5.1,4,2,1,5,1,0.00,0.08,0.08,1.44,40,118366,326502,141201,22835,282,Giles,DEF,11,HUL,NEW
283,4,16,0,True,2026-08-22T11:30:00Z,2,0,1,False,0,0,0,0,0,0,0,0,0,0,0,0,0,0.0,0.0,0.0,0.0,0,0,0,0,0,0.00,0.00,0.00,0.00,40,0,1251,0,0,283,Jacob,DEF,11,HUL,MUN
283,13,7,0,False,2026-08-29T14:00:00Z,0,1,2,False,0,0,0,0,0,0,0,0,0,0,0,0,0,0.0,0.0,0.0,0.0,0,0,0,0,0,0.00,0.00,0.00,0.00,40,-171,1177,57,228,283,Jacob,DEF,11,HUL,COV
283,25,2,0,True,2026-09-05T16:30:00Z,0,0,3,False,0,0,0,0,0,0,0,0,0,0,0,0,0,0.0,0.0,0.0,0.0,0,0,0,0,0,0.00,0.00,0.00,0.00,40,-153,1068,57,210,283,Jacob,DEF,11,HUL,AVL
283,33,6,0,False,2026-09-12T14:00:00Z,2,2,4,False,0,0,0,0,0,0,0,0,0,0,0,0,0,0.0,0.0,0.0,0.0,0,0,0,0,0,0.00,0.00,0.00,0.00,40,-125,927,0,125,283,Jacob,DEF,11,HUL,CHE
283,46,17,0,False,2026-09-19T14:00:00Z,2,1,5,False,0,0,0,0,0,0,0,0,0,0,0,0,0,0.0,0.0,0.0,0.0,0,0,0,0,0,0.00,0.00,0.00,0.00,40,-94,831,0,94,283,Jacob,DEF,11,HUL,NEW
284,4,16,0,True,2026-08-22T11:30:00Z,2,0,1,False,0,0,0,0,0,0,0,0,0,0,0,0,0,0.0,0.0,0.0,0.0,0,0,0,0,0,0.00,0.00,0.00,0.00,40,0,7616,0,0,284,McCarthy,DEF,11,HUL,MUN
284,13,7,0,False,2026-08-29T14:00:00Z,0,1,2,False,0,0,0,0,0,0,0,0,0,0,0,0,0,0.0,0.0,0.0,0.0,0,0,0,0,0,0.00,0.00,0.00,0.00,40,-284,8232,675,959,284,McCarthy,DEF,11,HUL,COV
284,25,2,0,True,2026-09-05T16:30:00Z,0,0,3,False,0,0,0,0,0,0,0,0,0,0,0,0,0,0.0,0.0,0.0,0.0,0,0,0,0,0,0.00,0.00,0.00,0.00,40,295,9409,1507,1212,284,McCarthy,DEF,11,HUL,AVL
284,33,6,0,False,2026-09-12T14:00:00Z,2,2,4,False,0,0,0,0,0,0,0,0,0,0,0,0,0,0.0,0.0,0.0,0.0,0,0,0,0,0,0.00,0.00,0.00,0.00,40,-54,9522,986,1040,284,McCarthy,DEF,11,HUL,CHE
284,46,17,0,False,2026-09-19T14:00:00Z,2,1,5,False,0,0,0,0,0,0,0,0,0,0,0,0,0,0.0,0.0,0.0,0.0,0,0,0,0,0,0.00,0.00,0.00,0.00,40,425,10301,1366,941,284,McCarthy,DEF,11,HUL,NEW
285,4,16,1,True,2026-08-22T11:30:00Z,2,0,1,False,26,0,0,0,0,0,0,0,0,0,0,0,3,4.2,0.0,0.0,0.4,2,1,0,2,0,0.00,0.00,0.00,0.96,40,0,8697,0,0,285,McNair,DEF,11,HUL,MUN
285,13,7,0,False,2026-08-29T14:00:00Z,0,1,2,False,0,0,0,0,0,0,0,0,0,0,0,0,0,0.0,0.0,0.0,0.0,0,0,0,0,0,0.00,0.00,0.00,0.00,40,-44,13083,646,690,285,McNair,DEF,11,HUL,COV
285,25,2,0,True,2026-09-05T16:30:00Z,0,0,3,False,0,0,0,0,0,0,0,0,0,0,0,0,0,0.0,0.0,0.0,0.0,0,0,0,0,0,0.00,0.00,0.00,0.00,40,-491,13231,1008,1499,285,McNair,DEF,11,HUL,AVL
285,33,6,0,False,2026-09-12T14:00:00Z,2,2,4,False,0,0,0,0,0,0,0,0,0,0,0,0,0,0.0,0.0,0.0,0.0,0,0,0,0,0,0.00,0.00,0.00,0.00,40,-629,12640,574,1203,285,McNair,DEF,11,HUL,CHE
285,46,17,0,False,2026-09-19T14:00:00Z,2,1,5,False,0,0,0,0,0,0,0,0,0,0,0,0,0,0.0,0.0,0.0,0.0,0,0,0,0,0,0.00,0.00,0.00,0.00,40,-192,12664,725,917,285,McNair,DEF,11,HUL,NEW
286,4,16,3,True,2026-08-22T11:30:00Z,2,0,1,False,90,0,0,1,0,0,0,0,0,0,0,0,8,10.6,2.2,7.0,2.0,3,3,4,10,1,0.05,0.03,0.08,1.83,50,0,40446,0,0,286,Belloumi,MID,11,HUL,MUN
286,13,7,6,False,2026-08-29T14:00:00Z,0,1,2,False,82,0,1,1,0,0,0,0,0,0,0,0,23,23.2,12.1,11.0,4.6,3,5,2,10,1,0.12,0.02,0.14,1.11,50,9859,63814,13890,4031,286,Belloumi,MID,11,HUL,COV
286,25,2,5,True,2026-09-05T16:30:00Z,0,0,3,False,81,0,0,1,0,0,0,0,0,0,0,0,15,22.8,12.4,10.0,4.5,8,1,3,12,1,0.03,0.01,0.04,1.93,50,16123,88726,26562,10439,286,Belloumi,MID,11,HUL,AVL
286,33,6,13,False,2026-09-12T14:00:00Z,2,2,4,False,59,2,0,0,1,0,0,0,0,0,0,2,43,68.2,11.7,31.0,11.1,0,0,1,1,1,0.17,0.06,0.23,0.26,50,14908,107667,26566,11658,286,Belloumi,MID,11,HUL,CHE
286,46,17,4,False,2026-09-19T14:00:00Z,2,1,5,False,82,0,1,0,2,0,0,0,1,0,0,0,22,33.0,29.1,41.0,10.3,0,5,6,11,1,0.35,0.31,0.66,1.31,51,329008,497698,362918,33910,286,Belloumi,MID,11,HUL,NEW
287,4,16,0,True,2026-08-22T11:30:00Z,2,0,1,False,19,0,0,0,0,0,0,0,1,0,0,0,2,2.0,0.3,2.0,0.4,1,1,1,3,0,0.00,0.00,0.00,0.67,50,0,6086,0,0,287,Millar,MID,11,HUL,MUN
287,13,7,6,False,2026-08-29T14:00:00Z,0,1,2,False,31,1,0,0,0,0,0,0,0,0,0,0,24,34.0,0.8,13.0,4.8,1,0,0,1,0,0.58,0.00,0.58,0.20,50,-682,6233,305,987,287,Millar,MID,11,HUL,COV
287,25,2,0,True,2026-09-05T16:30:00Z,0,0,3,False,0,0,0,0,0,0,0,0,0,0,0,0,0,0.0,0.0,0.0,0.0,0,0,0,0,0,0.00,0.00,0.00,0.00,50,140,6931,2873,2733,287,Millar,MID,11,HUL,AVL
287,33,6,0,False,2026-09-12T14:00:00Z,2,2,4,False,0,0,0,0,0,0,0,0,0,0,0,0,0,0.0,0.0,0.0,0.0,0,0,0,0,0,0.00,0.00,0.00,0.00,50,-2492,4292,0,2492,287,Millar,MID,11,HUL,CHE
287,46,17,0,False,2026-09-19T14:00:00Z,2,1,5,False,0,0,0,0,0,0,0,0,0,0,0,0,0,0.0,0.0,0.0,0.0,0,0,0,0,0,0.00,0.00,0.00,0.00,50,-1008,3415,0,1008,287,Millar,MID,11,HUL,NEW
288,4,16,0,True,2026-08-22T11:30:00Z,2,0,1,False,0,0,0,0,0,0,0,0,0,0,0,0,0,0.0,0.0,0.0,0.0,0,0,0,0,0,0.00,0.00,0.00,0.00,45,0,35457,0,0,288,Dowell,MID,11,HUL,MUN
288,13,7,0,False,2026-08-29T14:00:00Z,0,1,2,False,0,0,0,0,0,0,0,0,0,0,0,0,0,0.0,0.0,0.0,0.0,0,0,0,0,0,0.00,0.00,0.00,0.00,45,-2542,35966,1716,4258,288,Dowell,MID,11,HUL,COV
288,25,2,0,True,2026-09-05T16:30:00Z,0,0,3,False,0,0,0,0,0,0,0,0,0,0,0,0,0,0.0,0.0,0.0,0.0,0,0,0,0,0,0.00,0.00,0.00,0.00,45,-165,37923,5767,5932,288,Dowell,MID,11,HUL,AVL
288,33,6,0,False,2026-09-12T14:00:00Z,2,2,4,False,0,0,0,0,0,0,0,0,0,0,0,0,0,0.0,0.0,0.0,0.0,0,0,0,0,0,0.00,0.00,0.00,0.00,45,-2198,35795,2721,4919,288,Dowell,MID,11,HUL,CHE
288,46,17,0,False,2026-09-19T14:00:00Z,2,1,5,False,0,0,0,0,0,0,0,0,0,0,0,0,0,0.0,0.0,0.0,0.0,0,0,0,0,0,0.00,0.00,0.00,0.00,45,-2921,33164,1553,4474,288,Dowell,MID,11,HUL,NEW
289,4,16,2,True,2026-08-22T11:30:00Z,2,0,1,False,90,0,0,1,0,0,0,0,1,0,0,0,9,19.0,2.4,0.0,2.1,4,1,4,9,1,0.00,0.00,0.00,1.83,45,0,57929,0,0,289,Crooks,MID,11,HUL,MUN
289,13,7,0,False,2026-08-29T14:00:00Z,0,1,2,False,0,0,0,0,0,0,0,0,0,0,0,0,0,0.0,0.0,0.0,0.0,0,0,0,0,0,0.00,0.00,0.00,0.00,45,4451,71261,10141,5690,289,Crooks,MID,11,HUL,COV
289,25,2,0,True,2026-09-05T16:30:00Z,0,0,3,False,0,0,0,0,0,0,0,0,0,0,0,0,0,0.0,0.0,0.0,0.0,0,0,0,0,0,0.00,0.00,0.00,0.00,45,-12365,57596,2885,15250,289,Crooks,MID,11,HUL,AVL
289,33,6,1,False,2026-09-12T14:00:00Z,2,2,4,False,68,0,0,0,2,0,0,0,1,0,0,0,2,11.0,0.4,0.0,1.1,5,3,2,10,1,0.00,0.00,0.00,0.55,45,-6726,52575,2257,8983,289,Crooks,MID,11,HUL,CHE
289,46,17,0,False,2026-09-19T14:00:00Z,2,1,5,False,45,0,0,0,2,0,0,0,1,0,0,0,6,7.8,14.5,0.0,2.2,0,0,2,2,1,0.00,0.12,0.12,1.19,45,-2230,51411,4076,6306,289,Crooks,MID,11,HUL,NEW
290,4,16,6,True,2026-08-22T11:30:00Z,2,0,1,False,90,0,1,1,0,0,0,0,0,0,0,0,20,18.4,19.3,0.0,3.8,0,2,1,3,1,0.00,0.44,0.44,1.83,45,0,272889,0,0,290,Slater,MID,11,HUL,MUN
290,13,7,2,False,2026-08-29T14:00:00Z,0,1,2,False,90,0,0,1,0,0,0,0,1,0,0,0,6,9.8,2.8,2.0,1.5,2,4,4,10,1,0.00,0.01,0.01,1.29,45,69997,391444,92371,22374,290,Slater,MID,11,HUL,COV
290,25,2,3,True,2026-09-05T16:30:00Z,0,0,3,False,90,0,0,1,0,0,0,0,0,0,0,0,10,10.6,12.3,8.0,3.1,3,2,1,6,1,0.04,0.01,0.05,1.93,45,91326,523606,157568,66242,290,Slater,MID,11,HUL,AVL
290,33,6,2,False,2026-09-12T14:00:00Z,2,2,4,False,90,0,0,0,2,0,0,0,0,0,0,0,22,19.2,26.9,7.0,5.3,3,5,3,11,1,0.04,0.10,0.14,0.91,45,81497,601956,170308,88811,290,Slater,MID,11,HUL,CHE
290,46,17,2,False,2026-09-19T14:00:00Z,2,1,5,False,77,0,0,0,2,0,0,0,0,0,0,0,9,4.2,23.8,9.0,3.7,1,2,0,3,1,0.13,0.03,0.16,1.31,45,-886,597244,62686,63572,290,Slater,MID,11,HUL,NEW
291,4,16,0,True,2026-08-22T11:30:00Z,2,0,1,False,0,0,0,0,0,0,0,0,0,0,0,0,0,0.0,0.0,0.0,0.0,0,0,0,0,0,0.00,0.00,0.00,0.00,45,0,600,0,0,291,Matazo,MID,11,HUL,MUN
291,13,7,0,False,2026-08-29T14:00:00Z,0,1,2,False,0,0,0,0,0,0,0,0,0,0,0,0,0,0.0,0.0,0.0,0.0,0,0,0,0,0,0.00,0.00,0.00,0.00,45,-32,625,64,96,291,Matazo,MID,11,HUL,COV
291,25,2,0,True,2026-09-05T16:30:00Z,0,0,3,False,0,0,0,0,0,0,0,0,0,0,0,0,0,0.0,0.0,0.0,0.0,0,0,0,0,0,0.00,0.00,0.00,0.00,45,-33,637,103,136,291,Matazo,MID,11,HUL,AVL
291,33,6,0,False,2026-09-12T14:00:00Z,2,2,4,False,0,0,0,0,0,0,0,0,0,0,0,0,0,0.0,0.0,0.0,0.0,0,0,0,0,0,0.00,0.00,0.00,0.00,45,1,664,117,116,291,Matazo,MID,11,HUL,CHE
291,46,17,0,False,2026-09-19T14:00:00Z,2,1,5,False,0,0,0,0,0,0,0,0,0,0,0,0,0,0.0,0.0,0.0,0.0,0,0,0,0,0,0.00,0.00,0.00,0.00,45,-23,638,67,90,291,Matazo,MID,11,HUL,NEW
292,4,16,0,True,2026-08-22T11:30:00Z,2,0,1,False,0,0,0,0,0,0,0,0,0,0,0,0,0,0.0,0.0,0.0,0.0,0,0,0,0,0,0.00,0.00,0.00,0.00,50,0,1546,0,0,292,Ömür,MID,11,HUL,MUN
292,13,7,0,False,2026-08-29T14:00:00Z,0,1,2,False,0,0,0,0,0,0,0,0,0,0,0,0,0,0.0,0.0,0.0,0.0,0,0,0,0,0,0.00,0.00,0.00,0.00,50,-178,1668,209,387,292,Ömür,MID,11,HUL,COV
292,25,2,0,True,2026-09-05T16:30:00Z,0,0,3,False,0,0,0,0,0,0,0,0,0,0,0,0,0,0.0,0.0,0.0,0.0,0,0,0,0,0,0.00,0.00,0.00,0.00,49,-131,1697,323,454,292,Ömür,MID,11,HUL,AVL
292,33,6,0,False,2026-09-12T14:00:00Z,2,2,4,False,0,0,0,0,0,0,0,0,0,0,0,0,0,0.0,0.0,0.0,0.0,0,0,0,0,0,0.00,0.00,0.00,0.00,49,-30,1763,298,328,292,Ömür,MID,11,HUL,CHE
292,46,17,0,False,2026-09-19T14:00:00Z,2,1,5,False,0,0,0,0,0,0,0,0,0,0,0,0,0,0.0,0.0,0.0,0.0,0,0,0,0,0,0.00,0.00,0.00,0.00,49,-24,1845,288,312,292,Ömür,MID,11,HUL,NEW
293,4,16,0,True,2026-08-22T11:30:00Z,2,0,1,False,0,0,0,0,0,0,0,0,0,0,0,0,0,0.0,0.0,0.0,0.0,0,0,0,0,0,0.00,0.00,0.00,0.00,50,0,555,0,0,293,Kamara,MID,11,HUL,MUN
293,13,7,0,False,2026-08-29T14:00:00Z,0,1,2,False,0,0,0,0,0,0,0,0,0,0,0,0,0,0.0,0.0,0.0,0.0,0,0,0,0,0,0.00,0.00,0.00,0.00,50,-197,353,0,197,293,Kamara,MID,11,HUL,COV
293,25,2,0,True,2026-09-05T16:30:00Z,0,0,3,False,0,0,0,0,0,0,0,0,0,0,0,0,0,0.0,0.0,0.0,0.0,0,0,0,0,0,0.00,0.00,0.00,0.00,50,-96,258,0,96,293,Kamara,MID,11,HUL,AVL
293,33,6,0,False,2026-09-12T14:00:00Z,2,2,4,False,0,0,0,0,0,0,0,0,0,0,0,0,0,0.0,0.0,0.0,0.0,0,0,0,0,0,0.00,0.00,0.00,0.00,50,-47,215,0,47,293,Kamara,MID,11,HUL,CHE
293,46,17,0,False,2026-09-19T14:00:00Z,2,1,5,False,0,0,0,0,0,0,0,0,0,0,0,0,0,0.0,0.0,0.0,0.0,0,0,0,0,0,0.00,0.00,0.00,0.00,50,-22,193,0,22,293,Kamara,MID,11,HUL,NEW
294,4,16,0,True,2026-08-22T11:30:00Z,2,0,1,False,0,0,0,0,0,0,0,0,0,0,0,0,0,0.0,0.0,0.0,0.0,0,0,0,0,0,0.00,0.00,0.00,0.00,45,0,10995,0,0,294,Zambrano,MID,11,HUL,MUN
294,13,7,0,False,2026-08-29T14:00:00Z,0,1,2,False,0,0,0,0,0,0,0,0,0,0,0,0,0,0.0,0.0,0.0,0.0,0,0,0,0,0,0.00,0.00,0.00,0.00,45,-1658,10090,491,2149,294,Zambrano,MID,11,HUL,COV
294,25,2,0,True,2026-09-05T16:30:00Z,0,0,3,False,0,0,0,0,0,0,0,0,0,0,0,0,0,0.0,0.0,0.0,0.0,0,0,0,0,0,0.00,0.00,0.00,0.00,45,-1263,9216,645,1908,294,Zambrano,MID,11,HUL,AVL
294,33,6,0,False,2026-09-12T14:00:00Z,2,2,4,False,0,0,0,0,0,0,0,0,0,0,0,0,0,0.0,0.0,0.0,0.0,0,0,0,0,0,0.00,0.00,0.00,0.00,45,258,10293,1379,1121,294,Zambrano,MID,11,HUL,CHE
294,46,17,0,False,2026-09-19T14:00:00Z,2,1,5,False,0,0,0,0,0,0,0,0,0,0,0,0,0,0.0,0.0,0.0,0.0,0,0,0,0,0,0.00,0.00,0.00,0.00,45,63,10217,1214,1151,294,Zambrano,MID,11,HUL,NEW
295,4,16,5,True,2026-08-22T11:30:00Z,2,0,1,False,90,0,1,1,0,0,0,0,0,0,0,0,21,17.2,21.1,52.0,9.0,3,2,0,5,1,0.16,0.01,0.17,1.83,55,0,113765,0,0,295,McBurnie,FWD,11,HUL,MUN
295,13,7,1,False,2026-08-29T14:00:00Z,0,1,2,False,90,0,0,1,0,0,0,0,1,0,0,0,7,0.8,13.3,8.0,2.2,0,4,0,4,1,0.00,0.01,0.01,1.29,55,66700,219548,82641,15941,295,McBurnie,FWD,11,HUL,COV
295,25,2,2,True,2026-09-05T16:30:00Z,0,0,3,False,90,0,0,1,0,0,0,0,0,0,0,0,2,2.6,11.3,15.0,2.9,1,0,2,3,1,0.38,0.05,0.43,1.93,55,-9368,211366,40632,50000,295,McBurnie,FWD,11,HUL,AVL
295,33,6,4,False,2026-09-12T14:00:00Z,2,2,4,False,81,0,1,0,2,0,0,0,1,0,0,0,17,23.6,10.8,19.0,5.3,2,0,1,3,1,0.33,0.04,0.37,0.72,55,-18516,198314,22215,40731,295,McBurnie,FWD,11,HUL,CHE
295,46,17,1,False,2026-09-19T14:00:00Z,2,1,5,False,90,0,0,0,2,0,0,0,1,0,0,0,5,3.0,12.6,20.0,3.6,3,3,0,6,1,0.36,0.02,0.38,1.44,55,6823,213941,35498,28675,295,McBurnie,FWD,11,HUL,NEW
296,4,16,0,True,2026-08-22T11:30:00Z,2,0,1,False,0,0,0,0,0,0,0,0,0,0,0,0,0,0.0,0.0,0.0,0.0,0,0,0,0,0,0.00,0.00,0.00,0.00,50,0,3400,0,0,296,Akintola,MID,11,HUL,MUN
296,13,7,0,False,2026-08-29T14:00:00Z,0,1,2,False,0,0,0,0,0,0,0,0,0,0,0,0,0,0.0,0.0,0.0,0.0,0,0,0,0,0,0.00,0.00,0.00,0.00,50,-26,4113,914,940,296,Akintola,MID,11,HUL,COV
296,25,2,0,True,2026-09-05T16:30:00Z,0,0,3,False,0,0,0,0,0,0,0,0,0,0,0,0,0,0.0,0.0,0.0,0.0,0,0,0,0,0,0.00,0.00,0.00,0.00,50,-67,4439,1268,1335,296,Akintola,MID,11,HUL,AVL
296,33,6,0,False,2026-09-12T14:00:00Z,2,2,4,False,0,0,0,0,0,0,0,0,0,0,0,0,0,0.0,0.0,0.0,0.0,0,0,0,0,0,0.00,0.00,0.00,0.00,50,-603,3894,522,1125,296,Akintola,MID,11,HUL,CHE
296,46,17,0,False,2026-09-19T14:00:00Z,2,1,5,False,0,0,0,0,0,0,0,0,0,0,0,0,0,0.0,0.0,0.0,0.0,0,0,0,0,0,0.00,0.00,0.00,0.00,50,-1213,2690,0,1213,296,Akintola,MID,11,HUL,NEW
297,4,16,0,True,2026-08-22T11:30:00Z,2,0,1,False,0,0,0,0,0,0,0,0,0,0,0,0,0,0.0,0.0,0.0,0.0,0,0,0,0,0,0.00,0.00,0.00,0.00,45,0,2774,0,0,297,Gyabi,MID,11,HUL,MUN
297,13,7,0,False,2026-08-29T14:00:00Z,0,1,2,False,0,0,0,0,0,0,0,0,0,0,0,0,0,0.0,0.0,0.0,0.0,0,0,0,0,0,0.00,0.00,0.00,0.00,45,-462,2377,64,526,297,Gyabi,MID,11,HUL,COV
297,25,2,0,True,2026-09-05T16:30:00Z,0,0,3,False,0,0,0,0,0,0,0,0,0,0,0,0,0,0.0,0.0,0.0,0.0,0,0,0,0,0,0.00,0.00,0.00,0.00,45,-302,2158,141,443,297,Gyabi,MID,11,HUL,AVL
297,33,6,0,False,2026-09-12T14:00:00Z,2,2,4,False,0,0,0,0,0,0,0,0,0,0,0,0,0,0.0,0.0,0.0,0.0,0,0,0,0,0,0.00,0.00,0.00,0.00,45,-159,2036,123,282,297,Gyabi,MID,11,HUL,CHE
297,46,17,0,False,2026-09-19T14:00:00Z,2,1,5,False,0,0,0,0,0,0,0,0,0,0,0,0,0,0.0,0.0,0.0,0.0,0,0,0,0,0,0.00,0.00,0.00,0.00,45,-156,1875,61,217,297,Gyabi,MID,11,HUL,NEW
298,4,16,0,True,2026-08-22T11:30:00Z,2,0,1,False,0,0,0,0,0,0,0,0,0,0,0,0,0,0.0,0.0,0.0,0.0,0,0,0,0,0,0.00,0.00,0.00,0.00,45,0,40958,0,0,298,Destan,FWD,11,HUL,MUN
298,13,7,0,False,2026-08-29T14:00:00Z,0,1,2,False,0,0,0,0,0,0,0,0,0,0,0,0,0,0.0,0.0,0.0,0.0,0,0,0,0,0,0.00,0.00,0.00,0.00,45,-8866,31698,0,8866,298,Destan,FWD,11,HUL,COV
298,25,2,0,True,2026-09-05T16:30:00Z,0,0,3,False,0,0,0,0,0,0,0,0,0,0,0,0,0,0.0,0.0,0.0,0.0,0,0,0,0,0,0.00,0.00,0.00,0.00,45,-5574,26020,0,5574,298,Destan,FWD,11,HUL,AVL
298,33,6,0,False,2026-09-12T14:00:00Z,2,2,4,False,0,0,0,0,0,0,0,0,0,0,0,0,0,0.0,0.0,0.0,0.0,0,0,0,0,0,0.00,0.00,0.00,0.00,45,-3752,22427,0,3752,298,Destan,FWD,11,HUL,CHE
298,46,17,0,False,2026-09-19T14:00:00Z,2,1,5,False,0,0,0,0,0,0,0,0,0,0,0,0,0,0.0,0.0,0.0,0.0,0,0,0,0,0,0.00,0.00,0.00,0.00,45,-2761,19933,0,2761,298,Destan,FWD,11,HUL,NEW
299,4,16,0,True,2026-08-22T11:30:00Z,2,0,1,False,0,0,0,0,0,0,0,0,0,0,0,0,0,0.0,0.0,0.0,0.0,0,0,0,0,0,0.00,0.00,0.00,0.00,45,0,6401,0,0,299,Burstow,FWD,11,HUL,MUN
299,13,7,0,False,2026-08-29T14:00:00Z,0,1,2,False,0,0,0,0,0,0,0,0,0,0,0,0,0,0.0,0.0,0.0,0.0,0,0,0,0,0,0.00,0.00,0.00,0.00,45,-1210,5122,0,1210,299,Burstow,FWD,11,HUL,COV
299,25,2,0,True,2026-09-05T16:30:00Z,0,0,3,False,0,0,0,0,0,0,0,0,0,0,0,0,0,0.0,0.0,0.0,0.0,0,0,0,0,0,0.00,0.00,0.00,0.00,45,-778,4321,0,778,299,Burstow,FWD,11,HUL,AVL
299,33,6,0,False,2026-09-12T14:00:00Z,2,2,4,False,0,0,0,0,0,0,0,0,0,0,0,0,0,0.0,0.0,0.0,0.0,0,0,0,0,0,0.00,0.00,0.00,0.00,45,-497,3872,0,497,299,Burstow,FWD,11,HUL,CHE
299,46,17,0,False,2026-09-19T14:00:00Z,2,1,5,False,0,0,0,0,0,0,0,0,0,0,0,0,0,0.0,0.0,0.0,0.0,0,0,0,0,0,0.00,0.00,0.00,0.00,45,-365,3535,0,365,299,Burstow,FWD,11,HUL,NEW
340,4,16,0,True,2026-08-22T11:30:00Z,2,0,1,False,0,0,0,0,0,0,0,0,0,0,0,0,0,0.0,0.0,0.0,0.0,0,0,0,0,0,0.00,0.00,0.00,0.00,50,0,1365,0,0,340,Gelhardt,MID,11,HUL,MUN
340,13,7,0,False,2026-08-29T14:00:00Z,0,1,2,False,0,0,0,0,0,0,0,0,0,0,0,0,0,0.0,0.0,0.0,0.0,0,0,0,0,0,0.00,0.00,0.00,0.00,50,-243,1160,45,288,340,Gelhardt,MID,11,HUL,COV
340,25,2,0,True,2026-09-05T16:30:00Z,0,0,3,False,0,0,0,0,0,0,0,0,0,0,0,0,0,0.0,0.0,0.0,0.0,0,0,0,0,0,0.00,0.00,0.00,0.00,50,-124,1068,99,223,340,Gelhardt,MID,11,HUL,AVL
340,33,6,0,False,2026-09-12T14:00:00Z,2,2,4,False,0,0,0,0,0,0,0,0,0,0,0,0,0,0.0,0.0,0.0,0.0,0,0,0,0,0,0.00,0.00,0.00,0.00,50,22,1173,185,163,340,Gelhardt,MID,11,HUL,CHE
340,46,17,1,False,2026-09-19T14:00:00Z,2,1,5,False,7,0,0,0,0,0,0,0,0,0,0,0,5,1.6,1.3,12.0,1.5,0,1,0,1,0,0.10,0.02,0.12,0.13,50,48,1289,281,233,340,Gelhardt,MID,11,HUL,NEW
556,4,16,1,True,2026-08-22T11:30:00Z,2,0,1,False,5,0,0,0,0,0,0,0,0,0,0,0,3,0.4,0.0,0.0,0.0,0,1,0,0,0,0.00,0.00,0.00,0.07,40,0,218902,0,0,556,Targett,DEF,11,HUL,MUN
556,13,7,0,False,2026-08-29T14:00:00Z,0,1,2,False,0,0,0,0,0,0,0,0,0,0,0,0,0,0.0,0.0,0.0,0.0,0,0,0,0,0,0.00,0.00,0.00,0.00,40,-10048,224749,5393,15441,556,Targett,DEF,11,HUL,COV
556,25,2,0,True,2026-09-05T16:30:00Z,0,0,3,False,0,0,0,0,0,0,0,0,0,0,0,0,0,0.0,0.0,0.0,0.0,0,0,0,0,0,0.00,0.00,0.00,0.00,40,-12694,218007,10419,23113,556,Targett,DEF,11,HUL,AVL
556,33,6,0,False,2026-09-12T14:00:00Z,2,2,4,False,0,0,0,0,0,0,0,0,0,0,0,0,0,0.0,0.0,0.0,0.0,0,0,0,0,0,0.00,0.00,0.00,0.00,40,-14007,203969,5238,19245,556,Targett,DEF,11,HUL,CHE
556,46,17,0,False,2026-09-19T14:00:00Z,2,1,5,False,0,0,0,0,0,0,0,0,0,0,0,0,0,0.0,0.0,0.0,0.0,0,0,0,0,0,0.00,0.00,0.00,0.00,40,-15803,187250,3674,19477,556,Targett,DEF,11,HUL,NEW
563,4,16,0,True,2026-08-22T11:30:00Z,2,0,1,False,0,0,0,0,0,0,0,0,0,0,0,0,0,0.0,0.0,0.0,0.0,0,0,0,0,0,0.00,0.00,0.00,0.00,50,0,2175,0,0,563,Morita,MID,11,HUL,MUN
563,13,7,1,False,2026-08-29T14:00:00Z,0,1,2,False,45,0,0,0,0,0,0,0,0,0,0,0,6,11.0,13.4,0.0,2.4,2,1,0,3,1,0.00,0.00,0.00,1.09,50,-210,2129,118,328,563,Morita,MID,11,HUL,COV
563,25,2,0,True,2026-09-05T16:30:00Z,0,0,3,False,0,0,0,0,0,0,0,0,0,0,0,0,0,0.0,0.0,0.0,0.0,0,0,0,0,0,0.00,0.00,0.00,0.00,50,104,2482,421,317,563,Morita,MID,11,HUL,AVL
563,33,6,0,False,2026-09-12T14:00:00Z,2,2,4,False,0,0,0,0,0,0,0,0,0,0,0,0,0,0.0,0.0,0.0,0.0,0,0,0,0,0,0.00,0.00,0.00,0.00,50,-369,2165,141,510,563,Morita,MID,11,HUL,CHE
563,46,17,0,False,2026-09-19T14:00:00Z,2,1,5,False,0,0,0,0,0,0,0,0,0,0,0,0,0,0.0,0.0,0.0,0.0,0,0,0,0,0,0.00,0.00,0.00,0.00,50,-418,1759,23,441,563,Morita,MID,11,HUL,NEW
572,4,16,10,True,2026-08-22T11:30:00Z,2,0,1,False,90,0,0,1,0,0,0,0,0,0,5,3,41,34.6,0.0,0.0,3.5,0,22,0,0,1,0.00,0.00,0.00,1.83,45,0,48305,0,0,572,Tzolakis,GK,11,HUL,MUN
572,13,7,10,False,2026-08-29T14:00:00Z,0,1,2,False,90,0,0,1,0,0,0,0,0,0,3,3,32,26.2,0.0,0.0,2.6,0,11,0,0,1,0.00,0.00,0.00,1.29,45,89555,301344,101970,12415,572,Tzolakis,GK,11,HUL,COV
572,25,2,6,True,2026-09-05T16:30:00Z,0,0,3,False,90,0,0,1,0,0,0,0,0,0,1,0,25,11.6,0.0,0.0,1.2,0,10,0,0,1,0.00,0.00,0.00,1.93,46,306909,857252,367782,60873,572,Tzolakis,GK,11,HUL,AVL
572,33,6,2,False,2026-09-12T14:00:00Z,2,2,4,False,90,0,0,0,2,0,0,0,0,0,5,0,15,29.4,0.0,0.0,2.9,2,15,0,0,1,0.00,0.00,0.00,0.91,46,171110,1074132,238858,67748,572,Tzolakis,GK,11,HUL,CHE
572,46,17,6,False,2026-09-19T14:00:00Z,2,1,5,False,90,0,0,0,2,0,1,0,1,0,3,0,16,48.2,0.0,0.0,4.8,0,11,1,0,1,0.00,0.00,0.00,1.44,46,108104,1243266,162718,54614,572,Tzolakis,GK,11,HUL,NEW
574,4,16,0,True,2026-08-22T11:30:00Z,2,0,1,False,0,0,0,0,0,0,0,0,0,0,0,0,0,0.0,0.0,0.0,0.0,0,0,0,0,0,0.00,0.00,0.00,0.00,50,0,7500,0,0,574,Hjertø-Dahl,MID,11,HUL,MUN
574,13,7,0,False,2026-08-29T14:00:00Z,0,1,2,False,0,0,0,0,0,0,0,0,0,0,0,0,0,0.0,0.0,0.0,0.0,0,0,0,0,0,0.00,0.00,0.00,0.00,50,-662,7716,307,969,574,Hjertø-Dahl,MID,11,HUL,COV
574,25,2,1,True,2026-09-05T16:30:00Z,0,0,3,False,8,0,0,0,0,0,0,0,0,0,0,0,4,0.0,0.0,0.0,0.0,0,1,0,1,0,0.00,0.00,0.00,0.00,50,-1139,6691,321,1460,574,Hjertø-Dahl,MID,11,HUL,AVL
574,33,6,0,False,2026-09-12T14:00:00Z,2,2,4,False,0,0,0,0,0,0,0,0,0,0,0,0,0,0.0,0.0,0.0,0.0,0,0,0,0,0,0.00,0.00,0.00,0.00,49,-421,6454,444,865,574,Hjertø-Dahl,MID,11,HUL,CHE
574,46,17,0,False,2026-09-19T14:00:00Z,2,1,5,False,0,0,0,0,0,0,0,0,0,0,0,0,0,0.0,0.0,0.0,0.0,0,0,0,0,0,0.00,0.00,0.00,0.00,49,-537,6046,289,826,574,Hjertø-Dahl,MID,11,HUL,NEW
576,4,16,3,True,2026-08-22T11:30:00Z,2,0,1,False,70,0,0,1,0,0,0,0,0,0,0,0,11,8.4,4.8,0.0,1.3,1,2,3,6,1,0.00,0.03,0.03,1.16,50,0,6733,0,0,576,Stroud,MID,11,HUL,MUN
576,13,7,0,False,2026-08-29T14:00:00Z,0,1,2,False,58,0,0,0,0,0,0,0,1,0,0,0,-2,0.0,4.3,7.0,0.9,2,5,0,7,1,0.01,0.01,0.02,1.09,50,833,9465,1430,597,576,Stroud,MID,11,HUL,COV
576,25,2,3,True,2026-09-05T16:30:00Z,0,0,3,False,62,0,0,1,0,0,0,0,0,0,0,0,5,0.0,11.8,4.0,1.4,0,2,0,2,1,0.04,0.01,0.05,1.81,50,-916,8900,770,1686,576,Stroud,MID,11,HUL,AVL
576,33,6,1,False,2026-09-12T14:00:00Z,2,2,4,False,59,0,0,0,1,0,0,0,0,0,0,0,3,0.0,1.8,1.0,0.2,0,3,2,5,1,0.01,0.00,0.01,0.26,50,-410,8779,621,1031,576,Stroud,MID,11,HUL,CHE
576,46,17,0,False,2026-09-19T14:00:00Z,2,1,5,False,0,0,0,0,0,0,0,0,0,0,0,0,0,0.0,0.0,0.0,0.0,0,0,0,0,0,0.00,0.00,0.00,0.00,50,-208,8823,701,909,576,Stroud,MID,11,HUL,NEW
585,4,16,1,True,2026-08-22T11:30:00Z,2,0,1,False,26,0,0,0,0,0,0,0,0,0,0,0,4,8.0,0.0,0.0,0.8,4,0,0,4,0,0.00,0.00,0.00,0.96,40,0,53978,0,0,585,Herrington,DEF,11,HUL,MUN
585,13,7,1,False,2026-08-29T14:00:00Z,0,1,2,False,31,0,0,0,0,0,0,0,0,0,0,0,3,3.0,0.2,0.0,0.3,1,0,0,1,0,0.00,0.00,0.00,0.20,40,-831,63919,2771,3602,585,Herrington,DEF,11,HUL,COV
585,25,2,1,True,2026-09-05T16:30:00Z,0,0,3,False,19,0,0,0,0,0,0,0,0,0,0,0,2,6.6,0.1,0.0,0.7,1,1,1,2,0,0.00,0.00,0.00,0.12,40,-1665,64658,3434,5099,585,Herrington,DEF,11,HUL,AVL
585,33,6,1,False,2026-09-12T14:00:00Z,2,2,4,False,31,0,0,0,1,0,0,0,0,0,0,0,-1,1.6,0.4,0.0,0.2,1,0,0,1,0,0.00,0.01,0.01,0.64,40,-2456,62794,2136,4592,585,Herrington,DEF,11,HUL,CHE
585,46,17,1,False,2026-09-19T14:00:00Z,2,1,5,False,90,0,0,0,2,0,0,0,0,0,0,0,11,23.6,22.4,11.0,5.7,7,5,1,8,1,0.02,0.03,0.05,1.44,40,-136,63742,3458,3594,585,Herrington,DEF,11,HUL,NEW
586,4,16,15,True,2026-08-22T11:30:00Z,2,0,1,False,63,1,0,1,0,0,0,0,0,0,0,1,35,51.8,0.6,33.0,8.5,13,2,0,13,1,0.28,0.00,0.28,0.86,40,0,92688,0,0,586,Mendy,DEF,11,HUL,MUN
586,13,7,1,False,2026-08-29T14:00:00Z,0,1,2,False,58,0,0,0,0,0,0,0,0,0,0,0,9,27.6,0.0,7.0,3.5,7,2,2,9,1,0.01,0.00,0.01,1.09,40,160120,418634,179580,19460,586,Mendy,DEF,11,HUL,COV
586,25,2,8,True,2026-09-05T16:30:00Z,0,0,3,False,70,0,0,1,0,0,0,0,0,0,0,0,22,16.2,0.6,14.0,3.1,7,2,3,10,1,0.03,0.00,0.03,1.81,40,98035,619201,166798,68763,586,Mendy,DEF,11,HUL,AVL
586,33,6,1,False,2026-09-12T14:00:00Z,2,2,4,False,58,0,0,0,1,0,0,0,0,0,0,0,3,12.6,0.2,0.0,1.3,5,0,2,7,1,0.00,0.00,0.00,0.26,41,246029,895270,316492,70463,586,Mendy,DEF,11,HUL,CHE
586,46,17,0,False,2026-09-19T14:00:00Z,2,1,5,False,0,0,0,0,0,0,0,0,0,0,0,0,0,0.0,0.0,0.0,0.0,0,0,0,0,0,0.00,0.00,0.00,0.00,41,-152875,693276,13422,166297,586,Mendy,DEF,11,HUL,NEW
589,4,16,0,True,2026-08-22T11:30:00Z,2,0,1,False,0,0,0,0,0,0,0,0,0,0,0,0,0,0.0,0.0,0.0,0.0,0,0,0,0,0,0.00,0.00,0.00,0.00,50,0,2352,0,0,589,Gourna-Douath,MID,11,HUL,MUN
589,13,7,1,False,2026-08-29T14:00:00Z,0,1,2,False,45,0,0,0,0,0,0,0,0,0,0,0,6,12.8,0.9,0.0,1.4,1,2,3,6,0,0.00,0.01,0.01,0.20,50,-178,2781,135,313,589,Gourna-Douath,MID,11,HUL,COV
589,25,2,2,True,2026-09-05T16:30:00Z,0,0,3,False,81,0,0,1,0,0,0,0,1,0,0,0,7,13.4,21.6,0.0,3.5,4,5,1,10,1,0.00,0.01,0.01,1.93,50,-134,2738,213,347,589,Gourna-Douath,MID,11,HUL,AVL
589,33,6,0,False,2026-09-12T14:00:00Z,2,2,4,False,0,0,0,0,0,0,0,0,0,0,0,0,0,0.0,0.0,0.0,0.0,0,0,0,0,0,0.00,0.00,0.00,0.00,50,-111,2686,172,283,589,Gourna-Douath,MID,11,HUL,CHE
589,46,17,1,False,2026-09-19T14:00:00Z,2,1,5,False,12,0,0,0,0,0,0,0,0,0,0,0,5,3.2,11.0,2.0,1.6,0,0,1,1,0,0.03,0.01,0.04,0.13,50,-143,2600,149,292,589,Gourna-Douath,MID,11,HUL,NEW
617,13,7,1,False,2026-08-29T14:00:00Z,0,1,2,False,7,0,0,0,0,0,0,0,0,0,0,0,3,0.4,0.3,0.0,0.1,0,0,0,0,0,0.00,0.00,0.00,0.18,50,23,49,25,2,617,Cho,MID,11,HUL,COV
617,25,2,1,True,2026-09-05T16:30:00Z,0,0,3,False,8,0,0,0,0,0,0,0,0,0,0,0,5,3.0,0.0,17.0,2.0,0,0,0,0,0,0.05,0.00,0.05,0.00,50,482,871,671,189,617,Cho,MID,11,HUL,AVL
617,33,6,1,False,2026-09-12T14:00:00Z,2,2,4,False,30,0,0,0,1,0,0,0,0,0,0,0,3,7.2,18.5,21.0,4.7,1,1,0,2,0,0.47,0.16,0.63,0.64,50,147,1116,339,192,617,Cho,MID,11,HUL,CHE
617,46,17,6,False,2026-09-19T14:00:00Z,2,1,5,False,27,1,0,0,0,0,0,0,0,0,0,0,25,39.2,25.1,17.0,8.1,0,0,0,0,0,0.27,0.20,0.47,0.16,50,172,1422,401,229,617,Cho,MID,11,HUL,NEW
632,25,2,0,True,2026-09-05T16:30:00Z,0,0,3,False,0,0,0,0,0,0,0,0,0,0,0,0,0,0.0,0.0,0.0,0.0,0,0,0,0,0,0.00,0.00,0.00,0.00,50,2012,2839,2222,210,632,Ansah,FWD,11,HUL,AVL
632,33,6,0,False,2026-09-12T14:00:00Z,2,2,4,False,0,0,0,0,0,0,0,0,0,0,0,0,0,0.0,0.0,0.0,0.0,0,0,0,0,0,0.00,0.00,0.00,0.00,50,1122,4222,2674,1552,632,Ansah,FWD,11,HUL,CHE
632,46,17,0,False,2026-09-19T14:00:00Z,2,1,5,False,0,0,0,0,0,0,0,0,0,0,0,0,0,0.0,0.0,0.0,0.0,0,0,0,0,0,0.00,0.00,0.00,0.00,50,-1167,3032,151,1318,632,Ansah,FWD,11,HUL,NEW
637,25,2,0,True,2026-09-05T16:30:00Z,0,0,3,False,0,0,0,0,0,0,0,0,0,0,0,0,0,0.0,0.0,0.0,0.0,0,0,0,0,0,0.00,0.00,0.00,0.00,50,1405,2077,1607,202,637,Vaz,FWD,11,HUL,AVL
637,33,6,1,False,2026-09-12T14:00:00Z,2,2,4,False,8,0,0,0,0,0,0,0,0,0,0,0,3,0.0,0.5,0.0,0.0,0,1,0,1,0,0.00,0.00,0.00,0.18,50,2411,5168,3312,901,637,Vaz,FWD,11,HUL,CHE
637,46,17,1,False,2026-09-19T14:00:00Z,2,1,5,False,12,0,0,0,0,0,0,0,0,0,0,0,5,2.4,11.2,2.0,1.6,0,1,0,1,0,0.00,0.01,0.01,0.13,50,3868,10422,5586,1718,637,Vaz,FWD,11,HUL,NEW
638,25,2,1,True,2026-09-05T16:30:00Z,0,0,3,False,26,0,0,0,0,0,0,0,0,0,0,0,3,2.2,0.3,2.0,0.5,1,2,0,1,0,0.00,0.00,0.00,0.12,40,5681,17629,6454,773,638,Norton-Cuffy,DEF,11,HUL,AVL
638,33,6,0,False,2026-09-12T14:00:00Z,2,2,4,False,8,0,0,0,0,0,0,0,1,0,0,0,0,0.0,0.3,7.0,0.7,0,2,0,0,0,0.05,0.00,0.05,0.18,40,10672,34986,14148,3476,638,Norton-Cuffy,DEF,11,HUL,CHE
638,46,17,0,False,2026-09-19T14:00:00Z,2,1,5,False,0,0,0,0,0,0,0,0,0,0,0,0,0,0.0,0.0,0.0,0.0,0,0,0,0,0,0.00,0.00,0.00,0.00,40,1437,29384,5014,3577,638,Norton-Cuffy,DEF,11,HUL,NEW
642,25,2,1,True,2026-09-05T16:30:00Z,0,0,3,False,27,0,0,0,0,0,0,0,0,0,0,0,5,3.2,10.8,0.0,1.4,0,1,0,1,0,0.00,0.04,0.04,0.12,55,388,569,446,58,642,Thomas,MID,11,HUL,AVL
642,33,6,1,False,2026-09-12T14:00:00Z,2,2,4,False,30,0,0,0,1,0,0,0,0,0,0,0,6,5.6,14.8,4.0,2.4,0,4,0,4,0,0.02,0.03,0.05,0.64,55,606,1526,883,277,642,Thomas,MID,11,HUL,CHE
642,46,17,2,False,2026-09-19T14:00:00Z,2,1,5,False,62,0,0,0,2,0,0,0,0,0,0,0,2,0.0,15.3,8.0,2.0,0,2,1,3,1,0.19,0.04,0.23,1.28,55,761,2637,1275,514,642,Thomas,MID,11,HUL,NEW
645,25,2,0,True,2026-09-05T16:30:00Z,0,0,3,False,0,0,0,0,0,0,0,0,0,0,0,0,0,0.0,0.0,0.0,0.0,0,0,0,0,0,0.00,0.00,0.00,0.00,50,186,288,210,24,645,Mouzakitis,MID,11,HUL,AVL
645,33,6,0,False,2026-09-12T14:00:00Z,2,2,4,False,0,0,0,0,0,0,0,0,0,0,0,0,0,0.0,0.0,0.0,0.0,0,0,0,0,0,0.00,0.00,0.00,0.00,50,180,598,270,90,645,Mouzakitis,MID,11,HUL,CHE
645,46,17,0,False,2026-09-19T14:00:00Z,2,1,5,False,0,0,0,0,0,0,0,0,0,0,0,0,0,0.0,0.0,0.0,0.0,0,0,0,0,0,0.00,0.00,0.00,0.00,50,100,784,212,112,645,Mouzakitis,MID,11,HUL,NEW
259,5,20,2,True,2026-08-22T14:00:00Z,2,1,1,False,90,0,0,0,1,0,0,0,0,0,0,0,7,7.2,0.8,2.0,1.0,4,6,1,5,1,0.00,0.01,0.01,0.66,40,0,1668644,0,0,259,Diop,DEF,12,IPS,SUN
259,18,16,2,False,2026-08-30T15:30:00Z,5,2,2,False,90,0,0,0,5,0,0,0,0,0,0,0,7,40.8,0.3,0.0,4.1,12,4,0,12,1,0.00,0.00,0.00,4.77,40,-44411,1683238,26513,70924,259,Diop,DEF,12,IPS,MUN
259,21,14,3,True,2026-09-04T19:00:00Z,0,2,3,False,90,0,0,0,2,0,0,0,0,0,0,0,10,27.2,10.8,0.0,3.8,9,2,2,11,1,0.00,0.01,0.01,0.69,40,-81636,1603991,43514,125150,259,Diop,DEF,12,IPS,LIV
259,34,8,1,False,2026-09-12T14:00:00Z,2,3,4,False,90,0,0,0,2,0,0,0,0,0,0,0,8,15.0,1.8,2.0,1.9,6,5,1,7,1,0.00,0.13,0.13,0.62,40,-104266,1519556,39336,143602,259,Diop,DEF,12,IPS,CRY
259,43,9,4,False,2026-09-19T14:00:00Z,1,0,5,False,90,0,0,0,1,0,0,0,0,0,0,0,13,31.4,10.5,5.0,4.7,10,4,0,10,1,0.06,0.01,0.07,2.24,40,-93272,1423347,19674,112946,259,Diop,DEF,12,IPS,EVE
267,5,20,5,True,2026-08-22T14:00:00Z,2,1,1,False,90,0,1,0,1,0,0,0,0,0,0,0,22,23.4,14.8,2.0,4.0,2,3,1,6,1,0.00,0.02,0.02,0.66,50,0,10816,0,0,267,Lukić,MID,12,IPS,SUN
267,18,16,1,False,2026-08-30T15:30:00Z,5,2,2,False,72,0,0,0,4,0,0,0,1,0,0,0,11,17.4,11.9,2.0,3.1,7,1,3,11,1,0.02,0.02,0.04,3.91,50,-167,12592,1178,1345,267,Lukić,MID,12,IPS,MUN
267,21,14,2,True,2026-09-04T19:00:00Z,0,2,3,False,90,0,0,0,2,0,0,0,0,0,0,0,13,10.4,14.2,0.0,2.5,1,2,1,4,1,0.00,0.02,0.02,0.69,50,-997,11933,809,1806,267,Lukić,MID,12,IPS,LIV
267,34,8,1,False,2026-09-12T14:00:00Z,2,3,4,False,76,0,0,0,2,0,0,0,1,0,0,0,8,10.2,23.5,2.0,3.6,5,4,1,10,1,0.00,0.10,0.10,0.35,50,-645,11520,772,1417,267,Lukić,MID,12,IPS,CRY
267,43,9,2,False,2026-09-19T14:00:00Z,1,0,5,False,72,0,0,0,1,0,0,0,0,0,0,0,14,9.6,16.8,0.0,2.6,2,3,1,6,1,0.00,0.25,0.25,1.76,50,-916,10737,469,1385,267,Lukić,MID,12,IPS,EVE
300,5,20,0,True,2026-08-22T14:00:00Z,2,1,1,False,0,0,0,0,0,0,0,0,0,0,0,0,0,0.0,0.0,0.0,0.0,0,0,0,0,0,0.00,0.00,0.00,0.00,45,0,47085,0,0,300,Walton,GK,12,IPS,SUN
300,18,16,0,False,2026-08-30T15:30:00Z,5,2,2,False,0,0,0,0,0,0,0,0,0,0,0,0,0,0.0,0.0,0.0,0.0,0,0,0,0,0,0.00,0.00,0.00,0.00,45,-4363,48759,209,4572,300,Walton,GK,12,IPS,MUN
300,21,14,0,True,2026-09-04T19:00:00Z,0,2,3,False,0,0,0,0,0,0,0,0,0,0,0,0,0,0.0,0.0,0.0,0.0,0,0,0,0,0,0.00,0.00,0.00,0.00,45,-4114,44862,350,4464,300,Walton,GK,12,IPS,LIV
300,34,8,0,False,2026-09-12T14:00:00Z,2,3,4,False,0,0,0,0,0,0,0,0,0,0,0,0,0,0.0,0.0,0.0,0.0,0,0,0,0,0,0.00,0.00,0.00,0.00,44,-2408,42889,363,2771,300,Walton,GK,12,IPS,CRY
300,43,9,2,False,2026-09-19T14:00:00Z,1,0,5,False,90,0,0,0,1,0,0,0,0,0,1,0,10,12.0,0.0,0.0,1.2,2,17,0,0,1,0.00,0.01,0.01,2.24,44,-1343,41812,763,2106,300,Walton,GK,12,IPS,EVE
301,5,20,0,True,2026-08-22T14:00:00Z,2,1,1,False,0,0,0,0,0,0,0,0,0,0,0,0,0,0.0,0.0,0.0,0.0,0,0,0,0,0,0.00,0.00,0.00,0.00,40,0,426453,0,0,301,Palmer,GK,12,IPS,SUN
301,18,16,0,False,2026-08-30T15:30:00Z,5,2,2,False,0,0,0,0,0,0,0,0,0,0,0,0,0,0.0,0.0,0.0,0.0,0,0,0,0,0,0.00,0.00,0.00,0.00,40,-9662,442454,7686,17348,301,Palmer,GK,12,IPS,MUN
301,21,14,0,True,2026-09-04T19:00:00Z,0,2,3,False,0,0,0,0,0,0,0,0,0,0,0,0,0,0.0,0.0,0.0,0.0,0,0,0,0,0,0.00,0.00,0.00,0.00,40,-1187,452044,29680,30867,301,Palmer,GK,12,IPS,LIV
301,34,8,0,False,2026-09-12T14:00:00Z,2,3,4,False,0,0,0,0,0,0,0,0,0,0,0,0,0,0.0,0.0,0.0,0.0,0,0,0,0,0,0.00,0.00,0.00,0.00,40,-8837,443746,24047,32884,301,Palmer,GK,12,IPS,CRY
301,43,9,0,False,2026-09-19T14:00:00Z,1,0,5,False,0,0,0,0,0,0,0,0,0,0,0,0,0,0.0,0.0,0.0,0.0,0,0,0,0,0,0.00,0.00,0.00,0.00,40,-10957,432976,9183,20140,301,Palmer,GK,12,IPS,EVE
302,5,20,0,True,2026-08-22T14:00:00Z,2,1,1,False,0,0,0,0,0,0,0,0,0,0,0,0,0,0.0,0.0,0.0,0.0,0,0,0,0,0,0.00,0.00,0.00,0.00,40,0,40566,0,0,302,Button,GK,12,IPS,SUN
302,18,16,0,False,2026-08-30T15:30:00Z,5,2,2,False,0,0,0,0,0,0,0,0,0,0,0,0,0,0.0,0.0,0.0,0.0,0,0,0,0,0,0.00,0.00,0.00,0.00,40,140,44640,1959,1819,302,Button,GK,12,IPS,MUN
302,21,14,0,True,2026-09-04T19:00:00Z,0,2,3,False,0,0,0,0,0,0,0,0,0,0,0,0,0,0.0,0.0,0.0,0.0,0,0,0,0,0,0.00,0.00,0.00,0.00,40,3716,51311,7597,3881,302,Button,GK,12,IPS,LIV
302,34,8,0,False,2026-09-12T14:00:00Z,2,3,4,False,0,0,0,0,0,0,0,0,0,0,0,0,0,0.0,0.0,0.0,0.0,0,0,0,0,0,0.00,0.00,0.00,0.00,40,11691,63364,17503,5812,302,Button,GK,12,IPS,CRY
302,43,9,0,False,2026-09-19T14:00:00Z,1,0,5,False,0,0,0,0,0,0,0,0,0,0,0,0,0,0.0,0.0,0.0,0.0,0,0,0,0,0,0.00,0.00,0.00,0.00,40,611,64291,2951,2340,302,Button,GK,12,IPS,EVE
303,5,20,0,True,2026-08-22T14:00:00Z,2,1,1,False,0,0,0,0,0,0,0,0,0,0,0,0,0,0.0,0.0,0.0,0.0,0,0,0,0,0,0.00,0.00,0.00,0.00,40,0,57775,0,0,303,Kipré,DEF,12,IPS,SUN
303,18,16,0,False,2026-08-30T15:30:00Z,5,2,2,False,0,0,0,0,0,0,0,0,0,0,0,0,0,0.0,0.0,0.0,0.0,0,0,0,0,0,0.00,0.00,0.00,0.00,40,-4615,60443,332,4947,303,Kipré,DEF,12,IPS,MUN
303,21,14,0,True,2026-09-04T19:00:00Z,0,2,3,False,0,0,0,0,0,0,0,0,0,0,0,0,0,0.0,0.0,0.0,0.0,0,0,0,0,0,0.00,0.00,0.00,0.00,40,-4792,56159,632,5424,303,Kipré,DEF,12,IPS,LIV
303,34,8,0,False,2026-09-12T14:00:00Z,2,3,4,False,0,0,0,0,0,0,0,0,0,0,0,0,0,0.0,0.0,0.0,0.0,0,0,0,0,0,0.00,0.00,0.00,0.00,40,-3541,52847,589,4130,303,Kipré,DEF,12,IPS,CRY
303,43,9,0,False,2026-09-19T14:00:00Z,1,0,5,False,0,0,0,0,0,0,0,0,0,0,0,0,0,0.0,0.0,0.0,0.0,0,0,0,0,0,0.00,0.00,0.00,0.00,39,32822,129561,43068,10246,303,Kipré,DEF,12,IPS,EVE
304,5,20,4,True,2026-08-22T14:00:00Z,2,1,1,False,90,0,0,0,1,0,0,0,0,0,0,0,16,48.0,24.5,2.0,7.5,16,6,2,18,1,0.00,0.16,0.16,0.66,40,0,313565,0,0,304,O'Shea,DEF,12,IPS,SUN
304,18,16,0,False,2026-08-30T15:30:00Z,5,2,2,False,90,0,0,0,5,0,0,0,0,0,0,0,-14,0.0,0.8,9.0,0.9,1,2,0,1,1,0.07,0.01,0.08,4.77,40,1655,338381,15639,13984,304,O'Shea,DEF,12,IPS,MUN
304,21,14,3,True,2026-09-04T19:00:00Z,0,2,3,False,90,0,0,0,2,0,0,0,0,0,0,0,5,23.8,4.4,4.0,3.2,8,3,3,11,1,0.00,0.01,0.01,0.69,40,-15021,330000,22172,37193,304,O'Shea,DEF,12,IPS,LIV
304,34,8,1,False,2026-09-12T14:00:00Z,2,3,4,False,90,0,0,0,2,0,0,0,0,0,0,0,5,29.6,30.8,4.0,6.4,7,2,2,9,1,0.00,0.08,0.08,0.62,40,-22365,317758,18186,40551,304,O'Shea,DEF,12,IPS,CRY
304,43,9,2,False,2026-09-19T14:00:00Z,1,0,5,False,90,0,0,0,1,0,0,0,0,0,0,0,12,28.6,10.5,2.0,4.1,9,5,0,9,1,0.00,0.00,0.00,2.24,40,-14193,302768,7422,21615,304,O'Shea,DEF,12,IPS,EVE
305,5,20,2,True,2026-08-22T14:00:00Z,2,1,1,False,90,0,0,0,1,0,0,0,0,0,0,0,10,15.2,2.3,0.0,1.8,7,4,0,7,1,0.00,0.01,0.01,0.66,40,0,479363,0,0,305,Davis,DEF,12,IPS,SUN
305,18,16,6,False,2026-08-30T15:30:00Z,5,2,2,False,90,1,0,0,5,0,0,0,0,0,0,0,1,47.0,14.7,50.0,11.2,4,1,0,4,1,0.54,0.12,0.66,4.77,40,-13968,482824,7322,21290,305,Davis,DEF,12,IPS,MUN
305,21,14,1,True,2026-09-04T19:00:00Z,0,2,3,False,90,0,0,0,2,0,0,0,0,0,0,0,4,17.4,21.5,19.0,5.8,4,3,2,6,1,0.11,0.12,0.23,0.69,40,22917,540194,62873,39956,305,Davis,DEF,12,IPS,LIV
305,34,8,14,False,2026-09-12T14:00:00Z,2,3,4,False,90,1,2,0,2,0,0,0,0,0,0,1,35,54.8,17.1,39.0,11.1,2,0,0,2,1,0.52,0.19,0.71,0.62,40,-14896,543743,45631,60527,305,Davis,DEF,12,IPS,CRY
305,43,9,2,False,2026-09-19T14:00:00Z,1,0,5,False,90,0,0,0,1,0,0,0,0,0,0,0,2,10.4,6.3,9.0,2.6,5,2,0,5,1,0.42,0.02,0.44,2.24,40,168534,755615,204377,35843,305,Davis,DEF,12,IPS,EVE
306,5,20,2,True,2026-08-22T14:00:00Z,2,1,1,False,90,0,0,0,1,0,0,0,0,0,0,0,12,16.4,1.3,0.0,1.8,4,1,3,7,1,0.00,0.00,0.00,0.66,40,0,134129,0,0,306,Greaves,DEF,12,IPS,SUN
306,18,16,-1,False,2026-08-30T15:30:00Z,5,2,2,False,90,0,0,0,5,1,0,0,1,0,0,0,-13,18.4,1.3,0.0,2.0,9,4,1,10,1,0.00,0.01,0.01,4.77,40,-4475,141835,1636,6111,306,Greaves,DEF,12,IPS,MUN
306,21,14,1,True,2026-09-04T19:00:00Z,0,2,3,False,90,0,0,0,2,0,0,0,0,0,0,0,6,15.0,12.3,4.0,3.1,6,3,1,7,1,0.00,0.04,0.04,0.69,40,-8595,134162,2678,11273,306,Greaves,DEF,12,IPS,LIV
306,34,8,1,False,2026-09-12T14:00:00Z,2,3,4,False,87,0,0,0,2,0,0,0,0,0,0,0,7,18.8,2.0,0.0,2.1,6,4,0,6,1,0.00,0.01,0.01,0.62,40,-7666,127747,1996,9662,306,Greaves,DEF,12,IPS,CRY
306,43,9,0,False,2026-09-19T14:00:00Z,1,0,5,False,0,0,0,0,0,0,0,0,0,0,0,0,0,0.0,0.0,0.0,0.0,0,0,0,0,0,0.00,0.00,0.00,0.00,40,-6269,121588,1426,7695,306,Greaves,DEF,12,IPS,EVE
307,5,20,0,True,2026-08-22T14:00:00Z,2,1,1,False,0,0,0,0,0,0,0,0,0,0,0,0,0,0.0,0.0,0.0,0.0,0,0,0,0,0,0.00,0.00,0.00,0.00,40,0,10016,0,0,307,Johnson,DEF,12,IPS,SUN
307,18,16,0,False,2026-08-30T15:30:00Z,5,2,2,False,0,0,0,0,0,0,0,0,0,0,0,0,0,0.0,0.0,0.0,0.0,0,0,0,0,0,0.00,0.00,0.00,0.00,40,-595,10501,427,1022,307,Johnson,DEF,12,IPS,MUN
307,21,14,0,True,2026-09-04T19:00:00Z,0,2,3,False,0,0,0,0,0,0,0,0,0,0,0,0,0,0.0,0.0,0.0,0.0,0,0,0,0,0,0.00,0.00,0.00,0.00,40,-658,10397,710,1368,307,Johnson,DEF,12,IPS,LIV
307,34,8,0,False,2026-09-12T14:00:00Z,2,3,4,False,0,0,0,0,0,0,0,0,0,0,0,0,0,0.0,0.0,0.0,0.0,0,0,0,0,0,0.00,0.00,0.00,0.00,40,-2380,7782,0,2380,307,Johnson,DEF,12,IPS,CRY
307,43,9,0,False,2026-09-19T14:00:00Z,1,0,5,False,0,0,0,0,0,0,0,0,0,0,0,0,0,0.0,0.0,0.0,0.0,0,0,0,0,0,0.00,0.00,0.00,0.00,40,-1177,6704,0,1177,307,Johnson,DEF,12,IPS,EVE
308,5,20,0,True,2026-08-22T14:00:00Z,2,1,1,False,0,0,0,0,0,0,0,0,0,0,0,0,0,0.0,0.0,0.0,0.0,0,0,0,0,0,0.00,0.00,0.00,0.00,40,0,56130,0,0,308,Furlong,DEF,12,IPS,SUN
308,18,16,1,False,2026-08-30T15:30:00Z,5,2,2,False,17,0,0,0,1,0,0,0,0,0,0,0,-1,5.0,0.5,0.0,0.6,2,0,1,3,0,0.00,0.00,0.00,0.86,40,-4147,59266,269,4416,308,Furlong,DEF,12,IPS,MUN
308,21,14,0,True,2026-09-04T19:00:00Z,0,2,3,False,0,0,0,0,0,0,0,0,0,0,0,0,0,0.0,0.0,0.0,0.0,0,0,0,0,0,0.00,0.00,0.00,0.00,40,-3936,55806,612,4548,308,Furlong,DEF,12,IPS,LIV
308,34,8,0,False,2026-09-12T14:00:00Z,2,3,4,False,0,0,0,0,0,0,0,0,0,0,0,0,0,0.0,0.0,0.0,0.0,0,0,0,0,0,0.00,0.00,0.00,0.00,40,-3285,52748,431,3716,308,Furlong,DEF,12,IPS,CRY
308,43,9,0,False,2026-09-19T14:00:00Z,1,0,5,False,0,0,0,0,0,0,0,0,0,0,0,0,0,0.0,0.0,0.0,0.0,0,0,0,0,0,0.00,0.00,0.00,0.00,39,7228,80113,11325,4097,308,Furlong,DEF,12,IPS,EVE
309,5,20,4,True,2026-08-22T14:00:00Z,2,1,1,False,79,0,0,0,1,0,0,0,0,0,0,0,26,13.0,7.3,4.0,2.4,4,6,2,12,1,0.03,0.03,0.06,0.63,50,0,11544,0,0,309,Núñez,MID,12,IPS,SUN
309,18,16,2,False,2026-08-30T15:30:00Z,5,2,2,False,61,0,0,0,3,0,0,0,0,0,0,0,6,11.6,12.1,2.0,2.6,4,4,1,9,1,0.00,0.02,0.02,2.85,50,-196,14039,1197,1393,309,Núñez,MID,12,IPS,MUN
309,21,14,0,True,2026-09-04T19:00:00Z,0,2,3,False,0,0,0,0,0,0,0,0,0,0,0,0,0,0.0,0.0,0.0,0.0,0,0,0,0,0,0.00,0.00,0.00,0.00,50,-879,13914,1106,1985,309,Núñez,MID,12,IPS,LIV
309,34,8,0,False,2026-09-12T14:00:00Z,2,3,4,False,0,0,0,0,0,0,0,0,0,0,0,0,0,0.0,0.0,0.0,0.0,0,0,0,0,0,0.00,0.00,0.00,0.00,50,-1485,12735,377,1862,309,Núñez,MID,12,IPS,CRY
309,43,9,0,False,2026-09-19T14:00:00Z,1,0,5,False,0,0,0,0,0,0,0,0,0,0,0,0,0,0.0,0.0,0.0,0.0,0,0,0,0,0,0.00,0.00,0.00,0.00,49,-1430,11613,337,1767,309,Núñez,MID,12,IPS,EVE
310,5,20,0,True,2026-08-22T14:00:00Z,2,1,1,False,0,0,0,0,0,0,0,0,0,0,0,0,0,0.0,0.0,0.0,0.0,0,0,0,0,0,0.00,0.00,0.00,0.00,50,0,430,0,0,310,Matusiwa,MID,12,IPS,SUN
310,18,16,0,False,2026-08-30T15:30:00Z,5,2,2,False,0,0,0,0,0,0,0,0,0,0,0,0,0,0.0,0.0,0.0,0.0,0,0,0,0,0,0.00,0.00,0.00,0.00,50,-104,328,8,112,310,Matusiwa,MID,12,IPS,MUN
310,21,14,0,True,2026-09-04T19:00:00Z,0,2,3,False,0,0,0,0,0,0,0,0,0,0,0,0,0,0.0,0.0,0.0,0.0,0,0,0,0,0,0.00,0.00,0.00,0.00,50,-55,278,12,67,310,Matusiwa,MID,12,IPS,LIV
310,34,8,0,False,2026-09-12T14:00:00Z,2,3,4,False,0,0,0,0,0,0,0,0,0,0,0,0,0,0.0,0.0,0.0,0.0,0,0,0,0,0,0.00,0.00,0.00,0.00,49,-6,288,40,46,310,Matusiwa,MID,12,IPS,CRY
310,43,9,0,False,2026-09-19T14:00:00Z,1,0,5,False,0,0,0,0,0,0,0,0,0,0,0,0,0,0.0,0.0,0.0,0.0,0,0,0,0,0,0.00,0.00,0.00,0.00,49,15,330,51,36,310,Matusiwa,MID,12,IPS,EVE
311,5,20,0,True,2026-08-22T14:00:00Z,2,1,1,False,0,0,0,0,0,0,0,0,0,0,0,0,0,0.0,0.0,0.0,0.0,0,0,0,0,0,0.00,0.00,0.00,0.00,50,0,562,0,0,311,Burns,MID,12,IPS,SUN
311,18,16,0,False,2026-08-30T15:30:00Z,5,2,2,False,0,0,0,0,0,0,0,0,0,0,0,0,0,0.0,0.0,0.0,0.0,0,0,0,0,0,0.00,0.00,0.00,0.00,50,-191,366,0,191,311,Burns,MID,12,IPS,MUN
311,21,14,0,True,2026-09-04T19:00:00Z,0,2,3,False,0,0,0,0,0,0,0,0,0,0,0,0,0,0.0,0.0,0.0,0.0,0,0,0,0,0,0.00,0.00,0.00,0.00,50,-88,278,0,88,311,Burns,MID,12,IPS,LIV
311,34,8,0,False,2026-09-12T14:00:00Z,2,3,4,False,0,0,0,0,0,0,0,0,0,0,0,0,0,0.0,0.0,0.0,0.0,0,0,0,0,0,0.00,0.00,0.00,0.00,50,-39,242,0,39,311,Burns,MID,12,IPS,CRY
311,43,9,0,False,2026-09-19T14:00:00Z,1,0,5,False,0,0,0,0,0,0,0,0,0,0,0,0,0,0.0,0.0,0.0,0.0,0,0,0,0,0,0.00,0.00,0.00,0.00,50,-21,223,0,21,311,Burns,MID,12,IPS,EVE
312,5,20,0,True,2026-08-22T14:00:00Z,2,1,1,False,0,0,0,0,0,0,0,0,0,0,0,0,0,0.0,0.0,0.0,0.0,0,0,0,0,0,0.00,0.00,0.00,0.00,45,0,4505,0,0,312,Taylor,MID,12,IPS,SUN
312,18,16,0,False,2026-08-30T15:30:00Z,5,2,2,False,0,0,0,0,0,0,0,0,0,0,0,0,0,0.0,0.0,0.0,0.0,0,0,0,0,0,0.00,0.00,0.00,0.00,45,-772,3887,111,883,312,Taylor,MID,12,IPS,MUN
312,21,14,0,True,2026-09-04T19:00:00Z,0,2,3,False,0,0,0,0,0,0,0,0,0,0,0,0,0,0.0,0.0,0.0,0.0,0,0,0,0,0,0.00,0.00,0.00,0.00,45,-505,3500,190,695,312,Taylor,MID,12,IPS,LIV
312,34,8,0,False,2026-09-12T14:00:00Z,2,3,4,False,0,0,0,0,0,0,0,0,0,0,0,0,0,0.0,0.0,0.0,0.0,0,0,0,0,0,0.00,0.00,0.00,0.00,45,-278,3274,176,454,312,Taylor,MID,12,IPS,CRY
312,43,9,0,False,2026-09-19T14:00:00Z,1,0,5,False,0,0,0,0,0,0,0,0,0,0,0,0,0,0.0,0.0,0.0,0.0,0,0,0,0,0,0.00,0.00,0.00,0.00,45,-250,3061,99,349,312,Taylor,MID,12,IPS,EVE
313,5,20,7,True,2026-08-22T14:00:00Z,2,1,1,False,19,1,0,0,0,0,0,0,0,0,0,1,27,33.6,0.6,18.0,5.2,0,1,1,2,0,0.10,0.00,0.10,0.03,55,0,24135,0,0,313,Clarke,MID,12,IPS,SUN
313,18,16,0,False,2026-08-30T15:30:00Z,5,2,2,False,0,0,0,0,0,0,0,0,0,0,0,0,0,0.0,0.0,0.0,0.0,0,0,0,0,0,0.00,0.00,0.00,0.00,55,759,29170,3202,2443,313,Clarke,MID,12,IPS,MUN
313,21,14,1,True,2026-09-04T19:00:00Z,0,2,3,False,24,0,0,0,0,0,0,0,0,0,0,0,3,3.4,11.7,4.0,1.9,1,1,0,2,0,0.05,0.02,0.07,0.06,55,-4559,24744,1167,5726,313,Clarke,MID,12,IPS,LIV
313,34,8,1,False,2026-09-12T14:00:00Z,2,3,4,False,62,0,0,0,1,0,0,0,1,0,0,0,8,5.0,13.0,21.0,3.9,0,1,1,2,1,0.15,0.02,0.17,0.20,54,-3254,22006,468,3722,313,Clarke,MID,12,IPS,CRY
313,43,9,2,False,2026-09-19T14:00:00Z,1,0,5,False,65,0,0,0,1,0,0,0,0,0,0,0,10,10.0,30.1,2.0,4.2,2,2,0,4,1,0.00,0.33,0.33,1.68,54,-2389,19907,514,2903,313,Clarke,MID,12,IPS,EVE
314,5,20,0,True,2026-08-22T14:00:00Z,2,1,1,False,0,0,0,0,0,0,0,0,0,0,0,0,0,0.0,0.0,0.0,0.0,0,0,0,0,0,0.00,0.00,0.00,0.00,50,0,1539,0,0,314,Ogbene,MID,12,IPS,SUN
314,18,16,0,False,2026-08-30T15:30:00Z,5,2,2,False,0,0,0,0,0,0,0,0,0,0,0,0,0,0.0,0.0,0.0,0.0,0,0,0,0,0,0.00,0.00,0.00,0.00,50,-206,1468,37,243,314,Ogbene,MID,12,IPS,MUN
314,21,14,0,True,2026-09-04T19:00:00Z,0,2,3,False,0,0,0,0,0,0,0,0,0,0,0,0,0,0.0,0.0,0.0,0.0,0,0,0,0,0,0.00,0.00,0.00,0.00,49,-351,1159,67,418,314,Ogbene,MID,12,IPS,LIV
314,34,8,0,False,2026-09-12T14:00:00Z,2,3,4,False,0,0,0,0,0,0,0,0,0,0,0,0,0,0.0,0.0,0.0,0.0,0,0,0,0,0,0.00,0.00,0.00,0.00,49,-326,837,0,326,314,Ogbene,MID,12,IPS,CRY
314,43,9,0,False,2026-09-19T14:00:00Z,1,0,5,False,0,0,0,0,0,0,0,0,0,0,0,0,0,0.0,0.0,0.0,0.0,0,0,0,0,0,0.00,0.00,0.00,0.00,49,-155,701,0,155,314,Ogbene,MID,12,IPS,EVE
315,5,20,2,True,2026-08-22T14:00:00Z,2,1,1,False,65,0,0,0,1,0,0,0,0,0,0,0,22,18.6,28.4,8.0,5.5,1,2,4,7,1,0.00,0.41,0.41,0.63,55,0,21235,0,0,315,Fatawu,MID,12,IPS,SUN
315,18,16,4,False,2026-08-30T15:30:00Z,5,2,2,False,82,0,1,0,5,0,0,0,1,0,0,0,25,26.6,42.3,2.0,7.1,1,2,1,4,1,0.00,0.22,0.22,4.59,55,-2198,21573,570,2768,315,Fatawu,MID,12,IPS,MUN
315,21,14,2,True,2026-09-04T19:00:00Z,0,2,3,False,78,0,0,0,2,0,0,0,0,0,0,0,14,10.2,32.9,4.0,4.7,2,2,2,6,1,0.03,0.15,0.18,0.69,55,-849,21660,2126,2975,315,Fatawu,MID,12,IPS,LIV
315,34,8,1,False,2026-09-12T14:00:00Z,2,3,4,False,61,0,0,0,1,0,0,0,1,0,0,0,6,6.2,11.3,6.0,2.4,2,3,2,7,1,0.00,0.05,0.05,0.20,55,-464,21628,1970,2434,315,Fatawu,MID,12,IPS,CRY
315,43,9,-1,False,2026-09-19T14:00:00Z,1,0,5,False,66,0,0,0,1,0,0,0,0,1,0,0,4,3.2,18.8,21.0,4.3,2,2,0,4,1,0.14,0.28,0.42,1.68,54,-2031,19671,636,2667,315,Fatawu,MID,12,IPS,EVE
316,5,20,9,True,2026-08-22T14:00:00Z,2,1,1,False,65,1,0,0,1,0,0,0,0,0,0,3,41,45.6,26.3,40.0,11.2,1,1,1,3,1,0.82,0.06,0.88,0.63,55,0,33590,0,0,316,Emersonn,FWD,12,IPS,SUN
316,18,16,1,False,2026-08-30T15:30:00Z,5,2,2,False,45,0,0,0,1,0,0,0,0,0,0,0,7,1.0,11.1,2.0,1.4,1,0,0,1,1,0.00,0.00,0.00,0.77,55,59997,182058,76807,16810,316,Emersonn,FWD,12,IPS,MUN
316,21,14,2,True,2026-09-04T19:00:00Z,0,2,3,False,65,0,0,0,2,0,0,0,0,0,0,0,8,3.2,0.0,8.0,1.1,1,1,1,3,1,0.22,0.00,0.22,0.62,55,-30504,167319,20740,51244,316,Emersonn,FWD,12,IPS,LIV
316,34,8,12,False,2026-09-12T14:00:00Z,2,3,4,False,62,1,1,0,1,0,0,0,0,0,0,3,45,46.6,12.4,33.0,9.2,0,2,0,2,1,0.44,0.05,0.49,0.20,55,1738,178755,26091,24353,316,Emersonn,FWD,12,IPS,CRY
316,43,9,2,False,2026-09-19T14:00:00Z,1,0,5,False,80,0,0,0,1,0,0,0,0,0,0,0,9,2.4,0.6,21.0,2.4,0,0,1,1,1,0.13,0.01,0.14,2.07,55,133193,360268,160060,26867,316,Emersonn,FWD,12,IPS,EVE
317,5,20,0,True,2026-08-22T14:00:00Z,2,1,1,False,0,0,0,0,0,0,0,0,0,0,0,0,0,0.0,0.0,0.0,0.0,0,0,0,0,0,0.00,0.00,0.00,0.00,50,0,25160,0,0,317,Hirst,FWD,12,IPS,SUN
317,18,16,0,False,2026-08-30T15:30:00Z,5,2,2,False,0,0,0,0,0,0,0,0,0,0,0,0,0,0.0,0.0,0.0,0.0,0,0,0,0,0,0.00,0.00,0.00,0.00,50,-8695,16241,0,8695,317,Hirst,FWD,12,IPS,MUN
317,21,14,0,True,2026-09-04T19:00:00Z,0,2,3,False,0,0,0,0,0,0,0,0,0,0,0,0,0,0.0,0.0,0.0,0.0,0,0,0,0,0,0.00,0.00,0.00,0.00,50,-4365,11907,0,4365,317,Hirst,FWD,12,IPS,LIV
317,34,8,0,False,2026-09-12T14:00:00Z,2,3,4,False,0,0,0,0,0,0,0,0,0,0,0,0,0,0.0,0.0,0.0,0.0,0,0,0,0,0,0.00,0.00,0.00,0.00,50,-2172,9936,0,2172,317,Hirst,FWD,12,IPS,CRY
317,43,9,0,False,2026-09-19T14:00:00Z,1,0,5,False,0,0,0,0,0,0,0,0,0,0,0,0,0,0.0,0.0,0.0,0.0,0,0,0,0,0,0.00,0.00,0.00,0.00,50,-1398,8627,0,1398,317,Hirst,FWD,12,IPS,EVE
318,5,20,0,True,2026-08-22T14:00:00Z,2,1,1,False,0,0,0,0,0,0,0,0,0,0,0,0,0,0.0,0.0,0.0,0.0,0,0,0,0,0,0.00,0.00,0.00,0.00,55,0,14821,0,0,318,Philogene,MID,12,IPS,SUN
318,18,16,0,False,2026-08-30T15:30:00Z,5,2,2,False,0,0,0,0,0,0,0,0,0,0,0,0,0,0.0,0.0,0.0,0.0,0,0,0,0,0,0.00,0.00,0.00,0.00,55,-3822,12592,106,3928,318,Philogene,MID,12,IPS,MUN
318,21,14,0,True,2026-09-04T19:00:00Z,0,2,3,False,0,0,0,0,0,0,0,0,0,0,0,0,0,0.0,0.0,0.0,0.0,0,0,0,0,0,0.00,0.00,0.00,0.00,54,-3409,9209,41,3450,318,Philogene,MID,12,IPS,LIV
318,34,8,1,False,2026-09-12T14:00:00Z,2,3,4,False,28,0,0,0,1,0,0,0,0,0,0,0,6,3.4,0.8,9.0,1.3,0,3,0,3,0,0.02,0.00,0.01,0.41,54,-1303,8038,38,1341,318,Philogene,MID,12,IPS,CRY
318,43,9,1,False,2026-09-19T14:00:00Z,1,0,5,False,24,0,0,0,0,0,0,0,0,0,0,0,5,1.4,3.8,4.0,0.9,0,1,0,1,0,0.06,0.01,0.07,0.56,54,-322,7806,83,405,318,Philogene,MID,12,IPS,EVE
319,5,20,0,True,2026-08-22T14:00:00Z,2,1,1,False,0,0,0,0,0,0,0,0,0,0,0,0,0,0.0,0.0,0.0,0.0,0,0,0,0,0,0.00,0.00,0.00,0.00,50,0,1030,0,0,319,Szmodics,MID,12,IPS,SUN
319,18,16,0,False,2026-08-30T15:30:00Z,5,2,2,False,0,0,0,0,0,0,0,0,0,0,0,0,0,0.0,0.0,0.0,0.0,0,0,0,0,0,0.00,0.00,0.00,0.00,50,-409,615,0,409,319,Szmodics,MID,12,IPS,MUN
319,21,14,0,True,2026-09-04T19:00:00Z,0,2,3,False,0,0,0,0,0,0,0,0,0,0,0,0,0,0.0,0.0,0.0,0.0,0,0,0,0,0,0.00,0.00,0.00,0.00,50,-191,427,0,191,319,Szmodics,MID,12,IPS,LIV
319,34,8,0,False,2026-09-12T14:00:00Z,2,3,4,False,0,0,0,0,0,0,0,0,0,0,0,0,0,0.0,0.0,0.0,0.0,0,0,0,0,0,0.00,0.00,0.00,0.00,50,-87,350,0,87,319,Szmodics,MID,12,IPS,CRY
319,43,9,0,False,2026-09-19T14:00:00Z,1,0,5,False,0,0,0,0,0,0,0,0,0,0,0,0,0,0.0,0.0,0.0,0.0,0,0,0,0,0,0.00,0.00,0.00,0.00,50,-60,295,0,60,319,Szmodics,MID,12,IPS,EVE
320,5,20,1,True,2026-08-22T14:00:00Z,2,1,1,False,24,0,0,0,0,0,0,0,0,0,0,0,3,1.4,0.0,2.0,0.3,0,2,1,3,0,0.00,0.00,0.00,0.03,50,0,47871,0,0,320,Akpom,FWD,12,IPS,SUN
320,18,16,5,False,2026-08-30T15:30:00Z,5,2,2,False,45,1,0,0,4,0,0,0,0,0,0,0,30,33.2,1.7,17.0,5.2,0,0,0,0,0,0.97,0.00,0.97,4.01,50,-1625,52422,4625,6250,320,Akpom,FWD,12,IPS,MUN
320,21,14,0,True,2026-09-04T19:00:00Z,0,2,3,False,0,0,0,0,0,0,0,0,0,0,0,0,0,0.0,0.0,0.0,0.0,0,0,0,0,0,0.00,0.00,0.00,0.00,50,45434,114005,62654,17220,320,Akpom,FWD,12,IPS,LIV
320,34,8,0,False,2026-09-12T14:00:00Z,2,3,4,False,0,0,0,0,0,0,0,0,0,0,0,0,0,0.0,0.0,0.0,0.0,0,0,0,0,0,0.00,0.00,0.00,0.00,50,17117,129479,36471,19354,320,Akpom,FWD,12,IPS,CRY
320,43,9,1,False,2026-09-19T14:00:00Z,1,0,5,False,9,0,0,0,0,0,0,0,0,0,0,0,3,0.0,0.8,5.0,0.6,0,0,0,0,0,0.17,0.00,0.17,0.16,50,597,132823,22206,21609,320,Akpom,FWD,12,IPS,EVE
321,5,20,1,True,2026-08-22T14:00:00Z,2,1,1,False,10,0,0,0,0,0,0,0,0,0,0,0,3,0.0,0.1,0.0,0.0,0,0,0,0,0,0.00,0.00,0.00,0.03,45,0,199675,0,0,321,Walle Egeli,FWD,12,IPS,SUN
321,18,16,0,False,2026-08-30T15:30:00Z,5,2,2,False,0,0,0,0,0,0,0,0,0,0,0,0,0,0.0,0.0,0.0,0.0,0,0,0,0,0,0.00,0.00,0.00,0.00,45,17271,247770,40712,23441,321,Walle Egeli,FWD,12,IPS,MUN
321,21,14,0,True,2026-09-04T19:00:00Z,0,2,3,False,0,0,0,0,0,0,0,0,0,0,0,0,0,0.0,0.0,0.0,0.0,0,0,0,0,0,0.00,0.00,0.00,0.00,45,73544,367243,127698,54154,321,Walle Egeli,FWD,12,IPS,LIV
321,34,8,0,False,2026-09-12T14:00:00Z,2,3,4,False,0,0,0,0,0,0,0,0,0,0,0,0,0,0.0,0.0,0.0,0.0,0,0,0,0,0,0.00,0.00,0.00,0.00,45,24582,372683,82088,57506,321,Walle Egeli,FWD,12,IPS,CRY
321,43,9,0,False,2026-09-19T14:00:00Z,1,0,5,False,0,0,0,0,0,0,0,0,0,0,0,0,0,0.0,0.0,0.0,0.0,0,0,0,0,0,0.00,0.00,0.00,0.00,45,12737,402496,62123,49386,321,Walle Egeli,FWD,12,IPS,EVE
322,5,20,0,True,2026-08-22T14:00:00Z,2,1,1,False,0,0,0,0,0,0,0,0,0,0,0,0,0,0.0,0.0,0.0,0.0,0,0,0,0,0,0.00,0.00,0.00,0.00,50,0,13332,0,0,322,Al-Hamadi,FWD,12,IPS,SUN
322,18,16,0,False,2026-08-30T15:30:00Z,5,2,2,False,0,0,0,0,0,0,0,0,0,0,0,0,0,0.0,0.0,0.0,0.0,0,0,0,0,0,0.00,0.00,0.00,0.00,50,-2247,12213,755,3002,322,Al-Hamadi,FWD,12,IPS,MUN
322,21,14,0,True,2026-09-04T19:00:00Z,0,2,3,False,0,0,0,0,0,0,0,0,0,0,0,0,0,0.0,0.0,0.0,0.0,0,0,0,0,0,0.00,0.00,0.00,0.00,50,-3877,8170,0,3877,322,Al-Hamadi,FWD,12,IPS,LIV
322,34,8,0,False,2026-09-12T14:00:00Z,2,3,4,False,0,0,0,0,0,0,0,0,0,0,0,0,0,0.0,0.0,0.0,0.0,0,0,0,0,0,0.00,0.00,0.00,0.00,50,-1678,6747,0,1678,322,Al-Hamadi,FWD,12,IPS,CRY
322,43,9,0,False,2026-09-19T14:00:00Z,1,0,5,False,0,0,0,0,0,0,0,0,0,0,0,0,0,0.0,0.0,0.0,0.0,0,0,0,0,0,0.00,0.00,0.00,0.00,50,-988,5776,0,988,322,Al-Hamadi,FWD,12,IPS,EVE
323,5,20,1,True,2026-08-22T14:00:00Z,2,1,1,False,24,0,0,0,0,0,0,0,0,0,0,0,4,1.2,1.3,0.0,0.3,0,2,1,3,0,0.00,0.00,0.00,0.03,45,0,130440,0,0,323,McAteer,MID,12,IPS,SUN
323,18,16,1,False,2026-08-30T15:30:00Z,5,2,2,False,7,0,0,0,0,0,0,0,0,0,0,0,3,0.2,0.0,0.0,0.0,0,1,0,1,0,0.00,0.00,0.00,0.18,45,-5950,133761,5615,11565,323,McAteer,MID,12,IPS,MUN
323,21,14,1,True,2026-09-04T19:00:00Z,0,2,3,False,11,0,0,0,0,0,0,0,0,0,0,0,5,3.2,0.5,7.0,1.1,0,1,0,1,0,0.05,0.00,0.05,0.00,45,-4340,133131,11626,15966,323,McAteer,MID,12,IPS,LIV
323,34,8,0,False,2026-09-12T14:00:00Z,2,3,4,False,0,0,0,0,0,0,0,0,0,0,0,0,0,0.0,0.0,0.0,0.0,0,0,0,0,0,0.00,0.00,0.00,0.00,45,-7171,126703,7120,14291,323,McAteer,MID,12,IPS,CRY
323,43,9,0,False,2026-09-19T14:00:00Z,1,0,5,False,0,0,0,0,0,0,0,0,0,0,0,0,0,0.0,0.0,0.0,0.0,0,0,0,0,0,0.00,0.00,0.00,0.00,45,-11642,114904,2383,14025,323,McAteer,MID,12,IPS,EVE
324,5,20,0,True,2026-08-22T14:00:00Z,2,1,1,False,0,0,0,0,0,0,0,0,0,0,0,0,0,0.0,0.0,0.0,0.0,0,0,0,0,0,0.00,0.00,0.00,0.00,50,0,4850,0,0,324,Mehmeti,MID,12,IPS,SUN
324,18,16,0,False,2026-08-30T15:30:00Z,5,2,2,False,0,0,0,0,0,0,0,0,0,0,0,0,0,0.0,0.0,0.0,0.0,0,0,0,0,0,0.00,0.00,0.00,0.00,50,-639,4692,47,686,324,Mehmeti,MID,12,IPS,MUN
324,21,14,0,True,2026-09-04T19:00:00Z,0,2,3,False,0,0,0,0,0,0,0,0,0,0,0,0,0,0.0,0.0,0.0,0.0,0,0,0,0,0,0.00,0.00,0.00,0.00,49,-648,4120,109,757,324,Mehmeti,MID,12,IPS,LIV
324,34,8,0,False,2026-09-12T14:00:00Z,2,3,4,False,0,0,0,0,0,0,0,0,0,0,0,0,0,0.0,0.0,0.0,0.0,0,0,0,0,0,0.00,0.00,0.00,0.00,49,-456,3735,90,546,324,Mehmeti,MID,12,IPS,CRY
324,43,9,0,False,2026-09-19T14:00:00Z,1,0,5,False,0,0,0,0,0,0,0,0,0,0,0,0,0,0.0,0.0,0.0,0.0,0,0,0,0,0,0.00,0.00,0.00,0.00,49,-262,3505,80,342,324,Mehmeti,MID,12,IPS,EVE
554,5,20,0,True,2026-08-22T14:00:00Z,2,1,1,False,0,0,0,0,0,0,0,0,0,0,0,0,0,0.0,0.0,0.0,0.0,0,0,0,0,0,0.00,0.00,0.00,0.00,45,0,3509,0,0,554,Van Oevelen,GK,12,IPS,SUN
554,18,16,0,False,2026-08-30T15:30:00Z,5,2,2,False,0,0,0,0,0,0,0,0,0,0,0,0,0,0.0,0.0,0.0,0.0,0,0,0,0,0,0.00,0.00,0.00,0.00,45,-583,3085,54,637,554,Van Oevelen,GK,12,IPS,MUN
554,21,14,0,True,2026-09-04T19:00:00Z,0,2,3,False,0,0,0,0,0,0,0,0,0,0,0,0,0,0.0,0.0,0.0,0.0,0,0,0,0,0,0.00,0.00,0.00,0.00,45,-698,2365,0,698,554,Van Oevelen,GK,12,IPS,LIV
554,34,8,0,False,2026-09-12T14:00:00Z,2,3,4,False,0,0,0,0,0,0,0,0,0,0,0,0,0,0.0,0.0,0.0,0.0,0,0,0,0,0,0.00,0.00,0.00,0.00,45,-302,2101,0,302,554,Van Oevelen,GK,12,IPS,CRY
554,43,9,0,False,2026-09-19T14:00:00Z,1,0,5,False,0,0,0,0,0,0,0,0,0,0,0,0,0,0.0,0.0,0.0,0.0,0,0,0,0,0,0.00,0.00,0.00,0.00,45,-237,1878,0,237,554,Van Oevelen,GK,12,IPS,EVE
562,5,20,2,True,2026-08-22T14:00:00Z,2,1,1,False,79,0,0,0,1,0,0,0,0,0,0,0,7,12.6,1.4,7.0,2.1,3,2,4,9,1,0.61,0.00,0.61,0.63,55,0,37656,0,0,562,Maeda,MID,12,IPS,SUN
562,18,16,2,False,2026-08-30T15:30:00Z,5,2,2,False,72,0,0,0,4,0,0,0,0,0,0,0,10,8.0,1.4,19.0,2.8,3,1,1,5,1,0.06,0.01,0.07,3.91,55,-3302,37115,740,4042,562,Maeda,MID,12,IPS,MUN
562,21,14,2,True,2026-09-04T19:00:00Z,0,2,3,False,65,0,0,0,2,0,0,0,0,0,0,0,9,8.2,0.1,17.0,2.5,2,1,2,5,1,0.04,0.00,0.04,0.62,55,-4936,32352,903,5839,562,Maeda,MID,12,IPS,LIV
562,34,8,1,False,2026-09-12T14:00:00Z,2,3,4,False,27,0,0,0,1,0,0,0,0,0,0,0,1,0.0,2.3,0.0,0.0,0,0,0,0,0,0.00,0.00,0.00,0.41,54,-3657,29173,861,4518,562,Maeda,MID,12,IPS,CRY
562,43,9,1,False,2026-09-19T14:00:00Z,1,0,5,False,16,0,0,0,0,0,0,0,0,0,0,0,5,2.2,0.3,4.0,0.7,0,0,1,1,0,0.00,0.01,0.01,0.48,54,-4147,25203,224,4371,562,Maeda,MID,12,IPS,EVE
564,5,20,2,True,2026-08-22T14:00:00Z,2,1,1,False,90,0,0,0,1,0,0,0,0,0,2,0,12,14.4,0.0,0.0,1.4,1,10,0,0,1,0.00,0.00,0.00,0.66,45,0,57252,0,0,564,Scherpen,GK,12,IPS,SUN
564,18,16,2,False,2026-08-30T15:30:00Z,5,2,2,False,90,0,0,0,5,0,0,0,0,0,6,0,9,46.4,0.0,0.0,4.6,4,13,0,0,1,0.00,0.01,0.01,4.77,45,-2247,62701,1329,3576,564,Scherpen,GK,12,IPS,MUN
564,21,14,2,True,2026-09-04T19:00:00Z,0,2,3,False,90,0,0,0,2,0,0,0,0,0,5,0,13,27.8,0.0,0.0,2.8,0,7,0,0,1,0.00,0.00,0.00,0.69,45,-2758,58738,4399,7157,564,Scherpen,GK,12,IPS,LIV
564,34,8,1,False,2026-09-12T14:00:00Z,2,3,4,False,90,0,0,0,2,0,0,0,0,0,2,0,6,15.0,0.0,0.0,1.5,3,9,0,0,1,0.00,0.00,0.00,0.62,45,330,63943,5936,5606,564,Scherpen,GK,12,IPS,CRY
564,43,9,0,False,2026-09-19T14:00:00Z,1,0,5,False,0,0,0,0,0,0,0,0,0,0,0,0,0,0.0,0.0,0.0,0.0,0,0,0,0,0,0.00,0.00,0.00,0.00,45,-1335,63895,2903,4238,564,Scherpen,GK,12,IPS,EVE
571,5,20,0,True,2026-08-22T14:00:00Z,2,1,1,False,0,0,0,0,0,0,0,0,0,0,0,0,0,0.0,0.0,0.0,0.0,0,0,0,0,0,0.00,0.00,0.00,0.00,50,0,12850,0,0,571,Florentino,MID,12,IPS,SUN
571,18,16,0,False,2026-08-30T15:30:00Z,5,2,2,False,0,0,0,0,0,0,0,0,0,0,0,0,0,0.0,0.0,0.0,0.0,0,0,0,0,0,0.00,0.00,0.00,0.00,50,-1993,11870,214,2207,571,Florentino,MID,12,IPS,MUN
571,21,14,0,True,2026-09-04T19:00:00Z,0,2,3,False,0,0,0,0,0,0,0,0,0,0,0,0,0,0.0,0.0,0.0,0.0,0,0,0,0,0,0.00,0.00,0.00,0.00,49,-2128,9821,223,2351,571,Florentino,MID,12,IPS,LIV
571,34,8,1,False,2026-09-12T14:00:00Z,2,3,4,False,13,0,0,0,0,0,0,0,0,0,0,0,8,9.0,21.3,2.0,3.2,1,0,1,2,0,0.00,0.01,0.01,0.27,49,-906,9156,327,1233,571,Florentino,MID,12,IPS,CRY
571,43,9,1,False,2026-09-19T14:00:00Z,1,0,5,False,17,0,0,0,0,0,0,0,0,0,0,0,1,0.0,1.0,0.0,0.0,0,0,0,0,0,0.00,0.00,0.00,0.48,49,-759,8567,181,940,571,Florentino,MID,12,IPS,EVE
591,5,20,5,True,2026-08-22T14:00:00Z,2,1,1,False,70,0,1,0,1,0,0,0,0,0,0,0,24,21.6,14.0,18.0,5.4,2,5,1,8,1,0.23,0.31,0.54,0.63,55,0,24595,0,0,591,Enciso,MID,12,IPS,SUN
591,18,16,5,False,2026-08-30T15:30:00Z,5,2,2,False,90,0,1,0,5,0,0,0,0,0,0,0,25,21.8,12.4,21.0,5.5,0,7,1,8,1,0.40,0.31,0.71,4.77,55,13215,48266,17669,4454,591,Enciso,MID,12,IPS,MUN
591,21,14,1,True,2026-09-04T19:00:00Z,0,2,3,False,90,0,0,0,2,0,0,0,1,0,0,0,16,10.2,22.5,23.0,5.6,2,3,0,5,1,0.24,0.02,0.26,0.69,55,25086,82553,35897,10811,591,Enciso,MID,12,IPS,LIV
591,34,8,2,False,2026-09-12T14:00:00Z,2,3,4,False,90,0,0,0,2,0,0,0,0,0,0,0,7,2.2,13.8,13.0,2.9,1,4,0,5,1,0.05,0.20,0.25,0.62,55,12977,96833,28533,15556,591,Enciso,MID,12,IPS,CRY
591,43,9,2,False,2026-09-19T14:00:00Z,1,0,5,False,73,0,0,0,1,0,0,0,0,0,0,0,11,4.4,12.9,25.0,4.2,0,5,0,5,1,0.34,0.05,0.39,1.76,55,-6004,89625,9464,15468,591,Enciso,MID,12,IPS,EVE
592,5,20,1,True,2026-08-22T14:00:00Z,2,1,1,False,10,0,0,0,0,0,0,0,0,0,0,0,4,5.2,10.0,0.0,1.5,2,0,0,2,0,0.00,0.00,0.00,0.03,40,0,86218,0,0,592,Ouattara,DEF,12,IPS,SUN
592,18,16,1,False,2026-08-30T15:30:00Z,5,2,2,False,17,0,0,0,1,0,0,0,0,0,0,0,-1,0.6,0.6,0.0,0.1,0,1,0,0,0,0.00,0.00,0.00,0.86,40,-3097,99458,2769,5866,592,Ouattara,DEF,12,IPS,MUN
592,21,14,1,True,2026-09-04T19:00:00Z,0,2,3,False,12,0,0,0,0,0,0,0,0,0,0,0,4,3.6,14.0,0.0,1.8,0,2,0,0,0,0.00,0.02,0.02,0.00,40,-2760,100578,4401,7161,592,Ouattara,DEF,12,IPS,LIV
592,34,8,1,False,2026-09-12T14:00:00Z,2,3,4,False,2,0,0,0,0,0,0,0,0,0,0,0,5,2.2,0.2,0.0,0.2,0,1,1,1,0,0.00,0.00,0.00,0.00,40,-2585,97893,3046,5631,592,Ouattara,DEF,12,IPS,CRY
592,43,9,2,False,2026-09-19T14:00:00Z,1,0,5,False,90,0,0,0,1,0,0,0,0,0,0,0,17,20.0,11.4,9.0,4.0,5,10,3,8,1,0.02,0.01,0.03,2.24,40,-2909,94948,2569,5478,592,Ouattara,DEF,12,IPS,EVE
602,5,20,0,True,2026-08-22T14:00:00Z,2,1,1,False,0,0,0,0,0,0,0,0,0,0,0,0,0,0.0,0.0,0.0,0.0,0,0,0,0,0,0.00,0.00,0.00,0.00,45,0,0,0,0,602,Humphreys,MID,12,IPS,SUN
602,18,16,0,False,2026-08-30T15:30:00Z,5,2,2,False,0,0,0,0,0,0,0,0,0,0,0,0,0,0.0,0.0,0.0,0.0,0,0,0,0,0,0.00,0.00,0.00,0.00,45,942,3086,1275,333,602,Humphreys,MID,12,IPS,MUN
602,21,14,0,True,2026-09-04T19:00:00Z,0,2,3,False,0,0,0,0,0,0,0,0,0,0,0,0,0,0.0,0.0,0.0,0.0,0,0,0,0,0,0.00,0.00,0.00,0.00,45,382,4148,1586,1204,602,Humphreys,MID,12,IPS,LIV
602,34,8,0,False,2026-09-12T14:00:00Z,2,3,4,False,0,0,0,0,0,0,0,0,0,0,0,0,0,0.0,0.0,0.0,0.0,0,0,0,0,0,0.00,0.00,0.00,0.00,45,-968,2961,0,968,602,Humphreys,MID,12,IPS,CRY
602,43,9,0,False,2026-09-19T14:00:00Z,1,0,5,False,0,0,0,0,0,0,0,0,0,0,0,0,0,0.0,0.0,0.0,0.0,0,0,0,0,0,0.00,0.00,0.00,0.00,45,-489,2526,0,489,602,Humphreys,MID,12,IPS,EVE
619,18,16,1,False,2026-08-30T15:30:00Z,5,2,2,False,28,0,0,0,2,0,0,0,0,0,0,0,11,7.2,12.0,2.0,2.1,2,3,1,6,0,0.00,0.01,0.01,1.92,50,84,127,89,5,619,Palacios,MID,12,IPS,MUN
619,21,14,4,True,2026-09-04T19:00:00Z,0,2,3,False,77,0,0,0,2,0,0,0,0,0,0,0,24,20.2,22.5,0.0,4.3,3,12,4,19,1,0.00,0.02,0.02,0.69,50,979,1551,1326,347,619,Palacios,MID,12,IPS,LIV
619,34,8,4,False,2026-09-12T14:00:00Z,2,3,4,False,90,0,0,0,2,0,0,0,0,0,0,0,14,18.0,5.9,2.0,2.6,5,5,3,13,1,0.00,0.04,0.04,0.62,50,1408,3376,2317,909,619,Palacios,MID,12,IPS,CRY
619,43,9,2,False,2026-09-19T14:00:00Z,1,0,5,False,80,0,0,0,1,0,0,0,0,0,0,0,15,10.0,6.2,0.0,1.6,2,3,1,6,1,0.00,0.02,0.02,2.07,50,3407,7887,4756,1349,619,Palacios,MID,12,IPS,EVE
640,21,14,1,True,2026-09-04T19:00:00Z,0,2,3,False,24,0,0,0,0,0,0,0,0,0,0,0,4,3.2,0.5,7.0,1.1,0,0,0,0,0,0.02,0.01,0.03,0.06,55,1528,1904,1761,233,640,Flemming,FWD,12,IPS,LIV
640,34,8,5,False,2026-09-12T14:00:00Z,2,3,4,False,27,1,0,0,1,0,0,0,0,0,0,0,32,35.0,1.3,44.0,8.0,1,1,0,2,0,0.52,0.00,0.52,0.41,55,1835,4207,2524,689,640,Flemming,FWD,12,IPS,CRY
640,43,9,0,False,2026-09-19T14:00:00Z,1,0,5,False,9,0,0,0,0,0,0,0,1,0,0,0,-2,0.0,10.3,4.0,1.4,0,2,1,3,0,0.10,0.00,0.10,0.16,55,2777,7673,4077,1300,640,Flemming,FWD,12,IPS,EVE
260,6,18,3,False,2026-08-22T14:00:00Z,0,1,1,False,65,0,0,1,0,0,0,0,0,0,0,0,8,6.2,15.3,4.0,2.6,0,0,2,2,1,0.00,0.02,0.02,0.53,65,0,577649,0,0,260,Wilson,MID,13,LEE,NFO
260,17,4,1,True,2026-08-30T13:00:00Z,1,1,2,False,45,0,0,0,0,0,0,0,0,0,0,0,7,8.4,12.1,6.0,2.7,2,3,1,6,0,0.01,0.04,0.05,1.13,65,-42839,557212,14929,57768,260,Wilson,MID,13,LEE,BRE
260,23,5,0,False,2026-09-05T14:00:00Z,1,1,3,False,17,0,0,0,0,0,0,0,1,0,0,0,0,1.4,20.3,2.0,2.4,0,1,0,1,0,0.00,0.00,0.00,1.32,64,-148278,401861,7327,155605,260,Wilson,MID,13,LEE,BHA
260,40,17,1,True,2026-09-14T19:00:00Z,4,1,4,False,18,0,0,0,1,0,0,0,0,0,0,0,4,3.2,4.7,0.0,0.8,1,0,1,2,0,0.00,0.03,0.03,0.30,63,-121524,291023,3258,124782,260,Wilson,MID,13,LEE,NEW
260,44,8,0,True,2026-09-20T13:00:00Z,0,0,5,False,0,0,0,0,0,0,0,0,0,0,0,0,0,0.0,0.0,0.0,0.0,0,0,0,0,0,0.00,0.00,0.00,0.00,62,-75090,220557,3457,78547,260,Wilson,MID,13,LEE,CRY
326,6,18,0,False,2026-08-22T14:00:00Z,0,1,1,False,0,0,0,0,0,0,0,0,0,0,0,0,0,0.0,0.0,0.0,0.0,0,0,0,0,0,0.00,0.00,0.00,0.00,45,0,52897,0,0,326,Perri,GK,13,LEE,NFO
326,17,4,0,True,2026-08-30T13:00:00Z,1,1,2,False,0,0,0,0,0,0,0,0,0,0,0,0,0,0.0,0.0,0.0,0.0,0,0,0,0,0,0.00,0.00,0.00,0.00,45,-5031,54468,328,5359,326,Perri,GK,13,LEE,BRE
326,23,5,0,False,2026-09-05T14:00:00Z,1,1,3,False,0,0,0,0,0,0,0,0,0,0,0,0,0,0.0,0.0,0.0,0.0,0,0,0,0,0,0.00,0.00,0.00,0.00,45,-9253,45033,204,9457,326,Perri,GK,13,LEE,BHA
326,40,17,0,True,2026-09-14T19:00:00Z,4,1,4,False,0,0,0,0,0,0,0,0,0,0,0,0,0,0.0,0.0,0.0,0.0,0,0,0,0,0,0.00,0.00,0.00,0.00,45,-6925,38525,0,6925,326,Perri,GK,13,LEE,NEW
326,44,8,0,True,2026-09-20T13:00:00Z,0,0,5,False,0,0,0,0,0,0,0,0,0,0,0,0,0,0.0,0.0,0.0,0.0,0,0,0,0,0,0.00,0.00,0.00,0.00,45,-3459,35299,0,3459,326,Perri,GK,13,LEE,CRY
327,6,18,10,False,2026-08-22T14:00:00Z,0,1,1,False,90,0,0,1,0,0,0,0,0,0,0,2,28,23.6,0.4,15.0,3.9,11,5,1,12,1,0.11,0.00,0.11,0.66,50,0,27043,0,0,327,Bijol,DEF,13,LEE,NFO
327,17,4,1,True,2026-08-30T13:00:00Z,1,1,2,False,45,0,0,0,1,0,0,0,0,0,0,0,0,8.4,0.2,0.0,0.9,5,2,0,5,1,0.00,0.00,0.00,0.55,50,37035,96315,45219,8184,327,Bijol,DEF,13,LEE,BRE
327,23,5,1,False,2026-09-05T14:00:00Z,1,1,3,False,29,0,0,0,1,0,0,0,0,0,0,0,1,6.2,0.0,0.0,0.6,2,0,2,4,0,0.00,0.00,0.00,1.95,50,-2619,95603,14908,17527,327,Bijol,DEF,13,LEE,BHA
327,40,17,0,True,2026-09-14T19:00:00Z,4,1,4,False,0,0,0,0,0,0,0,0,0,0,0,0,0,0.0,0.0,0.0,0.0,0,0,0,0,0,0.00,0.00,0.00,0.00,50,-10468,87595,4371,14839,327,Bijol,DEF,13,LEE,NEW
327,44,8,0,True,2026-09-20T13:00:00Z,0,0,5,False,0,0,0,0,0,0,0,0,0,0,0,0,0,0.0,0.0,0.0,0.0,0,0,0,0,0,0.00,0.00,0.00,0.00,50,-9261,79639,3804,13065,327,Bijol,DEF,13,LEE,CRY
329,6,18,6,False,2026-08-22T14:00:00Z,0,1,1,False,90,0,0,1,0,0,0,0,0,0,0,0,21,14.4,14.4,5.0,3.4,6,1,1,7,1,0.03,0.06,0.09,0.66,45,0,330772,0,0,329,Rodon,DEF,13,LEE,NFO
329,17,4,1,True,2026-08-30T13:00:00Z,1,1,2,False,33,0,0,0,0,0,0,0,0,0,0,0,4,8.6,0.3,2.0,1.1,4,1,0,4,1,0.00,0.00,0.00,0.35,45,9026,358288,21600,12574,329,Rodon,DEF,13,LEE,BRE
329,23,5,0,False,2026-09-05T14:00:00Z,1,1,3,False,0,0,0,0,0,0,0,0,0,0,0,0,0,0.0,0.0,0.0,0.0,0,0,0,0,0,0.00,0.00,0.00,0.00,45,-122557,220934,5070,127627,329,Rodon,DEF,13,LEE,BHA
329,40,17,0,True,2026-09-14T19:00:00Z,4,1,4,False,0,0,0,0,0,0,0,0,0,0,0,0,0,0.0,0.0,0.0,0.0,0,0,0,0,0,0.00,0.00,0.00,0.00,44,-112676,118013,168,112844,329,Rodon,DEF,13,LEE,NEW
329,44,8,0,True,2026-09-20T13:00:00Z,0,0,5,False,0,0,0,0,0,0,0,0,0,0,0,0,0,0.0,0.0,0.0,0.0,0,0,0,0,0,0.00,0.00,0.00,0.00,44,-34904,89396,56,34960,329,Rodon,DEF,13,LEE,CRY
330,6,18,6,False,2026-08-22T14:00:00Z,0,1,1,False,90,0,0,1,0,0,0,0,0,0,0,0,24,7.0,1.1,0.0,0.8,2,3,1,3,1,0.00,0.00,0.00,0.66,45,0,45674,0,0,330,Bogle,DEF,13,LEE,NFO
330,17,4,2,True,2026-08-30T13:00:00Z,1,1,2,False,67,0,0,0,1,0,0,0,0,0,0,0,9,18.6,11.3,4.0,3.4,5,5,2,7,1,0.00,0.01,0.01,0.74,45,2801,54809,5925,3124,330,Bogle,DEF,13,LEE,BRE
330,23,5,14,False,2026-09-05T14:00:00Z,1,1,3,False,60,1,0,1,0,0,0,0,1,0,0,3,30,35.4,1.7,33.0,7.0,2,0,0,2,1,0.90,0.02,0.92,0.24,45,-432,54984,5089,5521,330,Bogle,DEF,13,LEE,BHA
330,40,17,15,True,2026-09-14T19:00:00Z,4,1,4,False,82,1,0,1,0,0,0,0,0,0,0,3,45,47.8,18.5,71.0,13.7,1,1,2,3,1,0.41,0.05,0.46,0.59,45,98023,232034,121956,23933,330,Bogle,DEF,13,LEE,NEW
330,44,8,5,True,2026-09-20T13:00:00Z,0,0,5,False,66,0,0,1,0,0,0,0,1,0,0,0,14,0.0,2.0,11.0,1.3,1,2,0,1,1,0.07,0.00,0.07,0.66,46,366973,695534,393603,26630,330,Bogle,DEF,13,LEE,CRY
331,6,18,0,False,2026-08-22T14:00:00Z,0,1,1,False,0,0,0,0,0,0,0,0,0,0,0,0,0,0.0,0.0,0.0,0.0,0,0,0,0,0,0.00,0.00,0.00,0.00,45,0,5099,0,0,331,Gudmundsson,DEF,13,LEE,NFO
331,17,4,0,True,2026-08-30T13:00:00Z,1,1,2,False,0,0,0,0,0,0,0,0,0,0,0,0,0,0.0,0.0,0.0,0.0,0,0,0,0,0,0.00,0.00,0.00,0.00,45,-926,4329,66,992,331,Gudmundsson,DEF,13,LEE,BRE
331,23,5,2,False,2026-09-05T14:00:00Z,1,1,3,False,90,0,0,0,1,0,0,0,0,0,0,0,9,12.6,1.2,2.0,1.6,2,9,3,5,1,0.00,0.00,0.00,2.19,45,253,4932,644,391,331,Gudmundsson,DEF,13,LEE,BHA
331,40,17,6,True,2026-09-14T19:00:00Z,4,1,4,False,72,0,0,1,0,0,0,0,0,0,0,0,26,10.0,8.6,4.0,2.3,1,2,3,4,1,0.00,0.18,0.18,0.58,45,621,5954,1148,527,331,Gudmundsson,DEF,13,LEE,NEW
331,44,8,6,True,2026-09-20T13:00:00Z,0,0,5,False,90,0,0,1,0,0,0,0,0,0,0,0,27,16.0,19.7,2.0,3.8,2,1,3,5,1,0.00,0.03,0.03,1.06,45,1220,8163,1740,520,331,Gudmundsson,DEF,13,LEE,CRY
332,6,18,10,False,2026-08-22T14:00:00Z,0,1,1,False,90,0,0,1,0,0,0,0,0,0,0,2,28,24.6,2.3,2.0,2.9,6,4,6,12,1,0.00,0.01,0.01,0.66,45,0,52732,0,0,332,Justin,DEF,13,LEE,NFO
332,17,4,2,True,2026-08-30T13:00:00Z,1,1,2,False,90,0,0,0,1,0,0,0,0,0,0,0,12,24.6,11.8,9.0,4.5,6,3,2,8,1,0.03,0.01,0.04,1.67,45,34143,121554,43534,9391,332,Justin,DEF,13,LEE,BRE
332,23,5,4,False,2026-09-05T14:00:00Z,1,1,3,False,90,0,0,0,1,0,0,0,0,0,0,0,9,16.8,1.5,21.0,3.9,7,4,3,10,1,0.14,0.00,0.14,2.19,45,14204,150950,35632,21428,332,Justin,DEF,13,LEE,BHA
332,40,17,2,True,2026-09-14T19:00:00Z,4,1,4,False,90,0,0,0,1,0,0,0,0,0,0,0,11,18.4,25.6,4.0,4.8,3,1,2,5,1,0.00,0.28,0.28,0.88,45,5626,160487,27752,22126,332,Justin,DEF,13,LEE,NEW
332,44,8,8,True,2026-09-20T13:00:00Z,0,0,5,False,90,0,0,1,0,0,0,0,0,0,0,2,31,19.2,14.9,5.0,3.9,6,2,3,9,1,0.05,0.12,0.17,1.06,45,-1614,160178,10354,11968,332,Justin,DEF,13,LEE,CRY
333,6,18,0,False,2026-08-22T14:00:00Z,0,1,1,False,0,0,0,0,0,0,0,0,0,0,0,0,0,0.0,0.0,0.0,0.0,0,0,0,0,0,0.00,0.00,0.00,0.00,45,0,512,0,0,333,Bornauw,DEF,13,LEE,NFO
333,17,4,0,True,2026-08-30T13:00:00Z,1,1,2,False,0,0,0,0,0,0,0,0,0,0,0,0,0,0.0,0.0,0.0,0.0,0,0,0,0,0,0.00,0.00,0.00,0.00,45,-170,335,0,170,333,Bornauw,DEF,13,LEE,BRE
333,23,5,0,False,2026-09-05T14:00:00Z,1,1,3,False,0,0,0,0,0,0,0,0,0,0,0,0,0,0.0,0.0,0.0,0.0,0,0,0,0,0,0.00,0.00,0.00,0.00,45,-63,276,0,63,333,Bornauw,DEF,13,LEE,BHA
333,40,17,0,True,2026-09-14T19:00:00Z,4,1,4,False,0,0,0,0,0,0,0,0,0,0,0,0,0,0.0,0.0,0.0,0.0,0,0,0,0,0,0.00,0.00,0.00,0.00,45,-39,239,0,39,333,Bornauw,DEF,13,LEE,NEW
333,44,8,0,True,2026-09-20T13:00:00Z,0,0,5,False,0,0,0,0,0,0,0,0,0,0,0,0,0,0.0,0.0,0.0,0.0,0,0,0,0,0,0.00,0.00,0.00,0.00,45,-22,219,0,22,333,Bornauw,DEF,13,LEE,CRY
334,6,18,6,False,2026-08-22T14:00:00Z,0,1,1,False,90,0,0,1,0,0,0,0,0,0,0,0,25,15.6,0.6,17.0,3.3,7,1,0,7,1,0.09,0.00,0.09,0.66,50,0,306283,0,0,334,Muharemović,DEF,13,LEE,NFO
334,17,4,4,True,2026-08-30T13:00:00Z,1,1,2,False,90,0,0,0,1,0,0,0,0,0,0,0,17,51.6,0.8,2.0,5.4,17,3,2,19,1,0.00,0.01,0.01,1.67,50,9697,336009,21539,11842,334,Muharemović,DEF,13,LEE,BRE
334,23,5,4,False,2026-09-05T14:00:00Z,1,1,3,False,90,0,0,0,1,0,0,0,0,0,0,0,10,29.2,0.8,2.0,3.2,12,2,1,13,1,0.00,0.01,0.01,2.19,50,-2089,326555,40504,42593,334,Muharemović,DEF,13,LEE,BHA
334,40,17,7,True,2026-09-14T19:00:00Z,4,1,4,False,90,0,1,0,1,0,0,0,0,0,0,0,27,37.0,10.5,2.0,5.0,10,5,1,11,1,0.00,0.02,0.02,0.88,50,66646,410571,135153,68507,334,Muharemović,DEF,13,LEE,NEW
334,44,8,6,True,2026-09-20T13:00:00Z,0,0,5,False,90,0,0,1,0,0,0,0,0,0,0,0,22,14.0,0.9,18.0,3.3,7,5,1,8,1,0.40,0.01,0.41,1.06,50,48147,492213,74089,25942,334,Muharemović,DEF,13,LEE,CRY
335,6,18,13,False,2026-08-22T14:00:00Z,0,1,1,False,90,1,0,1,0,0,0,0,0,0,0,3,37,47.8,2.3,16.0,6.6,8,5,3,16,1,0.10,0.05,0.15,0.66,60,0,80326,0,0,335,Stach,MID,13,LEE,NFO
335,17,4,4,True,2026-08-30T13:00:00Z,1,1,2,False,90,0,0,0,1,0,0,0,0,0,0,0,13,24.6,17.0,4.0,4.6,8,4,4,16,1,0.07,0.01,0.08,1.67,60,67665,255319,81344,13679,335,Stach,MID,13,LEE,BRE
335,23,5,2,False,2026-09-05T14:00:00Z,1,1,3,False,90,0,0,0,1,0,0,0,0,0,0,0,7,15.4,16.5,19.0,5.1,2,2,2,6,1,0.32,0.10,0.42,2.19,60,12619,303711,62176,49557,335,Stach,MID,13,LEE,BHA
335,40,17,3,True,2026-09-14T19:00:00Z,4,1,4,False,87,0,0,1,0,0,0,0,0,0,0,0,16,12.0,40.4,12.0,6.4,3,5,2,10,1,0.43,0.07,0.50,0.59,60,-19365,291170,29721,49086,335,Stach,MID,13,LEE,NEW
335,44,8,5,True,2026-09-20T13:00:00Z,0,0,5,False,90,0,0,1,0,0,0,0,0,0,0,0,13,16.6,17.1,4.0,3.8,6,5,2,13,1,0.05,0.08,0.13,1.06,60,-8309,291868,24102,32411,335,Stach,MID,13,LEE,CRY
336,6,18,1,False,2026-08-22T14:00:00Z,0,1,1,False,24,0,0,0,0,0,0,0,0,0,0,0,10,10.0,14.0,4.0,2.8,1,2,2,5,0,0.00,0.16,0.16,0.13,60,0,45369,0,0,336,Okafor,MID,13,LEE,NFO
336,17,4,2,True,2026-08-30T13:00:00Z,1,1,2,False,68,0,0,0,1,0,0,0,0,0,0,0,11,6.4,7.5,10.0,2.4,1,0,1,2,1,0.08,0.01,0.09,0.74,60,-7813,40559,1355,9168,336,Okafor,MID,13,LEE,BRE
336,23,5,3,False,2026-09-05T14:00:00Z,1,1,3,False,61,0,0,1,0,0,0,0,0,0,0,0,9,1.4,0.6,2.0,0.4,0,0,0,0,1,0.00,0.01,0.01,0.24,59,-8372,32691,2519,10891,336,Okafor,MID,13,LEE,BHA
336,40,17,9,True,2026-09-14T19:00:00Z,4,1,4,False,71,1,0,1,0,0,0,0,0,0,0,1,35,41.4,17.8,21.0,8.0,1,3,2,6,1,0.07,0.08,0.15,0.58,59,-4605,29116,2061,6666,336,Okafor,MID,13,LEE,NEW
336,44,8,3,True,2026-09-20T13:00:00Z,0,0,5,False,75,0,0,1,0,0,0,0,0,0,0,0,17,7.8,1.5,3.0,1.2,0,3,2,5,1,0.02,0.01,0.03,0.68,58,14111,50221,19172,5061,336,Okafor,MID,13,LEE,CRY
337,6,18,3,False,2026-08-22T14:00:00Z,0,1,1,False,81,0,0,1,0,0,0,0,0,0,0,0,16,8.0,1.1,7.0,1.6,0,6,1,7,1,0.01,0.01,0.02,0.58,55,0,87156,0,0,337,Aaronson,MID,13,LEE,NFO
337,17,4,1,True,2026-08-30T13:00:00Z,1,1,2,False,45,0,0,0,1,0,0,0,0,0,0,0,6,2.2,0.6,0.0,0.3,1,1,1,3,1,0.00,0.01,0.01,0.55,55,-5840,85405,2593,8433,337,Aaronson,MID,13,LEE,BRE
337,23,5,1,False,2026-09-05T14:00:00Z,1,1,3,False,28,0,0,0,1,0,0,0,0,0,0,0,5,0.0,1.0,0.0,0.1,0,0,0,0,0,0.00,0.00,0.00,1.95,55,-14068,70876,2026,16094,337,Aaronson,MID,13,LEE,BHA
337,40,17,1,True,2026-09-14T19:00:00Z,4,1,4,False,18,0,0,0,1,0,0,0,0,0,0,0,4,0.2,0.3,2.0,0.3,0,1,0,1,0,0.00,0.00,0.00,0.30,54,-10317,61613,1095,11412,337,Aaronson,MID,13,LEE,NEW
337,44,8,1,True,2026-09-20T13:00:00Z,0,0,5,False,22,0,0,0,0,0,0,0,0,0,0,0,5,1.4,0.7,0.0,0.2,0,3,1,4,0,0.00,0.00,0.00,0.40,54,-7941,54410,849,8790,337,Aaronson,MID,13,LEE,CRY
338,6,18,5,False,2026-08-22T14:00:00Z,0,1,1,False,90,0,0,1,0,0,0,0,0,0,0,0,18,18.6,23.3,0.0,4.2,6,5,2,13,1,0.00,0.04,0.04,0.66,55,0,132659,0,0,338,Ampadu,MID,13,LEE,NFO
338,17,4,2,True,2026-08-30T13:00:00Z,1,1,2,False,90,0,0,0,1,0,0,0,0,0,0,0,12,19.6,16.6,1.0,3.7,5,3,2,10,1,0.01,0.09,0.10,1.67,55,-4850,133624,4591,9441,338,Ampadu,MID,13,LEE,BRE
338,23,5,2,False,2026-09-05T14:00:00Z,1,1,3,False,90,0,0,0,1,0,0,0,0,0,0,0,13,23.6,1.3,0.0,2.5,6,1,4,11,1,0.00,0.01,0.01,2.19,55,-15707,117203,3562,19269,338,Ampadu,MID,13,LEE,BHA
338,40,17,7,True,2026-09-14T19:00:00Z,4,1,4,False,90,0,1,0,1,0,0,0,0,0,0,0,25,8.0,1.7,4.0,1.4,2,9,1,12,1,0.07,0.02,0.09,0.88,54,-14489,103938,2529,17018,338,Ampadu,MID,13,LEE,NEW
338,44,8,5,True,2026-09-20T13:00:00Z,0,0,5,False,90,0,0,1,0,0,0,0,0,0,0,0,19,18.8,24.2,0.0,4.3,5,6,3,14,1,0.00,0.10,0.10,1.06,54,-4200,102625,5751,9951,338,Ampadu,MID,13,LEE,CRY
339,6,18,1,False,2026-08-22T14:00:00Z,0,1,1,False,8,0,0,0,0,0,0,0,0,0,0,0,3,0.0,0.2,0.0,0.0,0,0,0,0,0,0.00,0.00,0.00,0.07,50,0,12582,0,0,339,Longstaff,MID,13,LEE,NFO
339,17,4,0,True,2026-08-30T13:00:00Z,1,1,2,False,0,0,0,0,0,0,0,0,0,0,0,0,0,0.0,0.0,0.0,0.0,0,0,0,0,0,0.00,0.00,0.00,0.00,50,-1056,12723,575,1631,339,Longstaff,MID,13,LEE,BRE
339,23,5,0,False,2026-09-05T14:00:00Z,1,1,3,False,0,0,0,0,0,0,0,0,0,0,0,0,0,0.0,0.0,0.0,0.0,0,0,0,0,0,0.00,0.00,0.00,0.00,50,-1965,10952,639,2604,339,Longstaff,MID,13,LEE,BHA
339,40,17,1,True,2026-09-14T19:00:00Z,4,1,4,False,2,0,0,0,1,0,0,0,0,0,0,0,4,0.0,0.0,0.0,0.0,0,0,0,0,0,0.00,0.00,0.00,0.28,49,-1113,10180,693,1806,339,Longstaff,MID,13,LEE,NEW
339,44,8,0,True,2026-09-20T13:00:00Z,0,0,5,False,0,0,0,0,0,0,0,0,0,0,0,0,0,0.0,0.0,0.0,0.0,0,0,0,0,0,0.00,0.00,0.00,0.00,49,-977,9382,466,1443,339,Longstaff,MID,13,LEE,CRY
341,6,18,0,False,2026-08-22T14:00:00Z,0,1,1,False,0,0,0,0,0,0,0,0,0,0,0,0,0,0.0,0.0,0.0,0.0,0,0,0,0,0,0.00,0.00,0.00,0.00,50,0,2172,0,0,341,Gnonto,MID,13,LEE,NFO
341,17,4,0,True,2026-08-30T13:00:00Z,1,1,2,False,0,0,0,0,0,0,0,0,0,0,0,0,0,0.0,0.0,0.0,0.0,0,0,0,0,0,0.00,0.00,0.00,0.00,50,-678,1522,18,696,341,Gnonto,MID,13,LEE,BRE
341,23,5,0,False,2026-09-05T14:00:00Z,1,1,3,False,0,0,0,0,0,0,0,0,0,0,0,0,0,0.0,0.0,0.0,0.0,0,0,0,0,0,0.00,0.00,0.00,0.00,50,-222,1395,226,448,341,Gnonto,MID,13,LEE,BHA
341,40,17,0,True,2026-09-14T19:00:00Z,4,1,4,False,0,0,0,0,0,0,0,0,0,0,0,0,0,0.0,0.0,0.0,0.0,0,0,0,0,0,0.00,0.00,0.00,0.00,50,-435,947,0,435,341,Gnonto,MID,13,LEE,NEW
341,44,8,0,True,2026-09-20T13:00:00Z,0,0,5,False,0,0,0,0,0,0,0,0,0,0,0,0,0,0.0,0.0,0.0,0.0,0,0,0,0,0,0.00,0.00,0.00,0.00,50,-179,790,0,179,341,Gnonto,MID,13,LEE,CRY
342,6,18,0,False,2026-08-22T14:00:00Z,0,1,1,False,0,0,0,0,0,0,0,0,0,0,0,0,0,0.0,0.0,0.0,0.0,0,0,0,0,0,0.00,0.00,0.00,0.00,50,0,135,0,0,342,Harrison,MID,13,LEE,NFO
342,17,4,0,True,2026-08-30T13:00:00Z,1,1,2,False,0,0,0,0,0,0,0,0,0,0,0,0,0,0.0,0.0,0.0,0.0,0,0,0,0,0,0.00,0.00,0.00,0.00,50,-36,98,0,36,342,Harrison,MID,13,LEE,BRE
342,23,5,0,False,2026-09-05T14:00:00Z,1,1,3,False,0,0,0,0,0,0,0,0,0,0,0,0,0,0.0,0.0,0.0,0.0,0,0,0,0,0,0.00,0.00,0.00,0.00,50,-17,81,0,17,342,Harrison,MID,13,LEE,BHA
342,40,17,0,True,2026-09-14T19:00:00Z,4,1,4,False,0,0,0,0,0,0,0,0,0,0,0,0,0,0.0,0.0,0.0,0.0,0,0,0,0,0,0.00,0.00,0.00,0.00,50,-11,71,0,11,342,Harrison,MID,13,LEE,NEW
342,44,8,0,True,2026-09-20T13:00:00Z,0,0,5,False,0,0,0,0,0,0,0,0,0,0,0,0,0,0.0,0.0,0.0,0.0,0,0,0,0,0,0.00,0.00,0.00,0.00,50,-10,60,0,10,342,Harrison,MID,13,LEE,CRY
343,6,18,0,False,2026-08-22T14:00:00Z,0,1,1,False,0,0,0,0,0,0,0,0,0,0,0,0,0,0.0,0.0,0.0,0.0,0,0,0,0,0,0.00,0.00,0.00,0.00,50,0,11272,0,0,343,James,MID,13,LEE,NFO
343,17,4,1,True,2026-08-30T13:00:00Z,1,1,2,False,22,0,0,0,0,0,0,0,0,0,0,0,2,0.0,1.1,12.0,1.1,0,2,0,2,0,0.24,0.01,0.25,0.93,50,-873,11703,863,1736,343,James,MID,13,LEE,BRE
343,23,5,0,False,2026-09-05T14:00:00Z,1,1,3,False,0,0,0,0,0,0,0,0,0,0,0,0,0,0.0,0.0,0.0,0.0,0,0,0,0,0,0.00,0.00,0.00,0.00,50,-692,11657,1599,2291,343,James,MID,13,LEE,BHA
343,40,17,1,True,2026-09-14T19:00:00Z,4,1,4,False,7,0,0,0,1,0,0,0,0,0,0,0,4,0.0,0.0,3.0,0.3,0,2,0,2,0,0.11,0.00,0.11,0.28,50,-1207,10690,786,1993,343,James,MID,13,LEE,NEW
343,44,8,1,True,2026-09-20T13:00:00Z,0,0,5,False,23,0,0,0,0,0,0,0,0,0,0,0,3,1.2,0.2,4.0,0.5,1,0,0,1,0,0.00,0.00,0.00,0.40,49,-709,10249,721,1430,343,James,MID,13,LEE,CRY
344,6,18,0,False,2026-08-22T14:00:00Z,0,1,1,False,0,0,0,0,0,0,0,0,0,0,0,0,0,0.0,0.0,0.0,0.0,0,0,0,0,0,0.00,0.00,0.00,0.00,50,0,461,0,0,344,Gruev,MID,13,LEE,NFO
344,17,4,0,True,2026-08-30T13:00:00Z,1,1,2,False,0,0,0,0,0,0,0,0,0,0,0,0,0,0.0,0.0,0.0,0.0,0,0,0,0,0,0.00,0.00,0.00,0.00,50,-120,362,9,129,344,Gruev,MID,13,LEE,BRE
344,23,5,0,False,2026-09-05T14:00:00Z,1,1,3,False,0,0,0,0,0,0,0,0,0,0,0,0,0,0.0,0.0,0.0,0.0,0,0,0,0,0,0.00,0.00,0.00,0.00,50,-38,350,33,71,344,Gruev,MID,13,LEE,BHA
344,40,17,0,True,2026-09-14T19:00:00Z,4,1,4,False,0,0,0,0,0,0,0,0,0,0,0,0,0,0.0,0.0,0.0,0.0,0,0,0,0,0,0.00,0.00,0.00,0.00,50,-45,317,13,58,344,Gruev,MID,13,LEE,NEW
344,44,8,0,True,2026-09-20T13:00:00Z,0,0,5,False,0,0,0,0,0,0,0,0,0,0,0,0,0,0.0,0.0,0.0,0.0,0,0,0,0,0,0.00,0.00,0.00,0.00,50,-13,312,24,37,344,Gruev,MID,13,LEE,CRY
345,6,18,0,False,2026-08-22T14:00:00Z,0,1,1,False,0,0,0,0,0,0,0,0,0,0,0,0,0,0.0,0.0,0.0,0.0,0,0,0,0,0,0.00,0.00,0.00,0.00,50,0,23052,0,0,345,Tanaka,MID,13,LEE,NFO
345,17,4,1,True,2026-08-30T13:00:00Z,1,1,2,False,45,0,0,0,0,0,0,0,0,0,0,0,6,20.0,1.8,0.0,2.2,5,3,3,11,0,0.00,0.01,0.01,1.13,50,-3334,21386,899,4233,345,Tanaka,MID,13,LEE,BRE
345,23,5,5,False,2026-09-05T14:00:00Z,1,1,3,False,72,0,1,0,1,0,0,0,0,0,0,0,18,20.8,12.2,13.0,4.6,3,3,2,8,1,0.53,0.01,0.54,0.87,49,-1035,21765,3466,4501,345,Tanaka,MID,13,LEE,BHA
345,40,17,6,True,2026-09-14T19:00:00Z,4,1,4,False,71,0,1,1,0,0,0,0,0,0,0,0,24,9.2,3.1,2.0,1.4,1,2,2,5,1,0.06,0.03,0.09,0.58,49,2579,25771,5747,3168,345,Tanaka,MID,13,LEE,NEW
345,44,8,2,True,2026-09-20T13:00:00Z,0,0,5,False,67,0,0,1,0,0,0,0,1,0,0,0,0,0.0,1.2,5.0,0.4,2,2,1,5,1,0.14,0.00,0.14,0.66,49,7073,35115,10406,3333,345,Tanaka,MID,13,LEE,CRY
346,6,18,1,False,2026-08-22T14:00:00Z,0,1,1,False,90,0,0,1,0,0,0,0,1,0,0,0,-2,0.0,0.8,11.0,0.7,0,2,0,2,1,0.13,0.00,0.13,0.66,60,0,2823371,0,0,346,Calvert-Lewin,FWD,13,LEE,NFO
346,17,4,8,True,2026-08-30T13:00:00Z,1,1,2,False,90,1,0,0,1,0,0,0,0,0,0,2,31,38.4,4.0,35.0,7.7,3,1,0,4,1,0.92,0.02,0.94,1.67,60,-104622,2823193,84314,188936,346,Calvert-Lewin,FWD,13,LEE,BRE
346,23,5,1,False,2026-09-05T14:00:00Z,1,1,3,False,72,0,0,0,1,0,0,0,1,0,0,0,0,4.4,11.3,21.0,3.7,1,2,0,3,1,0.56,0.06,0.62,0.87,60,-144642,2612462,198586,343228,346,Calvert-Lewin,FWD,13,LEE,BHA
346,40,17,10,True,2026-09-14T19:00:00Z,4,1,4,False,77,1,1,1,0,0,0,0,1,0,0,2,37,51.0,12.2,67.0,13.0,1,4,0,5,1,0.87,0.00,0.87,0.59,60,-377508,2292933,100296,477804,346,Calvert-Lewin,FWD,13,LEE,NEW
346,44,8,2,True,2026-09-20T13:00:00Z,0,0,5,False,90,0,0,1,0,0,0,0,0,0,0,0,7,10.2,1.3,19.0,3.1,4,4,0,8,1,0.52,0.00,0.52,1.06,60,390459,2888883,533433,142974,346,Calvert-Lewin,FWD,13,LEE,CRY
347,6,18,0,False,2026-08-22T14:00:00Z,0,1,1,False,0,0,0,0,0,0,0,0,0,0,0,0,0,0.0,0.0,0.0,0.0,0,0,0,0,0,0.00,0.00,0.00,0.00,55,0,53564,0,0,347,Nmecha,FWD,13,LEE,NFO
347,17,4,4,True,2026-08-30T13:00:00Z,1,1,2,False,21,0,1,0,0,0,0,0,0,0,0,0,18,18.2,20.3,6.0,4.5,0,1,0,1,0,0.10,0.00,0.10,0.93,55,-7627,51231,1917,9544,347,Nmecha,FWD,13,LEE,BRE
347,23,5,1,False,2026-09-05T14:00:00Z,1,1,3,False,17,0,0,0,0,0,0,0,0,0,0,0,2,0.0,1.8,9.0,0.9,0,0,0,0,0,0.17,0.14,0.31,1.32,55,-3112,50649,5427,8539,347,Nmecha,FWD,13,LEE,BHA
347,40,17,1,True,2026-09-14T19:00:00Z,4,1,4,False,12,0,0,0,1,0,0,0,0,0,0,0,4,0.2,0.3,0.0,0.1,0,1,0,1,0,0.00,0.01,0.01,0.28,54,-1054,51359,6623,7677,347,Nmecha,FWD,13,LEE,NEW
347,44,8,1,True,2026-09-20T13:00:00Z,0,0,5,False,14,0,0,0,0,0,0,0,0,0,0,0,4,2.0,0.0,0.0,0.2,0,1,1,2,0,0.00,0.00,0.00,0.37,54,-1434,51218,6227,7661,347,Nmecha,FWD,13,LEE,CRY
348,6,18,0,False,2026-08-22T14:00:00Z,0,1,1,False,0,0,0,0,0,0,0,0,0,0,0,0,0,0.0,0.0,0.0,0.0,0,0,0,0,0,0.00,0.00,0.00,0.00,50,0,17239,0,0,348,Piroe,FWD,13,LEE,NFO
348,17,4,0,True,2026-08-30T13:00:00Z,1,1,2,False,0,0,0,0,0,0,0,0,0,0,0,0,0,0.0,0.0,0.0,0.0,0,0,0,0,0,0.00,0.00,0.00,0.00,50,-5351,11733,0,5351,348,Piroe,FWD,13,LEE,BRE
348,23,5,0,False,2026-09-05T14:00:00Z,1,1,3,False,0,0,0,0,0,0,0,0,0,0,0,0,0,0.0,0.0,0.0,0.0,0,0,0,0,0,0.00,0.00,0.00,0.00,50,-2945,8831,0,2945,348,Piroe,FWD,13,LEE,BHA
348,40,17,0,True,2026-09-14T19:00:00Z,4,1,4,False,0,0,0,0,0,0,0,0,0,0,0,0,0,0.0,0.0,0.0,0.0,0,0,0,0,0,0.00,0.00,0.00,0.00,50,-1516,7440,0,1516,348,Piroe,FWD,13,LEE,NEW
348,44,8,0,True,2026-09-20T13:00:00Z,0,0,5,False,0,0,0,0,0,0,0,0,0,0,0,0,0,0.0,0.0,0.0,0.0,0,0,0,0,0,0.00,0.00,0.00,0.00,50,-983,6500,0,983,348,Piroe,FWD,13,LEE,CRY
349,6,18,0,False,2026-08-22T14:00:00Z,0,1,1,False,0,0,0,0,0,0,0,0,0,0,0,0,0,0.0,0.0,0.0,0.0,0,0,0,0,0,0.00,0.00,0.00,0.00,45,0,5936,0,0,349,Mateo Joseph,FWD,13,LEE,NFO
349,17,4,0,True,2026-08-30T13:00:00Z,1,1,2,False,0,0,0,0,0,0,0,0,0,0,0,0,0,0.0,0.0,0.0,0.0,0,0,0,0,0,0.00,0.00,0.00,0.00,45,-726,5489,325,1051,349,Mateo Joseph,FWD,13,LEE,BRE
349,23,5,0,False,2026-09-05T14:00:00Z,1,1,3,False,0,0,0,0,0,0,0,0,0,0,0,0,0,0.0,0.0,0.0,0.0,0,0,0,0,0,0.00,0.00,0.00,0.00,45,-135,5679,947,1082,349,Mateo Joseph,FWD,13,LEE,BHA
349,40,17,0,True,2026-09-14T19:00:00Z,4,1,4,False,0,0,0,0,0,0,0,0,0,0,0,0,0,0.0,0.0,0.0,0.0,0,0,0,0,0,0.00,0.00,0.00,0.00,45,-257,5498,775,1032,349,Mateo Joseph,FWD,13,LEE,NEW
349,44,8,0,True,2026-09-20T13:00:00Z,0,0,5,False,0,0,0,0,0,0,0,0,0,0,0,0,0,0.0,0.0,0.0,0.0,0,0,0,0,0,0.00,0.00,0.00,0.00,45,-70,5721,739,809,349,Mateo Joseph,FWD,13,LEE,CRY
385,6,18,9,False,2026-08-22T14:00:00Z,0,1,1,False,90,0,0,1,0,0,0,0,0,0,3,2,28,19.4,0.0,0.0,1.9,0,9,0,0,1,0.00,0.00,0.00,0.66,50,0,265439,0,0,385,Trafford,GK,13,LEE,NFO
385,17,4,3,True,2026-08-30T13:00:00Z,1,1,2,False,90,0,0,0,1,0,0,0,0,0,4,0,20,37.6,0.0,0.0,3.8,0,11,0,0,1,0.00,0.00,0.00,1.67,50,48690,437245,63794,15104,385,Trafford,GK,13,LEE,BRE
385,23,5,3,False,2026-09-05T14:00:00Z,1,1,3,False,90,0,0,0,1,0,0,0,0,0,4,0,18,34.8,0.0,0.0,3.5,2,11,0,0,1,0.00,0.00,0.00,2.19,50,32677,532682,81497,48820,385,Trafford,GK,13,LEE,BHA
385,40,17,3,True,2026-09-14T19:00:00Z,4,1,4,False,90,0,0,0,1,0,0,0,0,0,4,0,17,29.0,0.0,0.0,2.9,4,8,0,0,1,0.00,0.00,0.00,0.88,50,15245,583002,64368,49123,385,Trafford,GK,13,LEE,NEW
385,44,8,10,True,2026-09-20T13:00:00Z,0,0,5,False,90,0,0,1,0,0,0,0,0,0,5,3,34,27.8,0.0,0.0,2.8,0,16,0,0,1,0.00,0.00,0.00,1.06,50,1014,601728,32312,31298,385,Trafford,GK,13,LEE,CRY
598,6,18,0,False,2026-08-22T14:00:00Z,0,1,1,False,0,0,0,0,0,0,0,0,0,0,0,0,0,0.0,0.0,0.0,0.0,0,0,0,0,0,0.00,0.00,0.00,0.00,45,0,1842,0,0,598,Elvedi,DEF,13,LEE,NFO
598,17,4,1,True,2026-08-30T13:00:00Z,1,1,2,False,56,0,0,0,1,0,0,0,0,0,0,0,9,16.0,1.1,6.0,2.3,5,4,1,6,0,0.00,0.00,0.00,1.32,45,75,2511,354,279,598,Elvedi,DEF,13,LEE,BRE
598,23,5,4,False,2026-09-05T14:00:00Z,1,1,3,False,90,0,0,0,1,0,0,0,0,0,0,0,12,27.6,21.1,6.0,5.5,10,0,0,10,1,0.00,0.57,0.57,2.19,45,201,2951,729,528,598,Elvedi,DEF,13,LEE,BHA
598,40,17,2,True,2026-09-14T19:00:00Z,4,1,4,False,90,0,0,0,1,0,0,0,0,0,0,0,8,18.6,0.9,10.0,3.0,8,3,1,9,1,0.05,0.00,0.05,0.88,45,1498,4919,2774,1276,598,Elvedi,DEF,13,LEE,NEW
598,44,8,6,True,2026-09-20T13:00:00Z,0,0,5,False,90,0,0,1,0,0,0,0,0,0,0,0,27,20.8,2.3,17.0,4.0,4,1,0,4,1,0.07,0.01,0.08,1.06,45,782,6514,1258,476,598,Elvedi,DEF,13,LEE,CRY
603,6,18,0,False,2026-08-22T14:00:00Z,0,1,1,False,0,0,0,0,0,0,0,0,0,0,0,0,0,0.0,0.0,0.0,0.0,0,0,0,0,0,0.00,0.00,0.00,0.00,40,0,0,0,0,603,Lienou,DEF,13,LEE,NFO
603,17,4,0,True,2026-08-30T13:00:00Z,1,1,2,False,0,0,0,0,0,0,0,0,0,0,0,0,0,0.0,0.0,0.0,0.0,0,0,0,0,0,0.00,0.00,0.00,0.00,40,1169,7187,1488,319,603,Lienou,DEF,13,LEE,BRE
603,23,5,0,False,2026-09-05T14:00:00Z,1,1,3,False,0,0,0,0,0,0,0,0,0,0,0,0,0,0.0,0.0,0.0,0.0,0,0,0,0,0,0.00,0.00,0.00,0.00,40,1400,11399,2536,1136,603,Lienou,DEF,13,LEE,BHA
603,40,17,0,True,2026-09-14T19:00:00Z,4,1,4,False,0,0,0,0,0,0,0,0,0,0,0,0,0,0.0,0.0,0.0,0.0,0,0,0,0,0,0.00,0.00,0.00,0.00,40,388,11191,1426,1038,603,Lienou,DEF,13,LEE,NEW
603,44,8,0,True,2026-09-20T13:00:00Z,0,0,5,False,0,0,0,0,0,0,0,0,0,0,0,0,0,0.0,0.0,0.0,0.0,0,0,0,0,0,0.00,0.00,0.00,0.00,40,249,11401,1223,974,603,Lienou,DEF,13,LEE,CRY
604,6,18,0,False,2026-08-22T14:00:00Z,0,1,1,False,0,0,0,0,0,0,0,0,0,0,0,0,0,0.0,0.0,0.0,0.0,0,0,0,0,0,0.00,0.00,0.00,0.00,45,0,0,0,0,604,Cresswell,MID,13,LEE,NFO
604,17,4,0,True,2026-08-30T13:00:00Z,1,1,2,False,0,0,0,0,0,0,0,0,0,0,0,0,0,0.0,0.0,0.0,0.0,0,0,0,0,0,0.00,0.00,0.00,0.00,45,2319,7215,3029,710,604,Cresswell,MID,13,LEE,BRE
604,23,5,0,False,2026-09-05T14:00:00Z,1,1,3,False,0,0,0,0,0,0,0,0,0,0,0,0,0,0.0,0.0,0.0,0.0,0,0,0,0,0,0.00,0.00,0.00,0.00,45,3728,14318,5922,2194,604,Cresswell,MID,13,LEE,BHA
604,40,17,0,True,2026-09-14T19:00:00Z,4,1,4,False,0,0,0,0,0,0,0,0,0,0,0,0,0,0.0,0.0,0.0,0.0,0,0,0,0,0,0.00,0.00,0.00,0.00,45,1252,15793,3443,2191,604,Cresswell,MID,13,LEE,NEW
604,44,8,0,True,2026-09-20T13:00:00Z,0,0,5,False,0,0,0,0,0,0,0,0,0,0,0,0,0,0.0,0.0,0.0,0.0,0,0,0,0,0,0.00,0.00,0.00,0.00,45,-571,14890,1362,1933,604,Cresswell,MID,13,LEE,CRY
625,17,4,0,True,2026-08-30T13:00:00Z,1,1,2,False,0,0,0,0,0,0,0,0,0,0,0,0,0,0.0,0.0,0.0,0.0,0,0,0,0,0,0.00,0.00,0.00,0.00,40,0,0,0,0,625,Cairns,GK,13,LEE,BRE
625,23,5,0,False,2026-09-05T14:00:00Z,1,1,3,False,0,0,0,0,0,0,0,0,0,0,0,0,0,0.0,0.0,0.0,0.0,0,0,0,0,0,0.00,0.00,0.00,0.00,40,8041,19774,9425,1384,625,Cairns,GK,13,LEE,BHA
625,40,17,0,True,2026-09-14T19:00:00Z,4,1,4,False,0,0,0,0,0,0,0,0,0,0,0,0,0,0.0,0.0,0.0,0.0,0,0,0,0,0,0.00,0.00,0.00,0.00,40,3754,20648,6067,2313,625,Cairns,GK,13,LEE,NEW
625,44,8,0,True,2026-09-20T13:00:00Z,0,0,5,False,0,0,0,0,0,0,0,0,0,0,0,0,0,0.0,0.0,0.0,0.0,0,0,0,0,0,0.00,0.00,0.00,0.00,40,2006,23234,3467,1461,625,Cairns,GK,13,LEE,CRY
629,23,5,0,False,2026-09-05T14:00:00Z,1,1,3,False,0,0,0,0,0,0,0,0,0,0,0,0,0,0.0,0.0,0.0,0.0,0,0,0,0,0,0.00,0.00,0.00,0.00,40,11967,37143,13274,1307,629,Zetterer,GK,13,LEE,BHA
629,40,17,0,True,2026-09-14T19:00:00Z,4,1,4,False,0,0,0,0,0,0,0,0,0,0,0,0,0,0.0,0.0,0.0,0.0,0,0,0,0,0,0.00,0.00,0.00,0.00,40,18112,65838,23210,5098,629,Zetterer,GK,13,LEE,NEW
629,44,8,0,True,2026-09-20T13:00:00Z,0,0,5,False,0,0,0,0,0,0,0,0,0,0,0,0,0,0.0,0.0,0.0,0.0,0,0,0,0,0,0.00,0.00,0.00,0.00,40,13986,86238,18956,4970,629,Zetterer,GK,13,LEE,CRY
641,23,5,0,False,2026-09-05T14:00:00Z,1,1,3,False,0,0,0,0,0,0,0,0,0,0,0,0,0,0.0,0.0,0.0,0.0,0,0,0,0,0,0.00,0.00,0.00,0.00,45,149,242,177,28,641,Bard,DEF,13,LEE,BHA
641,40,17,1,True,2026-09-14T19:00:00Z,4,1,4,False,18,0,0,0,1,0,0,0,0,0,0,0,1,4.4,10.3,0.0,1.5,1,2,1,2,0,0.00,0.00,0.00,0.30,45,217,576,322,105,641,Bard,DEF,13,LEE,NEW
641,44,8,0,True,2026-09-20T13:00:00Z,0,0,5,False,0,0,0,0,0,0,0,0,0,0,0,0,0,0.0,0.0,0.0,0.0,0,0,0,0,0,0.00,0.00,0.00,0.00,45,220,877,363,143,641,Bard,DEF,13,LEE,CRY
648,23,5,0,False,2026-09-05T14:00:00Z,1,1,3,False,0,0,0,0,0,0,0,0,0,0,0,0,0,0.0,0.0,0.0,0.0,0,0,0,0,0,0.00,0.00,0.00,0.00,50,819,1030,1015,196,648,Bahoya,MID,13,LEE,BHA
648,40,17,0,True,2026-09-14T19:00:00Z,4,1,4,False,0,0,0,0,0,0,0,0,0,0,0,0,0,0.0,0.0,0.0,0.0,0,0,0,0,0,0.00,0.00,0.00,0.00,50,392,1465,754,362,648,Bahoya,MID,13,LEE,NEW
648,44,8,1,True,2026-09-20T13:00:00Z,0,0,5,False,1,0,0,0,0,0,0,0,0,0,0,0,5,1.0,0.3,0.0,0.1,0,0,0,0,0,0.00,0.00,0.00,0.00,50,-47,1449,363,410,648,Bahoya,MID,13,LEE,CRY
350,9,17,2,False,2026-08-23T15:30:00Z,2,2,1,False,90,0,0,0,2,0,0,0,0,0,3,0,7,17.8,0.0,0.0,1.8,2,6,0,0,1,0.00,0.00,0.00,1.58,55,0,302846,0,0,350,A.Becker,GK,14,LIV,NEW
350,14,18,0,True,2026-08-29T11:30:00Z,2,2,2,False,90,0,0,0,2,0,0,0,1,0,1,0,-5,7.6,0.0,0.0,0.8,2,4,0,0,1,0.00,0.00,0.00,2.30,55,4084,377543,25307,21223,350,A.Becker,GK,14,LIV,NFO
350,21,12,8,False,2026-09-04T19:00:00Z,0,2,3,False,90,0,0,1,0,0,0,0,0,0,5,1,35,30.4,0.0,0.0,3.0,2,14,0,0,1,0.00,0.00,0.00,0.75,55,-15469,402518,42521,57990,350,A.Becker,GK,14,LIV,IPS
350,35,10,9,True,2026-09-12T14:00:00Z,0,0,4,False,90,0,0,1,0,0,0,0,0,0,3,2,29,21.0,0.0,0.0,2.1,0,14,0,0,1,0.00,0.00,0.00,0.70,55,15592,438381,45421,29829,350,A.Becker,GK,14,LIV,FUL
350,49,3,8,False,2026-09-20T13:00:00Z,0,1,5,False,90,0,0,1,0,0,0,0,0,0,2,2,30,22.4,0.0,0.0,2.2,4,9,0,0,1,0.00,0.00,0.00,0.79,55,-4413,422308,20069,24482,350,A.Becker,GK,14,LIV,BOU
351,9,17,0,False,2026-08-23T15:30:00Z,2,2,1,False,0,0,0,0,0,0,0,0,0,0,0,0,0,0.0,0.0,0.0,0.0,0,0,0,0,0,0.00,0.00,0.00,0.00,50,0,13503,0,0,351,Mamardashvili,GK,14,LIV,NEW
351,14,18,0,True,2026-08-29T11:30:00Z,2,2,2,False,0,0,0,0,0,0,0,0,0,0,0,0,0,0.0,0.0,0.0,0.0,0,0,0,0,0,0.00,0.00,0.00,0.00,50,-1380,15032,658,2038,351,Mamardashvili,GK,14,LIV,NFO
351,21,12,0,False,2026-09-04T19:00:00Z,0,2,3,False,0,0,0,0,0,0,0,0,0,0,0,0,0,0.0,0.0,0.0,0.0,0,0,0,0,0,0.00,0.00,0.00,0.00,49,-1838,14432,1002,2840,351,Mamardashvili,GK,14,LIV,IPS
351,35,10,0,True,2026-09-12T14:00:00Z,0,0,4,False,0,0,0,0,0,0,0,0,0,0,0,0,0,0.0,0.0,0.0,0.0,0,0,0,0,0,0.00,0.00,0.00,0.00,49,-1342,13938,513,1855,351,Mamardashvili,GK,14,LIV,FUL
351,49,3,0,False,2026-09-20T13:00:00Z,0,1,5,False,0,0,0,0,0,0,0,0,0,0,0,0,0,0.0,0.0,0.0,0.0,0,0,0,0,0,0.00,0.00,0.00,0.00,49,-846,13807,439,1285,351,Mamardashvili,GK,14,LIV,BOU
352,9,17,0,False,2026-08-23T15:30:00Z,2,2,1,False,0,0,0,0,0,0,0,0,0,0,0,0,0,0.0,0.0,0.0,0.0,0,0,0,0,0,0.00,0.00,0.00,0.00,40,0,97477,0,0,352,Woodman,GK,14,LIV,NEW
352,14,18,0,True,2026-08-29T11:30:00Z,2,2,2,False,0,0,0,0,0,0,0,0,0,0,0,0,0,0.0,0.0,0.0,0.0,0,0,0,0,0,0.00,0.00,0.00,0.00,40,-2260,107195,3263,5523,352,Woodman,GK,14,LIV,NFO
352,21,12,0,False,2026-09-04T19:00:00Z,0,2,3,False,0,0,0,0,0,0,0,0,0,0,0,0,0,0.0,0.0,0.0,0.0,0,0,0,0,0,0.00,0.00,0.00,0.00,40,280,114962,8227,7947,352,Woodman,GK,14,LIV,IPS
352,35,10,0,True,2026-09-12T14:00:00Z,0,0,4,False,0,0,0,0,0,0,0,0,0,0,0,0,0,0.0,0.0,0.0,0.0,0,0,0,0,0,0.00,0.00,0.00,0.00,40,-3423,111999,3509,6932,352,Woodman,GK,14,LIV,FUL
352,49,3,0,False,2026-09-20T13:00:00Z,0,1,5,False,0,0,0,0,0,0,0,0,0,0,0,0,0,0.0,0.0,0.0,0.0,0,0,0,0,0,0.00,0.00,0.00,0.00,40,-1961,112455,2495,4456,352,Woodman,GK,14,LIV,BOU
353,9,17,0,False,2026-08-23T15:30:00Z,2,2,1,False,0,0,0,0,0,0,0,0,0,0,0,0,0,0.0,0.0,0.0,0.0,0,0,0,0,0,0.00,0.00,0.00,0.00,40,0,2936,0,0,353,Pecsi,GK,14,LIV,NEW
353,14,18,0,True,2026-08-29T11:30:00Z,2,2,2,False,0,0,0,0,0,0,0,0,0,0,0,0,0,0.0,0.0,0.0,0.0,0,0,0,0,0,0.00,0.00,0.00,0.00,40,-448,2467,0,448,353,Pecsi,GK,14,LIV,NFO
353,21,12,0,False,2026-09-04T19:00:00Z,0,2,3,False,0,0,0,0,0,0,0,0,0,0,0,0,0,0.0,0.0,0.0,0.0,0,0,0,0,0,0.00,0.00,0.00,0.00,40,-284,2180,0,284,353,Pecsi,GK,14,LIV,IPS
353,35,10,0,True,2026-09-12T14:00:00Z,0,0,4,False,0,0,0,0,0,0,0,0,0,0,0,0,0,0.0,0.0,0.0,0.0,0,0,0,0,0,0.00,0.00,0.00,0.00,40,-186,2007,0,186,353,Pecsi,GK,14,LIV,FUL
353,49,3,0,False,2026-09-20T13:00:00Z,0,1,5,False,0,0,0,0,0,0,0,0,0,0,0,0,0,0.0,0.0,0.0,0.0,0,0,0,0,0,0.00,0.00,0.00,0.00,40,-109,1905,0,109,353,Pecsi,GK,14,LIV,BOU
354,9,17,0,False,2026-08-23T15:30:00Z,2,2,1,False,0,0,0,0,0,0,0,0,0,0,0,0,0,0.0,0.0,0.0,0.0,0,0,0,0,0,0.00,0.00,0.00,0.00,40,0,1351,0,0,354,Jaros,GK,14,LIV,NEW
354,14,18,0,True,2026-08-29T11:30:00Z,2,2,2,False,0,0,0,0,0,0,0,0,0,0,0,0,0,0.0,0.0,0.0,0.0,0,0,0,0,0,0.00,0.00,0.00,0.00,40,-16,1453,163,179,354,Jaros,GK,14,LIV,NFO
354,21,12,0,False,2026-09-04T19:00:00Z,0,2,3,False,0,0,0,0,0,0,0,0,0,0,0,0,0,0.0,0.0,0.0,0.0,0,0,0,0,0,0.00,0.00,0.00,0.00,40,213,1744,549,336,354,Jaros,GK,14,LIV,IPS
354,35,10,0,True,2026-09-12T14:00:00Z,0,0,4,False,0,0,0,0,0,0,0,0,0,0,0,0,0,0.0,0.0,0.0,0.0,0,0,0,0,0,0.00,0.00,0.00,0.00,40,157,1961,567,410,354,Jaros,GK,14,LIV,FUL
354,49,3,0,False,2026-09-20T13:00:00Z,0,1,5,False,0,0,0,0,0,0,0,0,0,0,0,0,0,0.0,0.0,0.0,0.0,0,0,0,0,0,0.00,0.00,0.00,0.00,40,107,2153,268,161,354,Jaros,GK,14,LIV,BOU
355,9,17,0,False,2026-08-23T15:30:00Z,2,2,1,False,0,0,0,0,0,0,0,0,0,0,0,0,0,0.0,0.0,0.0,0.0,0,0,0,0,0,0.00,0.00,0.00,0.00,40,0,11845,0,0,355,Davies,GK,14,LIV,NEW
355,14,18,0,True,2026-08-29T11:30:00Z,2,2,2,False,0,0,0,0,0,0,0,0,0,0,0,0,0,0.0,0.0,0.0,0.0,0,0,0,0,0,0.00,0.00,0.00,0.00,40,-69,13945,644,713,355,Davies,GK,14,LIV,NFO
355,21,12,0,False,2026-09-04T19:00:00Z,0,2,3,False,0,0,0,0,0,0,0,0,0,0,0,0,0,0.0,0.0,0.0,0.0,0,0,0,0,0,0.00,0.00,0.00,0.00,40,578,16191,1717,1139,355,Davies,GK,14,LIV,IPS
355,35,10,0,True,2026-09-12T14:00:00Z,0,0,4,False,0,0,0,0,0,0,0,0,0,0,0,0,0,0.0,0.0,0.0,0.0,0,0,0,0,0,0.00,0.00,0.00,0.00,40,67,16844,1195,1128,355,Davies,GK,14,LIV,FUL
355,49,3,0,False,2026-09-20T13:00:00Z,0,1,5,False,0,0,0,0,0,0,0,0,0,0,0,0,0,0.0,0.0,0.0,0.0,0,0,0,0,0,0.00,0.00,0.00,0.00,40,96,17657,896,800,355,Davies,GK,14,LIV,BOU
356,9,17,2,False,2026-08-23T15:30:00Z,2,2,1,False,90,0,0,0,2,0,0,0,1,0,0,0,8,25.6,1.6,24.0,5.1,9,6,2,11,1,0.25,0.01,0.26,1.58,65,0,1670280,0,0,356,Virgil,DEF,14,LIV,NEW
356,14,18,1,True,2026-08-29T11:30:00Z,2,2,2,False,90,0,0,0,2,0,0,0,0,0,0,0,5,24.6,4.3,2.0,3.1,7,5,0,7,1,0.00,0.03,0.03,2.30,65,-4506,1939518,74614,79120,356,Virgil,DEF,14,LIV,NFO
356,21,12,6,False,2026-09-04T19:00:00Z,0,2,3,False,90,0,0,1,0,0,0,0,0,0,0,0,32,23.2,1.8,0.0,2.5,4,4,3,7,1,0.00,0.02,0.02,0.75,65,-205785,1837428,67650,273435,356,Virgil,DEF,14,LIV,IPS
356,35,10,8,True,2026-09-12T14:00:00Z,0,0,4,False,90,0,0,1,0,0,0,0,0,0,0,0,25,25.8,12.8,0.0,3.9,10,1,0,10,1,0.00,0.01,0.01,0.70,65,-48305,1832589,79775,128080,356,Virgil,DEF,14,LIV,FUL
356,49,3,8,False,2026-09-20T13:00:00Z,0,1,5,False,90,0,0,1,0,0,0,0,0,0,0,0,26,25.8,1.8,0.0,2.8,13,2,0,13,1,0.00,0.01,0.01,0.79,65,-57021,1767010,34977,91998,356,Virgil,DEF,14,LIV,BOU
357,9,17,0,False,2026-08-23T15:30:00Z,2,2,1,False,90,0,0,0,2,0,0,0,1,0,0,0,3,13.6,37.8,10.0,6.1,1,3,1,2,1,0.01,0.09,0.10,1.58,55,0,302241,0,0,357,Frimpong,DEF,14,LIV,NEW
357,14,18,1,True,2026-08-29T11:30:00Z,2,2,2,False,70,0,0,0,2,0,0,0,0,0,0,0,9,12.8,13.8,4.0,3.1,4,3,2,6,1,0.00,0.02,0.02,2.23,55,-9049,339802,24520,33569,357,Frimpong,DEF,14,LIV,NFO
357,21,12,0,False,2026-09-04T19:00:00Z,0,2,3,False,0,0,0,0,0,0,0,0,0,0,0,0,0,0.0,0.0,0.0,0.0,0,0,0,0,0,0.00,0.00,0.00,0.00,55,-45306,309643,25094,70400,357,Frimpong,DEF,14,LIV,IPS
357,35,10,1,True,2026-09-12T14:00:00Z,0,0,4,False,18,0,0,0,0,0,0,0,0,0,0,0,12,13.0,24.9,2.0,4.0,3,1,1,4,0,0.00,0.12,0.12,0.10,54,-81882,231759,4729,86611,357,Frimpong,DEF,14,LIV,FUL
357,49,3,0,False,2026-09-20T13:00:00Z,0,1,5,False,0,0,0,0,0,0,0,0,0,0,0,0,0,0.0,0.0,0.0,0.0,0,0,0,0,0,0.00,0.00,0.00,0.00,53,-39805,198877,3000,42805,357,Frimpong,DEF,14,LIV,BOU
358,9,17,0,False,2026-08-23T15:30:00Z,2,2,1,False,90,0,0,0,2,0,0,0,1,0,0,0,3,18.0,13.8,12.0,4.4,4,3,3,7,1,0.02,0.02,0.04,1.58,55,0,332539,0,0,358,Kerkez,DEF,14,LIV,NEW
358,14,18,1,True,2026-08-29T11:30:00Z,2,2,2,False,70,0,0,0,2,0,0,0,0,0,0,0,9,24.0,12.8,0.0,3.7,7,4,1,8,1,0.00,0.01,0.01,2.23,55,-18742,347978,15645,34387,358,Kerkez,DEF,14,LIV,NFO
358,21,12,5,False,2026-09-04T19:00:00Z,0,2,3,False,90,0,0,1,0,0,0,0,1,0,0,0,23,13.8,11.3,0.0,2.5,3,1,2,5,1,0.00,0.03,0.03,0.75,55,-51052,302995,13999,65051,358,Kerkez,DEF,14,LIV,IPS
358,35,10,1,True,2026-09-12T14:00:00Z,0,0,4,False,45,0,0,0,0,0,0,0,0,0,0,0,6,9.8,7.1,0.0,1.7,2,0,1,3,0,0.00,0.01,0.01,0.30,54,-22124,288013,12338,34462,358,Kerkez,DEF,14,LIV,FUL
358,49,3,6,False,2026-09-20T13:00:00Z,0,1,5,False,90,0,0,1,0,0,0,0,0,0,0,0,22,9.8,2.3,2.0,1.4,6,2,1,7,1,0.05,0.01,0.06,0.79,54,-40437,246708,3035,43472,358,Kerkez,DEF,14,LIV,BOU
359,9,17,0,False,2026-08-23T15:30:00Z,2,2,1,False,0,0,0,0,0,0,0,0,0,0,0,0,0,0.0,0.0,0.0,0.0,0,0,0,0,0,0.00,0.00,0.00,0.00,50,0,1714,0,0,359,Gomez,DEF,14,LIV,NEW
359,14,18,0,True,2026-08-29T11:30:00Z,2,2,2,False,0,0,0,0,0,0,0,0,0,0,0,0,0,0.0,0.0,0.0,0.0,0,0,0,0,0,0.00,0.00,0.00,0.00,50,-330,1606,79,409,359,Gomez,DEF,14,LIV,NFO
359,21,12,0,False,2026-09-04T19:00:00Z,0,2,3,False,0,0,0,0,0,0,0,0,0,0,0,0,0,0.0,0.0,0.0,0.0,0,0,0,0,0,0.00,0.00,0.00,0.00,50,-255,1465,70,325,359,Gomez,DEF,14,LIV,IPS
359,35,10,0,True,2026-09-12T14:00:00Z,0,0,4,False,0,0,0,0,0,0,0,0,0,0,0,0,0,0.0,0.0,0.0,0.0,0,0,0,0,0,0.00,0.00,0.00,0.00,50,-137,1392,74,211,359,Gomez,DEF,14,LIV,FUL
359,49,3,0,False,2026-09-20T13:00:00Z,0,1,5,False,0,0,0,0,0,0,0,0,0,0,0,0,0,0.0,0.0,0.0,0.0,0,0,0,0,0,0.00,0.00,0.00,0.00,49,78,1679,197,119,359,Gomez,DEF,14,LIV,BOU
360,9,17,0,False,2026-08-23T15:30:00Z,2,2,1,False,0,0,0,0,0,0,0,0,0,0,0,0,0,0.0,0.0,0.0,0.0,0,0,0,0,0,0.00,0.00,0.00,0.00,50,0,957,0,0,360,Bradley,DEF,14,LIV,NEW
360,14,18,0,True,2026-08-29T11:30:00Z,2,2,2,False,0,0,0,0,0,0,0,0,0,0,0,0,0,0.0,0.0,0.0,0.0,0,0,0,0,0,0.00,0.00,0.00,0.00,50,-140,1023,79,219,360,Bradley,DEF,14,LIV,NFO
360,21,12,0,False,2026-09-04T19:00:00Z,0,2,3,False,0,0,0,0,0,0,0,0,0,0,0,0,0,0.0,0.0,0.0,0.0,0,0,0,0,0,0.00,0.00,0.00,0.00,50,-104,1036,114,218,360,Bradley,DEF,14,LIV,IPS
360,35,10,0,True,2026-09-12T14:00:00Z,0,0,4,False,0,0,0,0,0,0,0,0,0,0,0,0,0,0.0,0.0,0.0,0.0,0,0,0,0,0,0.00,0.00,0.00,0.00,50,-94,1010,67,161,360,Bradley,DEF,14,LIV,FUL
360,49,3,0,False,2026-09-20T13:00:00Z,0,1,5,False,0,0,0,0,0,0,0,0,0,0,0,0,0,0.0,0.0,0.0,0.0,0,0,0,0,0,0.00,0.00,0.00,0.00,50,-57,1005,57,114,360,Bradley,DEF,14,LIV,BOU
361,9,17,0,False,2026-08-23T15:30:00Z,2,2,1,False,0,0,0,0,0,0,0,0,0,0,0,0,0,0.0,0.0,0.0,0.0,0,0,0,0,0,0.00,0.00,0.00,0.00,40,0,10838,0,0,361,Lucky,DEF,14,LIV,NEW
361,14,18,0,True,2026-08-29T11:30:00Z,2,2,2,False,0,0,0,0,0,0,0,0,0,0,0,0,0,0.0,0.0,0.0,0.0,0,0,0,0,0,0.00,0.00,0.00,0.00,40,-529,11947,608,1137,361,Lucky,DEF,14,LIV,NFO
361,21,12,0,False,2026-09-04T19:00:00Z,0,2,3,False,0,0,0,0,0,0,0,0,0,0,0,0,0,0.0,0.0,0.0,0.0,0,0,0,0,0,0.00,0.00,0.00,0.00,40,-8,13766,1420,1428,361,Lucky,DEF,14,LIV,IPS
361,35,10,0,True,2026-09-12T14:00:00Z,0,0,4,False,0,0,0,0,0,0,0,0,0,0,0,0,0,0.0,0.0,0.0,0.0,0,0,0,0,0,0.00,0.00,0.00,0.00,40,-645,13224,832,1477,361,Lucky,DEF,14,LIV,FUL
361,49,3,0,False,2026-09-20T13:00:00Z,0,1,5,False,0,0,0,0,0,0,0,0,0,0,0,0,0,0.0,0.0,0.0,0.0,0,0,0,0,0,0.00,0.00,0.00,0.00,40,-466,13179,717,1183,361,Lucky,DEF,14,LIV,BOU
362,9,17,1,False,2026-08-23T15:30:00Z,2,2,1,False,69,0,0,0,2,0,0,0,0,0,0,0,9,12.4,11.9,0.0,2.4,2,3,1,3,1,0.00,0.02,0.02,1.04,50,0,205604,0,0,362,Jacquet,DEF,14,LIV,NEW
362,14,18,3,True,2026-08-29T11:30:00Z,2,2,2,False,76,0,0,0,2,0,0,0,0,0,0,0,13,30.8,15.1,2.0,4.8,8,4,3,11,1,0.00,0.05,0.05,2.23,50,4556,235410,22712,18156,362,Jacquet,DEF,14,LIV,NFO
362,21,12,5,False,2026-09-04T19:00:00Z,0,2,3,False,90,0,0,1,0,0,0,0,1,0,0,0,28,22.8,12.5,2.0,3.7,6,3,3,9,1,0.00,0.03,0.03,0.75,50,16306,277052,56823,40517,362,Jacquet,DEF,14,LIV,IPS
362,35,10,9,True,2026-09-12T14:00:00Z,0,0,4,False,90,0,0,1,0,0,0,0,0,0,0,3,36,20.2,3.3,0.0,2.4,4,5,1,5,1,0.00,0.02,0.02,0.70,50,16244,298463,48593,32349,362,Jacquet,DEF,14,LIV,FUL
362,49,3,6,False,2026-09-20T13:00:00Z,0,1,5,False,90,0,0,1,0,0,0,0,0,0,0,0,26,20.0,1.7,0.0,2.2,5,6,3,8,1,0.00,0.02,0.02,0.79,50,50743,355709,69754,19011,362,Jacquet,DEF,14,LIV,BOU
363,9,17,0,False,2026-08-23T15:30:00Z,2,2,1,False,0,0,0,0,0,0,0,0,0,0,0,0,0,0.0,0.0,0.0,0.0,0,0,0,0,0,0.00,0.00,0.00,0.00,40,0,4082,0,0,363,Leoni,DEF,14,LIV,NEW
363,14,18,0,True,2026-08-29T11:30:00Z,2,2,2,False,0,0,0,0,0,0,0,0,0,0,0,0,0,0.0,0.0,0.0,0.0,0,0,0,0,0,0.00,0.00,0.00,0.00,40,-337,4039,182,519,363,Leoni,DEF,14,LIV,NFO
363,21,12,0,False,2026-09-04T19:00:00Z,0,2,3,False,0,0,0,0,0,0,0,0,0,0,0,0,0,0.0,0.0,0.0,0.0,0,0,0,0,0,0.00,0.00,0.00,0.00,40,-285,3887,332,617,363,Leoni,DEF,14,LIV,IPS
363,35,10,0,True,2026-09-12T14:00:00Z,0,0,4,False,0,0,0,0,0,0,0,0,0,0,0,0,0,0.0,0.0,0.0,0.0,0,0,0,0,0,0.00,0.00,0.00,0.00,40,-297,3654,161,458,363,Leoni,DEF,14,LIV,FUL
363,49,3,0,False,2026-09-20T13:00:00Z,0,1,5,False,0,0,0,0,0,0,0,0,0,0,0,0,0,0.0,0.0,0.0,0.0,0,0,0,0,0,0.00,0.00,0.00,0.00,40,-211,3493,126,337,363,Leoni,DEF,14,LIV,BOU
364,9,17,0,False,2026-08-23T15:30:00Z,2,2,1,False,0,0,0,0,0,0,0,0,0,0,0,0,0,0.0,0.0,0.0,0.0,0,0,0,0,0,0.00,0.00,0.00,0.00,50,0,6683,0,0,364,Tsimikas,DEF,14,LIV,NEW
364,14,18,1,True,2026-08-29T11:30:00Z,2,2,2,False,19,0,0,0,0,0,0,0,0,0,0,0,4,3.6,1.3,9.0,1.4,0,0,0,0,0,0.04,0.01,0.05,0.07,50,-643,7352,339,982,364,Tsimikas,DEF,14,LIV,NFO
364,21,12,0,False,2026-09-04T19:00:00Z,0,2,3,False,0,0,0,0,0,0,0,0,0,0,0,0,0,0.0,0.0,0.0,0.0,0,0,0,0,0,0.00,0.00,0.00,0.00,50,-600,7858,487,1087,364,Tsimikas,DEF,14,LIV,IPS
364,35,10,1,True,2026-09-12T14:00:00Z,0,0,4,False,45,0,0,0,0,0,0,0,0,0,0,0,2,2.8,1.6,0.0,0.4,2,3,1,3,1,0.00,0.01,0.01,0.40,49,-934,7588,362,1296,364,Tsimikas,DEF,14,LIV,FUL
364,49,3,0,False,2026-09-20T13:00:00Z,0,1,5,False,0,0,0,0,0,0,0,0,0,0,0,0,0,0.0,0.0,0.0,0.0,0,0,0,0,0,0.00,0.00,0.00,0.00,49,-362,7658,299,661,364,Tsimikas,DEF,14,LIV,BOU
365,9,17,0,False,2026-08-23T15:30:00Z,2,2,1,False,0,0,0,0,0,0,0,0,0,0,0,0,0,0.0,0.0,0.0,0.0,0,0,0,0,0,0.00,0.00,0.00,0.00,40,0,19328,0,0,365,Ramsay,DEF,14,LIV,NEW
365,14,18,0,True,2026-08-29T11:30:00Z,2,2,2,False,0,0,0,0,0,0,0,0,0,0,0,0,0,0.0,0.0,0.0,0.0,0,0,0,0,0,0.00,0.00,0.00,0.00,40,-3114,18344,638,3752,365,Ramsay,DEF,14,LIV,NFO
365,21,12,0,False,2026-09-04T19:00:00Z,0,2,3,False,0,0,0,0,0,0,0,0,0,0,0,0,0,0.0,0.0,0.0,0.0,0,0,0,0,0,0.00,0.00,0.00,0.00,40,-5215,12989,0,5215,365,Ramsay,DEF,14,LIV,IPS
365,35,10,0,True,2026-09-12T14:00:00Z,0,0,4,False,0,0,0,0,0,0,0,0,0,0,0,0,0,0.0,0.0,0.0,0.0,0,0,0,0,0,0.00,0.00,0.00,0.00,40,-2067,11136,0,2067,365,Ramsay,DEF,14,LIV,FUL
365,49,3,0,False,2026-09-20T13:00:00Z,0,1,5,False,0,0,0,0,0,0,0,0,0,0,0,0,0,0.0,0.0,0.0,0.0,0,0,0,0,0,0.00,0.00,0.00,0.00,40,-1195,10034,0,1195,365,Ramsay,DEF,14,LIV,BOU
366,9,17,2,False,2026-08-23T15:30:00Z,2,2,1,False,62,0,0,0,2,0,0,0,0,0,0,0,16,9.8,17.9,29.0,5.7,0,4,1,5,1,0.26,0.04,0.30,0.51,75,0,1122658,0,0,366,Wirtz,MID,14,LIV,NEW
366,14,18,4,True,2026-08-29T11:30:00Z,2,2,2,False,90,0,1,0,2,0,0,0,1,0,0,0,23,27.8,24.3,22.0,7.4,0,7,3,10,1,0.23,0.20,0.43,2.30,75,-98339,1118328,24923,123262,366,Wirtz,MID,14,LIV,NFO
366,21,12,3,False,2026-09-04T19:00:00Z,0,2,3,False,90,0,0,1,0,0,0,0,0,0,0,0,14,6.6,34.0,22.0,6.3,0,4,0,4,1,0.18,0.05,0.23,0.65,75,-121349,1044657,69030,190379,366,Wirtz,MID,14,LIV,IPS
366,35,10,3,True,2026-09-12T14:00:00Z,0,0,4,False,90,0,0,1,0,0,0,0,0,0,0,0,14,7.6,31.8,12.0,5.1,2,6,1,9,1,0.11,0.06,0.17,0.70,74,-199592,837754,30578,230170,366,Wirtz,MID,14,LIV,FUL
366,49,3,6,False,2026-09-20T13:00:00Z,0,1,5,False,70,0,1,1,0,0,0,0,0,0,0,0,25,13.2,39.3,16.0,6.9,1,4,3,8,1,0.22,0.05,0.27,0.66,73,-173849,650329,5737,179586,366,Wirtz,MID,14,LIV,BOU
367,9,17,12,False,2026-08-23T15:30:00Z,2,2,1,False,90,1,0,0,2,0,0,0,0,0,0,3,33,44.0,34.0,37.0,11.5,4,5,3,12,1,0.30,0.15,0.45,1.58,70,0,310403,0,0,367,Gakpo,MID,14,LIV,NEW
367,14,18,5,True,2026-08-29T11:30:00Z,2,2,2,False,70,0,1,0,2,0,0,0,0,0,0,0,21,23.2,27.8,6.0,5.7,1,2,0,3,1,0.00,0.65,0.65,2.23,70,177953,653797,205704,27751,367,Gakpo,MID,14,LIV,NFO
367,21,12,11,False,2026-09-04T19:00:00Z,0,2,3,False,90,0,2,1,0,0,0,0,0,0,0,2,43,49.6,42.7,13.0,10.5,2,5,3,10,1,0.06,0.40,0.46,0.75,71,103812,933667,234993,131181,367,Gakpo,MID,14,LIV,IPS
367,35,10,1,True,2026-09-12T14:00:00Z,0,0,4,False,30,0,0,0,0,0,0,0,0,0,0,0,3,0.8,1.3,7.0,0.9,0,2,0,2,0,0.08,0.02,0.10,0.16,72,357507,1328735,670039,312532,367,Gakpo,MID,14,LIV,FUL
367,49,3,3,False,2026-09-20T13:00:00Z,0,1,5,False,90,0,0,1,0,0,0,0,0,0,0,0,13,15.8,43.0,7.0,6.6,2,1,2,5,1,0.20,0.49,0.69,0.79,72,19543,1383393,175676,156133,367,Gakpo,MID,14,LIV,BOU
368,9,17,8,False,2026-08-23T15:30:00Z,2,2,1,False,90,1,0,0,2,0,0,0,0,0,0,1,29,50.4,47.1,21.0,11.9,2,4,1,7,1,0.85,0.27,1.12,1.58,70,0,3733259,0,0,368,Szoboszlai,MID,14,LIV,NEW
368,14,18,4,True,2026-08-29T11:30:00Z,2,2,2,False,90,0,0,0,2,0,0,0,0,0,0,0,24,21.4,40.7,4.0,6.6,3,7,3,13,1,0.16,0.17,0.33,2.30,70,177598,4309636,245003,67405,368,Szoboszlai,MID,14,LIV,NFO
368,21,12,3,False,2026-09-04T19:00:00Z,0,2,3,False,90,0,0,1,0,0,0,0,0,0,0,0,20,19.4,29.9,21.0,7.0,3,6,0,9,1,0.16,0.08,0.24,0.75,70,-105407,4313411,281021,386428,368,Szoboszlai,MID,14,LIV,IPS
368,35,10,3,True,2026-09-12T14:00:00Z,0,0,4,False,90,0,0,1,0,0,0,0,0,0,0,0,25,16.0,55.7,9.0,8.1,3,3,0,6,1,0.12,0.28,0.40,0.70,70,-242164,4135360,274640,516804,368,Szoboszlai,MID,14,LIV,FUL
368,49,3,2,False,2026-09-20T13:00:00Z,0,1,5,False,80,0,0,1,0,0,0,0,1,0,0,0,5,1.6,4.6,2.0,0.8,2,2,2,6,1,0.13,0.02,0.15,0.66,70,-405826,3685230,91695,497521,368,Szoboszlai,MID,14,LIV,BOU
369,9,17,2,False,2026-08-23T15:30:00Z,2,2,1,False,62,0,0,0,2,0,0,0,0,0,0,0,9,2.4,6.0,5.0,1.3,0,2,1,3,1,0.04,0.02,0.06,0.51,60,0,104767,0,0,369,Ngumoha,MID,14,LIV,NEW
369,14,18,1,True,2026-08-29T11:30:00Z,2,2,2,False,19,0,0,0,0,0,0,0,0,0,0,0,5,2.0,1.3,2.0,0.5,0,0,0,0,0,0.00,0.03,0.03,0.07,60,-9330,106917,5547,14877,369,Ngumoha,MID,14,LIV,NFO
369,21,12,0,False,2026-09-04T19:00:00Z,0,2,3,False,0,0,0,0,0,0,0,0,0,0,0,0,0,0.0,0.0,0.0,0.0,0,0,0,0,0,0.00,0.00,0.00,0.00,59,-31936,77015,3473,35409,369,Ngumoha,MID,14,LIV,IPS
369,35,10,1,True,2026-09-12T14:00:00Z,0,0,4,False,18,0,0,0,0,0,0,0,0,0,0,0,-1,0.0,0.8,4.0,0.3,1,0,0,1,0,0.11,0.00,0.11,0.10,58,-20391,60213,3022,23413,369,Ngumoha,MID,14,LIV,FUL
369,49,3,0,False,2026-09-20T13:00:00Z,0,1,5,False,0,0,0,0,0,0,0,0,0,0,0,0,0,0.0,0.0,0.0,0.0,0,0,0,0,0,0.00,0.00,0.00,0.00,58,-9591,52264,1736,11327,369,Ngumoha,MID,14,LIV,BOU
370,9,17,0,False,2026-08-23T15:30:00Z,2,2,1,False,0,0,0,0,0,0,0,0,0,0,0,0,0,0.0,0.0,0.0,0.0,0,0,0,0,0,0.00,0.00,0.00,0.00,55,0,11756,0,0,370,Chiesa,MID,14,LIV,NEW
370,14,18,0,True,2026-08-29T11:30:00Z,2,2,2,False,0,0,0,0,0,0,0,0,0,0,0,0,0,0.0,0.0,0.0,0.0,0,0,0,0,0,0.00,0.00,0.00,0.00,55,-2965,10863,585,3550,370,Chiesa,MID,14,LIV,NFO
370,21,12,0,False,2026-09-04T19:00:00Z,0,2,3,False,0,0,0,0,0,0,0,0,0,0,0,0,0,0.0,0.0,0.0,0.0,0,0,0,0,0,0.00,0.00,0.00,0.00,54,-4196,6728,50,4246,370,Chiesa,MID,14,LIV,IPS
370,35,10,0,True,2026-09-12T14:00:00Z,0,0,4,False,0,0,0,0,0,0,0,0,0,0,0,0,0,0.0,0.0,0.0,0.0,0,0,0,0,0,0.00,0.00,0.00,0.00,54,-1366,5591,14,1380,370,Chiesa,MID,14,LIV,FUL
370,49,3,0,False,2026-09-20T13:00:00Z,0,1,5,False,0,0,0,0,0,0,0,0,0,0,0,0,0,0.0,0.0,0.0,0.0,0,0,0,0,0,0.00,0.00,0.00,0.00,54,-641,5019,16,657,370,Chiesa,MID,14,LIV,BOU
371,9,17,5,False,2026-08-23T15:30:00Z,2,2,1,False,77,0,1,0,2,0,0,0,0,0,0,0,26,24.4,16.0,4.0,4.4,2,8,1,11,1,0.06,0.05,0.11,1.10,60,0,172067,0,0,371,Gravenberch,MID,14,LIV,NEW
371,14,18,1,True,2026-08-29T11:30:00Z,2,2,2,False,19,0,0,0,0,0,0,0,0,0,0,0,7,4.4,12.1,0.0,1.7,0,0,1,1,0,0.00,0.01,0.01,0.07,60,-178,196536,15005,15183,371,Gravenberch,MID,14,LIV,NFO
371,21,12,1,False,2026-09-04T19:00:00Z,0,2,3,False,26,0,0,0,0,0,0,0,0,0,0,0,2,2.2,1.7,0.0,0.4,1,1,0,2,0,0.00,0.00,0.00,0.17,60,-34196,168420,10774,44970,371,Gravenberch,MID,14,LIV,IPS
371,35,10,1,True,2026-09-12T14:00:00Z,0,0,4,False,59,0,0,0,0,0,0,0,0,0,0,0,13,19.6,11.4,2.0,3.3,7,1,2,10,1,0.04,0.01,0.05,0.54,59,-33117,140580,5155,38272,371,Gravenberch,MID,14,LIV,FUL
371,49,3,1,False,2026-09-20T13:00:00Z,0,1,5,False,9,0,0,0,0,0,0,0,0,0,0,0,3,0.0,1.5,0.0,0.1,0,1,0,1,0,0.00,0.01,0.01,0.14,59,-19324,124836,3604,22928,371,Gravenberch,MID,14,LIV,BOU
372,9,17,1,False,2026-08-23T15:30:00Z,2,2,1,False,27,0,0,0,0,0,0,0,0,0,0,0,9,5.8,1.4,0.0,0.7,0,1,2,3,0,0.00,0.01,0.01,1.07,55,0,151941,0,0,372,Mac Allister,MID,14,LIV,NEW
372,14,18,2,True,2026-08-29T11:30:00Z,2,2,2,False,76,0,0,0,2,0,0,0,0,0,0,0,10,12.6,7.7,0.0,2.0,2,5,3,10,1,0.00,0.39,0.39,2.23,55,-14941,156781,6567,21508,372,Mac Allister,MID,14,LIV,NFO
372,21,12,2,False,2026-09-04T19:00:00Z,0,2,3,False,83,0,0,1,0,0,0,0,1,0,0,0,14,16.6,12.8,18.0,4.7,3,5,3,11,1,0.08,0.02,0.10,0.60,55,-17436,147584,10622,28058,372,Mac Allister,MID,14,LIV,IPS
372,35,10,1,True,2026-09-12T14:00:00Z,0,0,4,False,30,0,0,0,0,0,0,0,0,0,0,0,7,9.2,22.4,4.0,3.6,2,1,1,4,0,0.02,0.02,0.04,0.16,54,-7817,145908,12996,20813,372,Mac Allister,MID,14,LIV,FUL
372,49,3,5,False,2026-09-20T13:00:00Z,0,1,5,False,90,0,0,1,0,0,0,0,0,0,0,0,19,14.0,6.5,4.0,2.5,4,7,2,13,1,0.00,0.05,0.05,0.79,54,-7900,141772,11435,19335,372,Mac Allister,MID,14,LIV,BOU
373,9,17,0,False,2026-08-23T15:30:00Z,2,2,1,False,0,0,0,0,0,0,0,0,0,0,0,0,0,0.0,0.0,0.0,0.0,0,0,0,0,0,0.00,0.00,0.00,0.00,55,0,4822,0,0,373,C.Jones,MID,14,LIV,NEW
373,14,18,0,True,2026-08-29T11:30:00Z,2,2,2,False,0,0,0,0,0,0,0,0,0,0,0,0,0,0.0,0.0,0.0,0.0,0,0,0,0,0,0.00,0.00,0.00,0.00,55,-1095,3769,33,1128,373,C.Jones,MID,14,LIV,NFO
373,21,12,0,False,2026-09-04T19:00:00Z,0,2,3,False,0,0,0,0,0,0,0,0,0,0,0,0,0,0.0,0.0,0.0,0.0,0,0,0,0,0,0.00,0.00,0.00,0.00,55,-929,2874,1,930,373,C.Jones,MID,14,LIV,IPS
373,35,10,0,True,2026-09-12T14:00:00Z,0,0,4,False,0,0,0,0,0,0,0,0,0,0,0,0,0,0.0,0.0,0.0,0.0,0,0,0,0,0,0.00,0.00,0.00,0.00,55,-372,2535,0,372,373,C.Jones,MID,14,LIV,FUL
373,49,3,0,False,2026-09-20T13:00:00Z,0,1,5,False,0,0,0,0,0,0,0,0,0,0,0,0,0,0.0,0.0,0.0,0.0,0,0,0,0,0,0.00,0.00,0.00,0.00,55,-157,2382,0,157,373,C.Jones,MID,14,LIV,BOU
374,9,17,0,False,2026-08-23T15:30:00Z,2,2,1,False,0,0,0,0,0,0,0,0,0,0,0,0,0,0.0,0.0,0.0,0.0,0,0,0,0,0,0.00,0.00,0.00,0.00,50,0,5090,0,0,374,Endo,MID,14,LIV,NEW
374,14,18,0,True,2026-08-29T11:30:00Z,2,2,2,False,0,0,0,0,0,0,0,0,0,0,0,0,0,0.0,0.0,0.0,0.0,0,0,0,0,0,0.00,0.00,0.00,0.00,50,-500,6389,485,985,374,Endo,MID,14,LIV,NFO
374,21,12,0,False,2026-09-04T19:00:00Z,0,2,3,False,0,0,0,0,0,0,0,0,0,0,0,0,0,0.0,0.0,0.0,0.0,0,0,0,0,0,0.00,0.00,0.00,0.00,50,-648,6810,798,1446,374,Endo,MID,14,LIV,IPS
374,35,10,0,True,2026-09-12T14:00:00Z,0,0,4,False,0,0,0,0,0,0,0,0,0,0,0,0,0,0.0,0.0,0.0,0.0,0,0,0,0,0,0.00,0.00,0.00,0.00,49,-568,6867,531,1099,374,Endo,MID,14,LIV,FUL
374,49,3,0,False,2026-09-20T13:00:00Z,0,1,5,False,0,0,0,0,0,0,0,0,0,0,0,0,0,0.0,0.0,0.0,0.0,0,0,0,0,0,0.00,0.00,0.00,0.00,49,-487,6761,349,836,374,Endo,MID,14,LIV,BOU
375,9,17,0,False,2026-08-23T15:30:00Z,2,2,1,False,0,0,0,0,0,0,0,0,0,0,0,0,0,0.0,0.0,0.0,0.0,0,0,0,0,0,0.00,0.00,0.00,0.00,50,0,3729,0,0,375,Nyoni,MID,14,LIV,NEW
375,14,18,1,True,2026-08-29T11:30:00Z,2,2,2,False,13,0,0,0,0,0,0,0,0,0,0,0,3,6.4,2.2,0.0,0.9,1,2,2,5,0,0.00,0.00,0.00,0.07,50,-534,3607,139,673,375,Nyoni,MID,14,LIV,NFO
375,21,12,1,False,2026-09-04T19:00:00Z,0,2,3,False,6,0,0,0,0,0,0,0,0,0,0,0,3,0.2,0.1,0.0,0.0,0,0,0,0,0,0.00,0.00,0.00,0.15,50,-319,3899,503,822,375,Nyoni,MID,14,LIV,IPS
375,35,10,0,True,2026-09-12T14:00:00Z,0,0,4,False,0,0,0,0,0,0,0,0,0,0,0,0,0,0.0,0.0,0.0,0.0,0,0,0,0,0,0.00,0.00,0.00,0.00,49,-285,4195,427,712,375,Nyoni,MID,14,LIV,FUL
375,49,3,1,False,2026-09-20T13:00:00Z,0,1,5,False,19,0,0,0,0,0,0,0,0,0,0,0,3,9.6,0.6,0.0,1.0,5,0,0,5,0,0.00,0.00,0.00,0.14,49,-350,4129,188,538,375,Nyoni,MID,14,LIV,BOU
376,9,17,0,False,2026-08-23T15:30:00Z,2,2,1,False,0,0,0,0,0,0,0,0,0,0,0,0,0,0.0,0.0,0.0,0.0,0,0,0,0,0,0.00,0.00,0.00,0.00,50,0,157,0,0,376,Bajcetic,MID,14,LIV,NEW
376,14,18,0,True,2026-08-29T11:30:00Z,2,2,2,False,0,0,0,0,0,0,0,0,0,0,0,0,0,0.0,0.0,0.0,0.0,0,0,0,0,0,0.00,0.00,0.00,0.00,50,-21,173,8,29,376,Bajcetic,MID,14,LIV,NFO
376,21,12,0,False,2026-09-04T19:00:00Z,0,2,3,False,0,0,0,0,0,0,0,0,0,0,0,0,0,0.0,0.0,0.0,0.0,0,0,0,0,0,0.00,0.00,0.00,0.00,50,-32,148,11,43,376,Bajcetic,MID,14,LIV,IPS
376,35,10,0,True,2026-09-12T14:00:00Z,0,0,4,False,0,0,0,0,0,0,0,0,0,0,0,0,0,0.0,0.0,0.0,0.0,0,0,0,0,0,0.00,0.00,0.00,0.00,50,-23,128,0,23,376,Bajcetic,MID,14,LIV,FUL
376,49,3,0,False,2026-09-20T13:00:00Z,0,1,5,False,0,0,0,0,0,0,0,0,0,0,0,0,0,0.0,0.0,0.0,0.0,0,0,0,0,0,0.00,0.00,0.00,0.00,50,-9,119,0,9,376,Bajcetic,MID,14,LIV,BOU
377,9,17,4,False,2026-08-23T15:30:00Z,2,2,1,False,27,0,1,0,0,0,0,0,0,0,0,0,15,4.0,8.9,14.0,2.7,0,0,0,0,0,0.10,0.04,0.14,1.07,65,0,48042,0,0,377,Munoz,MID,14,LIV,NEW
377,14,18,6,True,2026-08-29T11:30:00Z,2,2,2,False,90,1,0,0,2,0,0,0,1,0,0,0,24,42.2,16.8,29.0,8.8,4,1,2,7,1,0.32,0.19,0.51,2.30,65,573,60184,6486,5913,377,Munoz,MID,14,LIV,NFO
377,21,12,3,False,2026-09-04T19:00:00Z,0,2,3,False,63,0,0,1,0,0,0,0,0,0,0,0,9,0.8,4.3,6.0,1.1,0,4,0,4,1,0.00,0.02,0.02,0.58,65,60010,147326,83211,23201,377,Munoz,MID,14,LIV,IPS
377,35,10,1,True,2026-09-12T14:00:00Z,0,0,4,False,59,0,0,0,0,0,0,0,0,0,0,0,5,3.4,1.4,37.0,4.2,0,2,0,2,1,0.10,0.00,0.10,0.54,65,-9953,130437,20664,30617,377,Munoz,MID,14,LIV,FUL
377,49,3,1,False,2026-09-20T13:00:00Z,0,1,5,False,18,0,0,0,0,0,0,0,0,0,0,0,7,5.8,11.0,0.0,1.7,1,1,1,3,0,0.00,0.06,0.06,0.14,65,-24989,105157,5622,30611,377,Munoz,MID,14,LIV,BOU
378,9,17,0,False,2026-08-23T15:30:00Z,2,2,1,False,0,0,0,0,0,0,0,0,0,0,0,0,0,0.0,0.0,0.0,0.0,0,0,0,0,0,0.00,0.00,0.00,0.00,45,0,24189,0,0,378,McConnell,MID,14,LIV,NEW
378,14,18,0,True,2026-08-29T11:30:00Z,2,2,2,False,0,0,0,0,0,0,0,0,0,0,0,0,0,0.0,0.0,0.0,0.0,0,0,0,0,0,0.00,0.00,0.00,0.00,45,-2017,25168,883,2900,378,McConnell,MID,14,LIV,NFO
378,21,12,0,False,2026-09-04T19:00:00Z,0,2,3,False,0,0,0,0,0,0,0,0,0,0,0,0,0,0.0,0.0,0.0,0.0,0,0,0,0,0,0.00,0.00,0.00,0.00,45,-1919,24779,1404,3323,378,McConnell,MID,14,LIV,IPS
378,35,10,0,True,2026-09-12T14:00:00Z,0,0,4,False,0,0,0,0,0,0,0,0,0,0,0,0,0,0.0,0.0,0.0,0.0,0,0,0,0,0,0.00,0.00,0.00,0.00,45,-1744,23763,870,2614,378,McConnell,MID,14,LIV,FUL
378,49,3,0,False,2026-09-20T13:00:00Z,0,1,5,False,0,0,0,0,0,0,0,0,0,0,0,0,0,0.0,0.0,0.0,0.0,0,0,0,0,0,0.00,0.00,0.00,0.00,44,98,26448,2718,2620,378,McConnell,MID,14,LIV,BOU
379,9,17,2,False,2026-08-23T15:30:00Z,2,2,1,False,90,0,0,0,2,0,0,0,0,0,0,0,6,11.4,14.6,66.0,9.2,1,0,0,1,1,1.09,0.01,1.10,1.58,90,0,1493302,0,0,379,Isak,FWD,14,LIV,NEW
379,14,18,8,True,2026-08-29T11:30:00Z,2,2,2,False,90,1,0,0,2,0,0,0,0,0,0,2,30,34.0,10.3,48.0,9.2,0,0,1,1,1,0.99,0.00,0.99,2.30,90,-28097,1629014,73036,101133,379,Isak,FWD,14,LIV,NFO
379,21,12,13,False,2026-09-04T19:00:00Z,0,2,3,False,63,2,0,1,0,0,0,0,0,0,0,3,61,67.0,6.4,34.0,10.7,1,2,0,3,1,0.21,0.05,0.26,0.58,90,-25262,1811350,181587,206849,379,Isak,FWD,14,LIV,IPS
379,35,10,2,True,2026-09-12T14:00:00Z,0,0,4,False,90,0,0,1,0,0,0,0,0,0,0,0,5,1.2,2.8,28.0,3.2,0,1,0,1,1,0.50,0.00,0.50,0.70,91,623585,2626358,732640,109055,379,Isak,FWD,14,LIV,FUL
379,49,3,8,False,2026-09-20T13:00:00Z,0,1,5,False,80,1,0,1,0,0,0,0,1,0,0,3,31,32.6,13.4,31.0,7.7,1,0,0,1,1,0.75,0.02,0.77,0.66,91,-103033,2350302,139899,242932,379,Isak,FWD,14,LIV,BOU
380,9,17,0,False,2026-08-23T15:30:00Z,2,2,1,False,0,0,0,0,0,0,0,0,0,0,0,0,0,0.0,0.0,0.0,0.0,0,0,0,0,0,0.00,0.00,0.00,0.00,75,0,14410,0,0,380,Ekitiké,FWD,14,LIV,NEW
380,14,18,0,True,2026-08-29T11:30:00Z,2,2,2,False,0,0,0,0,0,0,0,0,0,0,0,0,0,0.0,0.0,0.0,0.0,0,0,0,0,0,0.00,0.00,0.00,0.00,75,-3098,14299,709,3807,380,Ekitiké,FWD,14,LIV,NFO
380,21,12,0,False,2026-09-04T19:00:00Z,0,2,3,False,0,0,0,0,0,0,0,0,0,0,0,0,0,0.0,0.0,0.0,0.0,0,0,0,0,0,0.00,0.00,0.00,0.00,75,-2736,12739,696,3432,380,Ekitiké,FWD,14,LIV,IPS
380,35,10,0,True,2026-09-12T14:00:00Z,0,0,4,False,0,0,0,0,0,0,0,0,0,0,0,0,0,0.0,0.0,0.0,0.0,0,0,0,0,0,0.00,0.00,0.00,0.00,74,-1567,11892,474,2041,380,Ekitiké,FWD,14,LIV,FUL
380,49,3,0,False,2026-09-20T13:00:00Z,0,1,5,False,0,0,0,0,0,0,0,0,0,0,0,0,0,0.0,0.0,0.0,0.0,0,0,0,0,0,0.00,0.00,0.00,0.00,74,-790,11579,393,1183,380,Ekitiké,FWD,14,LIV,BOU
381,9,17,1,False,2026-08-23T15:30:00Z,2,2,1,False,12,0,0,0,0,0,0,0,0,0,0,0,4,1.2,0.5,7.0,0.9,0,1,0,1,0,0.03,0.00,0.03,0.48,50,0,1626,0,0,381,Koumas,MID,14,LIV,NEW
381,14,18,0,True,2026-08-29T11:30:00Z,2,2,2,False,0,0,0,0,0,0,0,0,0,0,0,0,0,0.0,0.0,0.0,0.0,0,0,0,0,0,0.00,0.00,0.00,0.00,50,-54,2137,156,210,381,Koumas,MID,14,LIV,NFO
381,21,12,1,False,2026-09-04T19:00:00Z,0,2,3,False,1,0,0,0,0,0,0,0,0,0,0,0,3,0.0,0.0,0.0,0.0,0,0,0,0,0,0.00,0.00,0.00,0.10,50,-217,2473,161,378,381,Koumas,MID,14,LIV,IPS
381,35,10,0,True,2026-09-12T14:00:00Z,0,0,4,False,0,0,0,0,0,0,0,0,0,0,0,0,0,0.0,0.0,0.0,0.0,0,0,0,0,0,0.00,0.00,0.00,0.00,50,-163,2699,155,318,381,Koumas,MID,14,LIV,FUL
381,49,3,1,False,2026-09-20T13:00:00Z,0,1,5,False,9,0,0,0,0,0,0,0,0,0,0,0,7,3.0,0.0,17.0,2.0,0,0,0,0,0,0.25,0.00,0.25,0.14,50,-88,2933,207,295,381,Koumas,MID,14,LIV,BOU
382,9,17,0,False,2026-08-23T15:30:00Z,2,2,1,False,0,0,0,0,0,0,0,0,0,0,0,0,0,0.0,0.0,0.0,0.0,0,0,0,0,0,0.00,0.00,0.00,0.00,45,0,3221,0,0,382,Danns,FWD,14,LIV,NEW
382,14,18,0,True,2026-08-29T11:30:00Z,2,2,2,False,0,0,0,0,0,0,0,0,0,0,0,0,0,0.0,0.0,0.0,0.0,0,0,0,0,0,0.00,0.00,0.00,0.00,45,-253,3423,309,562,382,Danns,FWD,14,LIV,NFO
382,21,12,0,False,2026-09-04T19:00:00Z,0,2,3,False,0,0,0,0,0,0,0,0,0,0,0,0,0,0.0,0.0,0.0,0.0,0,0,0,0,0,0.00,0.00,0.00,0.00,45,1969,7591,2915,946,382,Danns,FWD,14,LIV,IPS
382,35,10,0,True,2026-09-12T14:00:00Z,0,0,4,False,0,0,0,0,0,0,0,0,0,0,0,0,0,0.0,0.0,0.0,0.0,0,0,0,0,0,0.00,0.00,0.00,0.00,45,4586,14211,7016,2430,382,Danns,FWD,14,LIV,FUL
382,49,3,0,False,2026-09-20T13:00:00Z,0,1,5,False,0,0,0,0,0,0,0,0,0,0,0,0,0,0.0,0.0,0.0,0.0,0,0,0,0,0,0.00,0.00,0.00,0.00,45,6226,25967,9567,3341,382,Danns,FWD,14,LIV,BOU
383,9,17,0,False,2026-08-23T15:30:00Z,2,2,1,False,0,0,0,0,0,0,0,0,0,0,0,0,0,0.0,0.0,0.0,0.0,0,0,0,0,0,0.00,0.00,0.00,0.00,55,0,6399,0,0,383,Elliott,MID,14,LIV,NEW
383,14,18,0,True,2026-08-29T11:30:00Z,2,2,2,False,0,0,0,0,0,0,0,0,0,0,0,0,0,0.0,0.0,0.0,0.0,0,0,0,0,0,0.00,0.00,0.00,0.00,55,-836,7117,380,1216,383,Elliott,MID,14,LIV,NFO
383,21,12,0,False,2026-09-04T19:00:00Z,0,2,3,False,0,0,0,0,0,0,0,0,0,0,0,0,0,0.0,0.0,0.0,0.0,0,0,0,0,0,0.00,0.00,0.00,0.00,54,-1929,5742,527,2456,383,Elliott,MID,14,LIV,IPS
383,35,10,0,True,2026-09-12T14:00:00Z,0,0,4,False,0,0,0,0,0,0,0,0,0,0,0,0,0,0.0,0.0,0.0,0.0,0,0,0,0,0,0.00,0.00,0.00,0.00,54,-1672,4155,0,1672,383,Elliott,MID,14,LIV,FUL
383,49,3,0,False,2026-09-20T13:00:00Z,0,1,5,False,0,0,0,0,0,0,0,0,0,0,0,0,0,0.0,0.0,0.0,0.0,0,0,0,0,0,0.00,0.00,0.00,0.00,54,-576,3642,0,576,383,Elliott,MID,14,LIV,BOU
579,9,17,1,False,2026-08-23T15:30:00Z,2,2,1,False,20,0,0,0,0,0,0,0,0,0,0,0,3,13.2,1.2,0.0,1.4,3,1,1,4,0,0.00,0.03,0.03,0.54,55,0,211388,0,0,579,Araujo,DEF,14,LIV,NEW
579,14,18,0,True,2026-08-29T11:30:00Z,2,2,2,False,13,0,0,0,0,0,0,0,1,0,0,0,-1,5.8,2.3,0.0,0.8,1,2,0,1,0,0.00,0.01,0.01,0.07,55,-9867,267054,23907,33774,579,Araujo,DEF,14,LIV,NFO
579,21,12,8,False,2026-09-04T19:00:00Z,0,2,3,False,90,0,0,1,0,0,0,0,0,0,0,0,27,20.0,2.4,2.0,2.4,9,1,1,10,1,0.00,0.01,0.01,0.75,54,-69165,212525,11375,80540,579,Araujo,DEF,14,LIV,IPS
579,35,10,6,True,2026-09-12T14:00:00Z,0,0,4,False,71,0,0,1,0,0,0,0,0,0,0,0,24,9.8,1.8,2.0,1.4,3,5,1,4,1,0.00,0.00,0.00,0.60,54,41974,292366,59861,17887,579,Araujo,DEF,14,LIV,FUL
579,49,3,7,False,2026-09-20T13:00:00Z,0,1,5,False,90,0,0,1,0,0,0,0,0,0,0,1,28,12.0,2.8,2.0,1.7,3,6,2,5,1,0.00,0.01,0.01,0.79,54,19285,315443,36773,17488,579,Araujo,DEF,14,LIV,BOU
627,21,12,1,False,2026-09-04T19:00:00Z,0,2,3,False,26,0,0,0,0,0,0,0,0,0,0,0,5,3.0,10.5,2.0,1.6,0,0,0,0,0,0.00,0.07,0.07,0.17,80,116172,145340,135788,19616,627,Barcola,MID,14,LIV,IPS
627,35,10,3,True,2026-09-12T14:00:00Z,0,0,4,False,71,0,0,1,0,0,0,0,0,0,0,0,9,5.6,13.6,8.0,2.7,0,2,3,5,1,0.21,0.03,0.24,0.60,80,70941,238639,116804,45863,627,Barcola,MID,14,LIV,FUL
627,49,3,3,False,2026-09-20T13:00:00Z,0,1,5,False,71,0,0,1,0,0,0,0,0,0,0,0,8,2.2,3.3,21.0,2.7,0,3,0,3,1,0.05,0.03,0.08,0.66,80,-20897,203917,24870,45767,627,Barcola,MID,14,LIV,BOU
155,10,10,1,False,2026-08-24T19:00:00Z,2,3,1,False,25,0,0,0,0,0,0,0,0,0,0,0,6,3.4,12.0,0.0,1.5,0,3,0,3,0,0.00,0.02,0.02,0.28,70,0,442051,0,0,155,Enzo,MID,15,MCI,FUL
155,16,5,0,True,2026-08-30T13:00:00Z,4,3,2,False,0,0,0,0,0,0,0,0,0,0,0,0,0,0.0,0.0,0.0,0.0,0,0,0,0,0,0.00,0.00,0.00,0.00,70,-74211,430662,14954,89165,155,Enzo,MID,15,MCI,BHA
155,26,7,3,True,2026-09-05T14:00:00Z,1,0,3,False,75,0,0,1,0,0,0,0,0,0,0,0,17,10.2,18.9,18.0,4.7,1,1,1,3,1,0.13,0.12,0.25,1.00,69,-101968,341334,30968,132936,155,Enzo,MID,15,MCI,COV
155,39,16,2,False,2026-09-13T15:30:00Z,0,1,4,False,81,0,0,1,0,0,0,0,1,0,0,0,17,10.4,20.7,15.0,4.6,4,4,2,10,1,0.18,0.13,0.31,0.50,69,-12688,344271,39194,51882,155,Enzo,MID,15,MCI,MUN
155,45,20,7,True,2026-09-20T13:00:00Z,5,3,5,False,90,1,0,0,3,0,0,0,0,0,0,0,33,39.8,21.2,9.0,7.0,1,4,0,5,1,0.04,0.26,0.30,3.57,69,23625,380480,56551,32926,155,Enzo,MID,15,MCI,SUN
237,3,8,9,True,2026-08-22T14:00:00Z,2,0,1,False,90,0,1,1,0,0,0,0,0,0,0,1,36,40.8,39.8,48.0,12.9,0,8,4,12,1,0.24,0.32,0.56,1.96,60,0,1434152,0,0,237,Ndiaye,MID,15,MCI,CRY
237,12,3,4,False,2026-08-29T14:00:00Z,1,1,2,False,90,0,0,0,1,0,0,0,0,0,0,0,16,12.6,14.5,10.0,3.7,5,7,1,13,1,0.02,0.07,0.09,2.16,60,62668,1595715,122688,60020,237,Ndiaye,MID,15,MCI,BOU
237,26,7,3,True,2026-09-05T14:00:00Z,1,0,3,False,86,0,0,1,0,0,0,0,0,0,0,0,12,7.0,17.9,10.0,3.5,1,2,2,5,1,0.02,0.04,0.06,1.35,60,-391471,1152171,81681,473152,237,Ndiaye,MID,15,MCI,COV
237,39,16,1,False,2026-09-13T15:30:00Z,0,1,4,False,45,0,0,0,0,0,0,0,0,0,0,0,15,9.8,1.8,2.0,1.4,3,6,1,10,0,0.00,0.01,0.01,0.80,59,-300679,900785,43012,343691,237,Ndiaye,MID,15,MCI,MUN
237,45,20,5,True,2026-09-20T13:00:00Z,5,3,5,False,74,0,1,0,3,0,0,0,0,0,0,0,31,7.6,28.6,10.0,4.6,1,3,0,4,1,0.10,0.14,0.24,3.15,59,-147652,784775,43488,191140,237,Ndiaye,MID,15,MCI,SUN
384,8,3,3,True,2026-08-23T13:00:00Z,2,1,1,False,90,0,0,0,1,0,0,0,0,0,3,0,12,26.8,0.0,0.0,2.7,1,4,0,0,1,0.00,0.00,0.00,0.65,55,0,722204,0,0,384,Donnarumma,GK,15,MCI,BOU
384,11,8,0,False,2026-08-28T19:00:00Z,1,4,2,False,90,0,0,0,1,1,0,0,0,0,1,0,5,6.8,0.0,0.0,0.7,0,8,0,0,1,0.00,0.00,0.00,0.66,55,-10944,828113,34008,44952,384,Donnarumma,GK,15,MCI,CRY
384,26,7,7,True,2026-09-05T14:00:00Z,1,0,3,False,90,0,0,1,0,0,0,0,0,0,3,0,29,26.8,0.0,0.0,2.7,1,2,0,0,1,0.00,0.00,0.00,1.37,55,-48925,836587,71140,120065,384,Donnarumma,GK,15,MCI,COV
384,39,16,7,False,2026-09-13T15:30:00Z,0,1,4,False,90,0,0,1,0,0,0,0,0,0,3,0,29,20.6,0.0,0.0,2.1,0,10,0,0,1,0.00,0.00,0.00,1.00,55,-46242,797609,32234,78476,384,Donnarumma,GK,15,MCI,MUN
384,45,20,2,True,2026-09-20T13:00:00Z,5,3,5,False,90,0,0,0,3,0,0,0,0,0,4,0,9,31.6,0.0,0.0,3.2,2,8,0,0,1,0.00,0.00,0.00,3.57,55,16386,879025,58809,42423,384,Donnarumma,GK,15,MCI,SUN
386,8,3,0,True,2026-08-23T13:00:00Z,2,1,1,False,0,0,0,0,0,0,0,0,0,0,0,0,0,0.0,0.0,0.0,0.0,0,0,0,0,0,0.00,0.00,0.00,0.00,45,0,2479,0,0,386,Bettinelli,GK,15,MCI,BOU
386,11,8,0,False,2026-08-28T19:00:00Z,1,4,2,False,0,0,0,0,0,0,0,0,0,0,0,0,0,0.0,0.0,0.0,0.0,0,0,0,0,0,0.00,0.00,0.00,0.00,45,-101,2853,135,236,386,Bettinelli,GK,15,MCI,CRY
386,26,7,0,True,2026-09-05T14:00:00Z,1,0,3,False,0,0,0,0,0,0,0,0,0,0,0,0,0,0.0,0.0,0.0,0.0,0,0,0,0,0,0.00,0.00,0.00,0.00,45,-201,2867,172,373,386,Bettinelli,GK,15,MCI,COV
386,39,16,0,False,2026-09-13T15:30:00Z,0,1,4,False,0,0,0,0,0,0,0,0,0,0,0,0,0,0.0,0.0,0.0,0.0,0,0,0,0,0,0.00,0.00,0.00,0.00,45,-113,2911,128,241,386,Bettinelli,GK,15,MCI,MUN
386,45,20,0,True,2026-09-20T13:00:00Z,5,3,5,False,0,0,0,0,0,0,0,0,0,0,0,0,0,0.0,0.0,0.0,0.0,0,0,0,0,0,0.00,0.00,0.00,0.00,45,-106,2873,80,186,386,Bettinelli,GK,15,MCI,SUN
387,8,3,2,True,2026-08-23T13:00:00Z,2,1,1,False,62,0,0,0,1,0,0,0,0,0,0,0,5,8.8,30.4,11.0,5.0,1,5,1,2,1,0.07,0.41,0.48,0.55,65,0,1877660,0,0,387,O'Reilly,DEF,15,MCI,BOU
387,11,8,2,False,2026-08-28T19:00:00Z,1,4,2,False,88,0,0,0,1,0,0,0,0,0,0,0,11,3.6,7.8,5.0,1.6,0,2,1,1,1,0.02,0.02,0.04,0.66,65,-38546,2068744,68784,107330,387,O'Reilly,DEF,15,MCI,CRY
387,26,7,0,True,2026-09-05T14:00:00Z,1,0,3,False,0,0,0,0,0,0,0,0,0,0,0,0,0,0.0,0.0,0.0,0.0,0,0,0,0,0,0.00,0.00,0.00,0.00,65,-193787,1933486,97243,291030,387,O'Reilly,DEF,15,MCI,COV
387,39,16,1,False,2026-09-13T15:30:00Z,0,1,4,False,8,0,0,0,0,0,0,0,0,0,0,0,3,0.0,0.5,0.0,0.1,0,1,0,0,0,0.00,0.00,0.00,0.50,64,-538591,1381174,8499,547090,387,O'Reilly,DEF,15,MCI,MUN
387,45,20,1,True,2026-09-20T13:00:00Z,5,3,5,False,5,0,0,0,0,0,0,0,0,0,0,0,3,5.4,0.8,17.0,2.3,1,1,1,2,0,0.78,0.00,0.78,0.39,64,-178243,1243931,12818,191061,387,O'Reilly,DEF,15,MCI,SUN
388,8,3,10,True,2026-08-23T13:00:00Z,2,1,1,False,90,1,0,0,1,0,0,0,0,0,0,2,31,43.6,17.5,28.0,8.9,1,4,3,4,1,0.89,0.32,1.21,0.65,60,0,1521853,0,0,388,Guéhi,DEF,15,MCI,BOU
388,11,8,2,False,2026-08-28T19:00:00Z,1,4,2,False,90,0,0,0,1,0,0,0,0,0,0,0,12,24.2,15.8,0.0,4.0,5,4,0,5,1,0.00,0.04,0.04,0.66,60,140987,1952448,182745,41758,388,Guéhi,DEF,15,MCI,CRY
388,26,7,8,True,2026-09-05T14:00:00Z,1,0,3,False,90,0,0,1,0,0,0,0,0,0,0,2,31,28.8,9.6,2.0,4.0,9,6,0,9,1,0.00,0.02,0.02,1.37,60,-59173,1945720,122887,182060,388,Guéhi,DEF,15,MCI,COV
388,39,16,6,False,2026-09-13T15:30:00Z,0,1,4,False,90,0,0,1,0,0,0,0,0,0,0,0,27,16.6,0.6,2.0,1.9,7,3,0,7,1,0.00,0.00,0.00,1.00,60,-25207,1956435,90239,115446,388,Guéhi,DEF,15,MCI,MUN
388,45,20,4,True,2026-09-20T13:00:00Z,5,3,5,False,90,0,1,0,3,0,0,0,0,0,0,0,13,32.8,13.1,9.0,5.5,4,2,0,4,1,0.06,0.01,0.07,3.57,60,13337,2017850,86049,72712,388,Guéhi,DEF,15,MCI,SUN
389,8,3,1,True,2026-08-23T13:00:00Z,2,1,1,False,33,0,0,0,0,0,0,0,0,0,0,0,4,3.8,1.5,4.0,0.9,1,2,0,1,0,0.00,0.04,0.04,0.10,60,0,123928,0,0,389,Matheus N.,DEF,15,MCI,BOU
389,11,8,0,False,2026-08-28T19:00:00Z,1,4,2,False,0,0,0,0,0,0,0,0,0,0,0,0,0,0.0,0.0,0.0,0.0,0,0,0,0,0,0.00,0.00,0.00,0.00,60,-14462,142089,3031,17493,389,Matheus N.,DEF,15,MCI,CRY
389,26,7,0,True,2026-09-05T14:00:00Z,1,0,3,False,0,0,0,0,0,0,0,0,0,0,0,0,0,0.0,0.0,0.0,0.0,0,0,0,0,0,0.00,0.00,0.00,0.00,59,-37940,103772,479,38419,389,Matheus N.,DEF,15,MCI,COV
389,39,16,9,False,2026-09-13T15:30:00Z,0,1,4,False,90,0,0,1,0,0,0,0,0,0,0,1,34,31.2,1.5,0.0,3.3,9,8,2,11,1,0.00,0.01,0.01,1.00,59,-8606,99893,2401,11007,389,Matheus N.,DEF,15,MCI,MUN
389,45,20,1,True,2026-09-20T13:00:00Z,5,3,5,False,90,0,0,0,3,0,0,0,0,0,0,0,0,25.0,3.3,0.0,2.8,8,0,1,9,1,0.00,0.01,0.01,3.57,59,3022,107181,7244,4222,389,Matheus N.,DEF,15,MCI,SUN
390,8,3,2,True,2026-08-23T13:00:00Z,2,1,1,False,90,0,0,0,1,0,0,0,0,0,0,0,11,24.4,17.9,2.0,4.4,6,8,0,6,1,0.00,0.14,0.14,0.65,55,0,148709,0,0,390,Rúben,DEF,15,MCI,BOU
390,11,8,2,False,2026-08-28T19:00:00Z,1,4,2,False,90,0,0,0,1,0,0,0,0,0,0,0,19,27.0,22.3,35.0,8.4,5,6,1,6,1,0.09,0.57,0.66,0.66,55,-2699,176387,9858,12557,390,Rúben,DEF,15,MCI,CRY
390,26,7,6,True,2026-09-05T14:00:00Z,1,0,3,False,90,0,0,1,0,0,0,0,0,0,0,0,25,20.6,6.6,0.0,2.7,3,0,0,3,1,0.00,0.03,0.03,1.37,55,-3537,186055,20417,23954,390,Rúben,DEF,15,MCI,COV
390,39,16,6,False,2026-09-13T15:30:00Z,0,1,4,False,90,0,0,1,0,0,0,0,0,0,0,0,24,17.4,0.2,2.0,2.0,7,2,0,7,1,0.00,0.00,0.00,1.00,55,-6512,188216,11031,17543,390,Rúben,DEF,15,MCI,MUN
390,45,20,1,True,2026-09-20T13:00:00Z,5,3,5,False,90,0,0,0,3,0,0,0,0,0,0,0,-7,4.8,0.3,7.0,1.2,4,0,0,4,1,0.20,0.00,0.20,3.57,55,10534,208870,21282,10748,390,Rúben,DEF,15,MCI,SUN
391,8,3,9,True,2026-08-23T13:00:00Z,2,1,1,False,90,1,0,0,1,0,0,0,0,0,0,1,28,47.6,13.3,17.0,7.8,5,5,2,7,1,0.19,0.05,0.24,0.65,55,0,980214,0,0,391,Gvardiol,DEF,15,MCI,BOU
391,11,8,5,False,2026-08-28T19:00:00Z,1,4,2,False,74,0,1,0,1,0,0,0,0,0,0,0,18,27.6,30.8,2.0,6.0,1,0,1,2,1,0.00,0.04,0.04,0.66,55,193061,1383738,228418,35357,391,Gvardiol,DEF,15,MCI,CRY
391,26,7,8,True,2026-09-05T14:00:00Z,1,0,3,False,90,0,0,1,0,0,0,0,0,0,0,2,31,18.8,6.9,7.0,3.3,4,7,4,8,1,0.01,0.02,0.03,1.37,56,427408,2019409,548352,120944,391,Gvardiol,DEF,15,MCI,COV
391,39,16,11,False,2026-09-13T15:30:00Z,0,1,4,False,90,0,1,1,0,0,0,0,1,0,0,3,36,16.4,1.1,4.0,2.2,3,3,4,7,1,0.02,0.00,0.02,1.00,56,152896,2126959,315722,162826,391,Gvardiol,DEF,15,MCI,MUN
391,45,20,4,True,2026-09-20T13:00:00Z,5,3,5,False,90,0,1,0,3,0,0,0,0,0,0,0,22,34.0,11.4,2.0,4.7,7,6,0,7,1,0.00,0.63,0.63,3.57,57,548451,2895075,589540,41089,391,Gvardiol,DEF,15,MCI,SUN
392,8,3,0,True,2026-08-23T13:00:00Z,2,1,1,False,0,0,0,0,0,0,0,0,0,0,0,0,0,0.0,0.0,0.0,0.0,0,0,0,0,0,0.00,0.00,0.00,0.00,55,0,79425,0,0,392,Aït-Nouri,DEF,15,MCI,BOU
392,11,8,0,False,2026-08-28T19:00:00Z,1,4,2,False,0,0,0,0,0,0,0,0,0,0,0,0,0,0.0,0.0,0.0,0.0,0,0,0,0,0,0.00,0.00,0.00,0.00,55,-14163,77633,2616,16779,392,Aït-Nouri,DEF,15,MCI,CRY
392,26,7,0,True,2026-09-05T14:00:00Z,1,0,3,False,0,0,0,0,0,0,0,0,0,0,0,0,0,0.0,0.0,0.0,0.0,0,0,0,0,0,0.00,0.00,0.00,0.00,54,-23051,56252,2020,25071,392,Aït-Nouri,DEF,15,MCI,COV
392,39,16,0,False,2026-09-13T15:30:00Z,0,1,4,False,0,0,0,0,0,0,0,0,0,0,0,0,0,0.0,0.0,0.0,0.0,0,0,0,0,0,0.00,0.00,0.00,0.00,53,-9974,48901,1355,11329,392,Aït-Nouri,DEF,15,MCI,MUN
392,45,20,0,True,2026-09-20T13:00:00Z,5,3,5,False,0,0,0,0,0,0,0,0,0,0,0,0,0,0.0,0.0,0.0,0.0,0,0,0,0,0,0.00,0.00,0.00,0.00,53,-4869,45028,1361,6230,392,Aït-Nouri,DEF,15,MCI,SUN
393,8,3,2,True,2026-08-23T13:00:00Z,2,1,1,False,90,0,0,0,1,0,0,0,0,0,0,0,14,17.0,3.4,0.0,2.0,2,6,2,4,1,0.00,0.02,0.02,0.65,55,0,147622,0,0,393,Khusanov,DEF,15,MCI,BOU
393,11,8,2,False,2026-08-28T19:00:00Z,1,4,2,False,88,0,0,0,1,0,0,0,0,0,0,0,17,21.0,5.3,4.0,3.0,3,3,4,7,1,0.00,0.02,0.02,0.66,55,-8451,170855,6086,14537,393,Khusanov,DEF,15,MCI,CRY
393,26,7,5,True,2026-09-05T14:00:00Z,1,0,3,False,90,0,0,1,0,0,0,0,1,0,0,0,22,13.6,3.9,0.0,1.8,4,4,2,6,1,0.00,0.02,0.02,1.37,55,-14491,166742,9792,24283,393,Khusanov,DEF,15,MCI,COV
393,39,16,0,False,2026-09-13T15:30:00Z,0,1,4,False,0,0,0,0,0,0,0,0,0,0,0,0,0,0.0,0.0,0.0,0.0,0,0,0,0,0,0.00,0.00,0.00,0.00,55,-8055,166165,6115,14170,393,Khusanov,DEF,15,MCI,MUN
393,45,20,0,True,2026-09-20T13:00:00Z,5,3,5,False,0,0,0,0,0,0,0,0,0,0,0,0,0,0.0,0.0,0.0,0.0,0,0,0,0,0,0.00,0.00,0.00,0.00,54,-15213,154215,3443,18656,393,Khusanov,DEF,15,MCI,SUN
394,8,3,0,True,2026-08-23T13:00:00Z,2,1,1,False,0,0,0,0,0,0,0,0,0,0,0,0,0,0.0,0.0,0.0,0.0,0,0,0,0,0,0.00,0.00,0.00,0.00,50,0,1089,0,0,394,Alleyne,DEF,15,MCI,BOU
394,11,8,0,False,2026-08-28T19:00:00Z,1,4,2,False,0,0,0,0,0,0,0,0,0,0,0,0,0,0.0,0.0,0.0,0.0,0,0,0,0,0,0.00,0.00,0.00,0.00,50,-357,720,0,357,394,Alleyne,DEF,15,MCI,CRY
394,26,7,0,True,2026-09-05T14:00:00Z,1,0,3,False,0,0,0,0,0,0,0,0,0,0,0,0,0,0.0,0.0,0.0,0.0,0,0,0,0,0,0.00,0.00,0.00,0.00,50,-142,589,0,142,394,Alleyne,DEF,15,MCI,COV
394,39,16,0,False,2026-09-13T15:30:00Z,0,1,4,False,0,0,0,0,0,0,0,0,0,0,0,0,0,0.0,0.0,0.0,0.0,0,0,0,0,0,0.00,0.00,0.00,0.00,50,-60,537,0,60,394,Alleyne,DEF,15,MCI,MUN
394,45,20,0,True,2026-09-20T13:00:00Z,5,3,5,False,0,0,0,0,0,0,0,0,0,0,0,0,0,0.0,0.0,0.0,0.0,0,0,0,0,0,0.00,0.00,0.00,0.00,50,-39,500,0,39,394,Alleyne,DEF,15,MCI,SUN
395,8,3,1,True,2026-08-23T13:00:00Z,2,1,1,False,56,0,0,0,1,0,0,0,0,0,0,0,-1,3.8,3.8,39.0,4.7,2,0,0,2,1,0.17,0.02,0.19,0.55,45,0,18491,0,0,395,Lewis,DEF,15,MCI,BOU
395,11,8,0,False,2026-08-28T19:00:00Z,1,4,2,False,0,0,0,0,0,0,0,0,0,0,0,0,0,0.0,0.0,0.0,0.0,0,0,0,0,0,0.00,0.00,0.00,0.00,45,1097,25045,3620,2523,395,Lewis,DEF,15,MCI,CRY
395,26,7,0,True,2026-09-05T14:00:00Z,1,0,3,False,0,0,0,0,0,0,0,0,0,0,0,0,0,0.0,0.0,0.0,0.0,0,0,0,0,0,0.00,0.00,0.00,0.00,45,-3581,23634,2152,5733,395,Lewis,DEF,15,MCI,COV
395,39,16,0,False,2026-09-13T15:30:00Z,0,1,4,False,0,0,0,0,0,0,0,0,0,0,0,0,0,0.0,0.0,0.0,0.0,0,0,0,0,0,0.00,0.00,0.00,0.00,44,-3042,22298,1037,4079,395,Lewis,DEF,15,MCI,MUN
395,45,20,0,True,2026-09-20T13:00:00Z,5,3,5,False,0,0,0,0,0,0,0,0,0,0,0,0,0,0.0,0.0,0.0,0.0,0,0,0,0,0,0.00,0.00,0.00,0.00,44,-1584,21617,1147,2731,395,Lewis,DEF,15,MCI,SUN
396,8,3,0,True,2026-08-23T13:00:00Z,2,1,1,False,0,0,0,0,0,0,0,0,0,0,0,0,0,0.0,0.0,0.0,0.0,0,0,0,0,0,0.00,0.00,0.00,0.00,45,0,1856,0,0,396,Vitor Reis,DEF,15,MCI,BOU
396,11,8,1,False,2026-08-28T19:00:00Z,1,4,2,False,1,0,0,0,0,0,0,0,0,0,0,0,3,1.2,0.9,0.0,0.2,0,0,0,0,0,0.00,0.00,0.00,0.00,45,-138,2034,102,240,396,Vitor Reis,DEF,15,MCI,CRY
396,26,7,0,True,2026-09-05T14:00:00Z,1,0,3,False,0,0,0,0,0,0,0,0,0,0,0,0,0,0.0,0.0,0.0,0.0,0,0,0,0,0,0.00,0.00,0.00,0.00,45,-130,2767,132,262,396,Vitor Reis,DEF,15,MCI,COV
396,39,16,0,False,2026-09-13T15:30:00Z,0,1,4,False,0,0,0,0,0,0,0,0,0,0,0,0,0,0.0,0.0,0.0,0.0,0,0,0,0,0,0.00,0.00,0.00,0.00,45,-193,3187,90,283,396,Vitor Reis,DEF,15,MCI,MUN
396,45,20,0,True,2026-09-20T13:00:00Z,5,3,5,False,0,0,0,0,0,0,0,0,0,0,0,0,0,0.0,0.0,0.0,0.0,0,0,0,0,0,0.00,0.00,0.00,0.00,45,-82,3479,156,238,396,Vitor Reis,DEF,15,MCI,SUN
397,8,3,2,True,2026-08-23T13:00:00Z,2,1,1,False,90,0,0,0,1,0,0,0,0,0,0,0,16,5.8,8.9,31.0,4.6,0,4,1,5,1,0.06,0.02,0.08,0.65,85,0,2354040,0,0,397,Semenyo,MID,15,MCI,BOU
397,11,8,5,False,2026-08-28T19:00:00Z,1,4,2,False,90,0,1,0,1,0,0,0,0,0,0,0,33,29.2,43.0,40.0,11.2,0,2,1,3,1,0.06,0.57,0.63,0.66,85,-124110,2377196,49100,173210,397,Semenyo,MID,15,MCI,CRY
397,26,7,6,True,2026-09-05T14:00:00Z,1,0,3,False,90,0,1,1,0,0,0,0,0,0,0,0,26,22.6,45.9,11.0,8.0,0,3,1,4,1,0.05,0.34,0.39,1.37,85,-362493,2009104,68628,431121,397,Semenyo,MID,15,MCI,COV
397,39,16,3,False,2026-09-13T15:30:00Z,0,1,4,False,90,0,0,1,0,0,0,0,0,0,0,0,7,2.2,16.1,6.0,2.4,0,2,1,3,1,0.00,0.06,0.06,1.00,84,-325768,1689535,35764,361532,397,Semenyo,MID,15,MCI,MUN
397,45,20,17,True,2026-09-20T13:00:00Z,5,3,5,False,90,2,1,0,3,0,0,0,0,0,0,2,65,95.6,34.2,42.0,17.2,2,3,2,7,1,0.16,0.17,0.33,3.57,84,-139426,1598756,37411,176837,397,Semenyo,MID,15,MCI,SUN
398,8,3,1,True,2026-08-23T13:00:00Z,2,1,1,False,81,0,0,0,1,0,0,0,1,0,0,0,15,10.4,49.6,15.0,7.5,0,3,3,6,1,0.12,0.40,0.52,0.65,70,0,387178,0,0,398,Foden,MID,15,MCI,BOU
398,11,8,9,False,2026-08-28T19:00:00Z,1,4,2,False,90,0,2,0,1,0,0,0,0,0,0,1,38,42.8,45.8,17.0,10.6,2,4,1,7,1,0.87,0.45,1.32,0.66,70,-26374,400716,20147,46521,398,Foden,MID,15,MCI,CRY
398,26,7,1,True,2026-09-05T14:00:00Z,1,0,3,False,24,0,0,0,0,0,0,0,0,0,0,0,3,4.4,14.8,7.0,2.6,0,1,0,1,0,0.62,0.01,0.63,0.50,70,187857,687362,262736,74879,398,Foden,MID,15,MCI,COV
398,39,16,-2,False,2026-09-13T15:30:00Z,0,1,4,False,22,0,0,0,0,0,0,0,0,1,0,0,-4,0.0,12.1,6.0,1.6,0,0,0,0,1,0.00,0.02,0.02,0.10,70,-191380,396620,18307,209687,398,Foden,MID,15,MCI,MUN
398,45,20,0,True,2026-09-20T13:00:00Z,5,3,5,False,0,0,0,0,0,0,0,0,0,0,0,0,0,0.0,0.0,0.0,0.0,0,0,0,0,0,0.00,0.00,0.00,0.00,69,-204579,209654,2056,206635,398,Foden,MID,15,MCI,SUN
399,8,3,8,True,2026-08-23T13:00:00Z,2,1,1,False,27,0,2,0,0,0,0,0,0,0,0,1,28,39.2,48.8,4.0,9.2,0,0,0,0,0,0.00,0.50,0.50,0.10,75,0,679336,0,0,399,Cherki,MID,15,MCI,BOU
399,11,8,14,False,2026-08-28T19:00:00Z,1,4,2,False,81,2,0,0,1,0,0,0,1,0,0,3,60,74.8,47.8,49.0,17.2,0,3,0,3,1,0.35,0.55,0.90,0.66,75,161916,1073154,203318,41402,399,Cherki,MID,15,MCI,CRY
399,26,7,3,True,2026-09-05T14:00:00Z,1,0,3,False,65,0,0,1,0,0,0,0,0,0,0,0,23,7.4,52.2,24.0,8.4,0,3,0,3,1,0.21,0.30,0.51,0.86,77,1783948,3431400,1865890,81942,399,Cherki,MID,15,MCI,COV
399,39,16,1,False,2026-09-13T15:30:00Z,0,1,4,False,45,0,0,0,0,0,0,0,0,0,0,0,4,1.6,6.6,4.0,1.2,1,0,0,1,1,0.03,0.06,0.09,0.20,78,-139414,3069702,314949,454363,399,Cherki,MID,15,MCI,MUN
399,45,20,8,True,2026-09-20T13:00:00Z,5,3,5,False,84,1,0,0,3,0,0,0,0,0,0,1,35,42.8,43.6,27.0,11.3,2,3,0,5,1,0.13,0.13,0.26,3.18,78,-126234,3041594,163004,289238,399,Cherki,MID,15,MCI,SUN
400,8,3,0,True,2026-08-23T13:00:00Z,2,1,1,False,0,0,0,0,0,0,0,0,0,0,0,0,0,0.0,0.0,0.0,0.0,0,0,0,0,0,0.00,0.00,0.00,0.00,75,0,191182,0,0,400,Doku,MID,15,MCI,BOU
400,11,8,0,False,2026-08-28T19:00:00Z,1,4,2,False,0,0,0,0,0,0,0,0,0,0,0,0,0,0.0,0.0,0.0,0.0,0,0,0,0,0,0.00,0.00,0.00,0.00,75,-69521,122950,494,70015,400,Doku,MID,15,MCI,CRY
400,26,7,0,True,2026-09-05T14:00:00Z,1,0,3,False,0,0,0,0,0,0,0,0,0,0,0,0,0,0.0,0.0,0.0,0.0,0,0,0,0,0,0.00,0.00,0.00,0.00,74,-33918,90983,453,34371,400,Doku,MID,15,MCI,COV
400,39,16,0,False,2026-09-13T15:30:00Z,0,1,4,False,0,0,0,0,0,0,0,0,0,0,0,0,0,0.0,0.0,0.0,0.0,0,0,0,0,0,0.00,0.00,0.00,0.00,74,-14480,77943,249,14729,400,Doku,MID,15,MCI,MUN
400,45,20,1,True,2026-09-20T13:00:00Z,5,3,5,False,15,0,0,0,0,0,0,0,0,0,0,0,7,3.6,13.8,5.0,2.2,1,1,0,2,0,0.23,0.32,0.55,0.42,74,-6700,71797,271,6971,400,Doku,MID,15,MCI,SUN
402,8,3,0,True,2026-08-23T13:00:00Z,2,1,1,False,0,0,0,0,0,0,0,0,0,0,0,0,0,0.0,0.0,0.0,0.0,0,0,0,0,0,0.00,0.00,0.00,0.00,65,0,2341,0,0,402,Rodrigo,MID,15,MCI,BOU
402,11,8,0,False,2026-08-28T19:00:00Z,1,4,2,False,0,0,0,0,0,0,0,0,0,0,0,0,0,0.0,0.0,0.0,0.0,0,0,0,0,0,0.00,0.00,0.00,0.00,65,-796,1526,0,796,402,Rodrigo,MID,15,MCI,CRY
402,26,7,0,True,2026-09-05T14:00:00Z,1,0,3,False,0,0,0,0,0,0,0,0,0,0,0,0,0,0.0,0.0,0.0,0.0,0,0,0,0,0,0.00,0.00,0.00,0.00,65,-269,1283,0,269,402,Rodrigo,MID,15,MCI,COV
402,39,16,0,False,2026-09-13T15:30:00Z,0,1,4,False,0,0,0,0,0,0,0,0,0,0,0,0,0,0.0,0.0,0.0,0.0,0,0,0,0,0,0.00,0.00,0.00,0.00,65,-87,1206,0,87,402,Rodrigo,MID,15,MCI,MUN
402,45,20,0,True,2026-09-20T13:00:00Z,5,3,5,False,0,0,0,0,0,0,0,0,0,0,0,0,0,0.0,0.0,0.0,0.0,0,0,0,0,0,0.00,0.00,0.00,0.00,65,-52,1158,0,52,402,Rodrigo,MID,15,MCI,SUN
404,8,3,0,True,2026-08-23T13:00:00Z,2,1,1,False,0,0,0,0,0,0,0,0,0,0,0,0,0,0.0,0.0,0.0,0.0,0,0,0,0,0,0.00,0.00,0.00,0.00,60,0,11692,0,0,404,Reijnders,MID,15,MCI,BOU
404,11,8,0,False,2026-08-28T19:00:00Z,1,4,2,False,0,0,0,0,0,0,0,0,0,0,0,0,0,0.0,0.0,0.0,0.0,0,0,0,0,0,0.00,0.00,0.00,0.00,60,-5624,5966,0,5624,404,Reijnders,MID,15,MCI,CRY
404,26,7,0,True,2026-09-05T14:00:00Z,1,0,3,False,0,0,0,0,0,0,0,0,0,0,0,0,0,0.0,0.0,0.0,0.0,0,0,0,0,0,0.00,0.00,0.00,0.00,60,-1696,4425,0,1696,404,Reijnders,MID,15,MCI,COV
404,39,16,0,False,2026-09-13T15:30:00Z,0,1,4,False,0,0,0,0,0,0,0,0,0,0,0,0,0,0.0,0.0,0.0,0.0,0,0,0,0,0,0.00,0.00,0.00,0.00,60,-541,3943,0,541,404,Reijnders,MID,15,MCI,MUN
404,45,20,0,True,2026-09-20T13:00:00Z,5,3,5,False,0,0,0,0,0,0,0,0,0,0,0,0,0,0.0,0.0,0.0,0.0,0,0,0,0,0,0.00,0.00,0.00,0.00,60,-224,3723,0,224,404,Reijnders,MID,15,MCI,SUN
406,8,3,1,True,2026-08-23T13:00:00Z,2,1,1,False,27,0,0,0,0,0,0,0,0,0,0,0,3,2.2,2.1,0.0,0.4,0,2,0,2,0,0.00,0.01,0.01,0.10,55,0,6303,0,0,406,Kovačić,MID,15,MCI,BOU
406,11,8,1,False,2026-08-28T19:00:00Z,1,4,2,False,15,0,0,0,0,0,0,0,0,0,0,0,9,2.0,3.1,0.0,0.5,0,0,0,0,0,0.00,0.01,0.01,0.00,55,-460,8589,829,1289,406,Kovačić,MID,15,MCI,CRY
406,26,7,0,True,2026-09-05T14:00:00Z,1,0,3,False,0,0,0,0,0,0,0,0,0,0,0,0,0,0.0,0.0,0.0,0.0,0,0,0,0,0,0.00,0.00,0.00,0.00,55,-1500,8577,647,2147,406,Kovačić,MID,15,MCI,COV
406,39,16,0,False,2026-09-13T15:30:00Z,0,1,4,False,0,0,0,0,0,0,0,0,0,0,0,0,0,0.0,0.0,0.0,0.0,0,0,0,0,0,0.00,0.00,0.00,0.00,54,-996,8409,425,1421,406,Kovačić,MID,15,MCI,MUN
406,45,20,0,True,2026-09-20T13:00:00Z,5,3,5,False,0,0,0,0,0,0,0,0,0,0,0,0,0,0.0,0.0,0.0,0.0,0,0,0,0,0,0.00,0.00,0.00,0.00,54,-731,8157,241,972,406,Kovačić,MID,15,MCI,SUN
407,8,3,0,True,2026-08-23T13:00:00Z,2,1,1,False,0,0,0,0,0,0,0,0,0,0,0,0,0,0.0,0.0,0.0,0.0,0,0,0,0,0,0.00,0.00,0.00,0.00,50,0,1572,0,0,407,Echeverri,MID,15,MCI,BOU
407,11,8,0,False,2026-08-28T19:00:00Z,1,4,2,False,0,0,0,0,0,0,0,0,0,0,0,0,0,0.0,0.0,0.0,0.0,0,0,0,0,0,0.00,0.00,0.00,0.00,50,-204,1653,93,297,407,Echeverri,MID,15,MCI,CRY
407,26,7,0,True,2026-09-05T14:00:00Z,1,0,3,False,0,0,0,0,0,0,0,0,0,0,0,0,0,0.0,0.0,0.0,0.0,0,0,0,0,0,0.00,0.00,0.00,0.00,49,-349,1429,157,506,407,Echeverri,MID,15,MCI,COV
407,39,16,0,False,2026-09-13T15:30:00Z,0,1,4,False,0,0,0,0,0,0,0,0,0,0,0,0,0,0.0,0.0,0.0,0.0,0,0,0,0,0,0.00,0.00,0.00,0.00,49,-350,1077,0,350,407,Echeverri,MID,15,MCI,MUN
407,45,20,0,True,2026-09-20T13:00:00Z,5,3,5,False,0,0,0,0,0,0,0,0,0,0,0,0,0,0.0,0.0,0.0,0.0,0,0,0,0,0,0.00,0.00,0.00,0.00,49,-136,955,0,136,407,Echeverri,MID,15,MCI,SUN
408,8,3,0,True,2026-08-23T13:00:00Z,2,1,1,False,0,0,0,0,0,0,0,0,0,0,0,0,0,0.0,0.0,0.0,0.0,0,0,0,0,0,0.00,0.00,0.00,0.00,50,0,1073,0,0,408,Phillips,MID,15,MCI,BOU
408,11,8,0,False,2026-08-28T19:00:00Z,1,4,2,False,0,0,0,0,0,0,0,0,0,0,0,0,0,0.0,0.0,0.0,0.0,0,0,0,0,0,0.00,0.00,0.00,0.00,50,-305,762,0,305,408,Phillips,MID,15,MCI,CRY
408,26,7,0,True,2026-09-05T14:00:00Z,1,0,3,False,0,0,0,0,0,0,0,0,0,0,0,0,0,0.0,0.0,0.0,0.0,0,0,0,0,0,0.00,0.00,0.00,0.00,50,-156,608,0,156,408,Phillips,MID,15,MCI,COV
408,39,16,0,False,2026-09-13T15:30:00Z,0,1,4,False,0,0,0,0,0,0,0,0,0,0,0,0,0,0.0,0.0,0.0,0.0,0,0,0,0,0,0.00,0.00,0.00,0.00,50,-59,553,0,59,408,Phillips,MID,15,MCI,MUN
408,45,20,0,True,2026-09-20T13:00:00Z,5,3,5,False,0,0,0,0,0,0,0,0,0,0,0,0,0,0.0,0.0,0.0,0.0,0,0,0,0,0,0.00,0.00,0.00,0.00,50,-39,517,0,39,408,Phillips,MID,15,MCI,SUN
409,8,3,0,True,2026-08-23T13:00:00Z,2,1,1,False,0,0,0,0,0,0,0,0,0,0,0,0,0,0.0,0.0,0.0,0.0,0,0,0,0,0,0.00,0.00,0.00,0.00,45,0,16621,0,0,409,Mukasa,MID,15,MCI,BOU
409,11,8,0,False,2026-08-28T19:00:00Z,1,4,2,False,0,0,0,0,0,0,0,0,0,0,0,0,0,0.0,0.0,0.0,0.0,0,0,0,0,0,0.00,0.00,0.00,0.00,45,-1559,17482,927,2486,409,Mukasa,MID,15,MCI,CRY
409,26,7,0,True,2026-09-05T14:00:00Z,1,0,3,False,0,0,0,0,0,0,0,0,0,0,0,0,0,0.0,0.0,0.0,0.0,0,0,0,0,0,0.00,0.00,0.00,0.00,45,-3281,14465,694,3975,409,Mukasa,MID,15,MCI,COV
409,39,16,0,False,2026-09-13T15:30:00Z,0,1,4,False,0,0,0,0,0,0,0,0,0,0,0,0,0,0.0,0.0,0.0,0.0,0,0,0,0,0,0.00,0.00,0.00,0.00,45,-3408,11304,0,3408,409,Mukasa,MID,15,MCI,MUN
409,45,20,0,True,2026-09-20T13:00:00Z,5,3,5,False,0,0,0,0,0,0,0,0,0,0,0,0,0,0.0,0.0,0.0,0.0,0,0,0,0,0,0.00,0.00,0.00,0.00,45,-1698,9744,0,1698,409,Mukasa,MID,15,MCI,SUN
410,8,3,0,True,2026-08-23T13:00:00Z,2,1,1,False,0,0,0,0,0,0,0,0,0,0,0,0,0,0.0,0.0,0.0,0.0,0,0,0,0,0,0.00,0.00,0.00,0.00,50,0,1505,0,0,410,Monga,MID,15,MCI,BOU
410,11,8,0,False,2026-08-28T19:00:00Z,1,4,2,False,0,0,0,0,0,0,0,0,0,0,0,0,0,0.0,0.0,0.0,0.0,0,0,0,0,0,0.00,0.00,0.00,0.00,50,-207,1523,76,283,410,Monga,MID,15,MCI,CRY
410,26,7,0,True,2026-09-05T14:00:00Z,1,0,3,False,0,0,0,0,0,0,0,0,0,0,0,0,0,0.0,0.0,0.0,0.0,0,0,0,0,0,0.00,0.00,0.00,0.00,49,-309,1321,143,452,410,Monga,MID,15,MCI,COV
410,39,16,0,False,2026-09-13T15:30:00Z,0,1,4,False,0,0,0,0,0,0,0,0,0,0,0,0,0,0.0,0.0,0.0,0.0,0,0,0,0,0,0.00,0.00,0.00,0.00,49,-363,989,0,363,410,Monga,MID,15,MCI,MUN
410,45,20,0,True,2026-09-20T13:00:00Z,5,3,5,False,0,0,0,0,0,0,0,0,0,0,0,0,0,0.0,0.0,0.0,0.0,0,0,0,0,0,0.00,0.00,0.00,0.00,49,-122,874,0,122,410,Monga,MID,15,MCI,SUN
411,8,3,2,True,2026-08-23T13:00:00Z,2,1,1,False,90,0,0,0,1,0,0,0,0,0,0,0,6,3.8,5.2,50.0,5.9,0,3,0,3,1,0.74,0.02,0.76,0.65,155,0,6209794,0,0,411,Haaland,FWD,15,MCI,BOU
411,11,8,13,False,2026-08-28T19:00:00Z,1,4,2,False,90,2,0,0,1,0,0,0,0,0,0,3,60,69.0,0.1,51.0,12.0,3,2,0,5,1,0.66,0.00,0.66,0.66,155,-34247,6731685,69605,103852,411,Haaland,FWD,15,MCI,CRY
411,26,7,9,True,2026-09-05T14:00:00Z,1,0,3,False,90,1,0,1,0,0,0,0,0,0,0,3,40,48.8,13.6,63.0,12.5,5,2,0,7,1,1.06,0.48,1.54,1.37,155,360063,7594638,400573,40510,411,Haaland,FWD,15,MCI,COV
411,39,16,9,False,2026-09-13T15:30:00Z,0,1,4,False,90,1,0,1,0,0,0,0,0,0,0,3,36,34.0,1.6,37.0,7.3,0,3,0,3,1,0.87,0.01,0.88,1.00,155,45312,7610939,178187,132875,411,Haaland,FWD,15,MCI,MUN
411,45,20,6,True,2026-09-20T13:00:00Z,5,3,5,False,90,1,0,0,3,0,0,0,0,0,0,0,25,28.6,2.0,57.0,8.8,2,0,0,2,1,1.09,0.02,1.11,3.57,156,172491,7989349,196912,24421,411,Haaland,FWD,15,MCI,SUN
481,8,3,2,True,2026-08-23T13:00:00Z,2,1,1,False,62,0,0,0,1,0,0,0,0,0,0,0,14,7.2,20.8,0.0,2.8,1,3,2,6,1,0.00,0.25,0.25,0.55,65,0,707651,0,0,481,Anderson,MID,15,MCI,BOU
481,11,8,3,False,2026-08-28T19:00:00Z,1,4,2,False,81,0,0,0,1,0,0,0,1,0,0,0,25,25.0,20.2,13.0,5.8,4,5,5,14,1,0.07,0.22,0.29,0.66,64,-143069,597491,10236,153305,481,Anderson,MID,15,MCI,CRY
481,26,7,3,True,2026-09-05T14:00:00Z,1,0,3,False,90,0,0,1,0,0,0,0,0,0,0,0,23,26.6,28.1,5.0,6.0,4,6,1,11,1,0.02,0.17,0.19,1.37,64,-91799,514714,41120,132919,481,Anderson,MID,15,MCI,COV
481,39,16,5,False,2026-09-13T15:30:00Z,0,1,4,False,90,0,0,1,0,0,0,0,0,0,0,0,18,15.2,3.3,0.0,1.9,5,6,3,14,1,0.00,0.01,0.01,1.00,63,-76716,447292,16389,93105,481,Anderson,MID,15,MCI,MUN
481,45,20,2,True,2026-09-20T13:00:00Z,5,3,5,False,90,0,0,0,3,0,0,0,0,0,0,0,15,13.4,4.7,1.0,1.9,4,3,2,9,1,0.02,0.02,0.04,3.57,63,-8817,452582,29694,38511,481,Anderson,MID,15,MCI,SUN
587,8,3,0,True,2026-08-23T13:00:00Z,2,1,1,False,0,0,0,0,0,0,0,0,0,0,0,0,0,0.0,0.0,0.0,0.0,0,0,0,0,0,0.00,0.00,0.00,0.00,50,0,1589,0,0,587,Rulli,GK,15,MCI,BOU
587,11,8,0,False,2026-08-28T19:00:00Z,1,4,2,False,0,0,0,0,0,0,0,0,0,0,0,0,0,0.0,0.0,0.0,0.0,0,0,0,0,0,0.00,0.00,0.00,0.00,50,-130,2020,94,224,587,Rulli,GK,15,MCI,CRY
587,26,7,0,True,2026-09-05T14:00:00Z,1,0,3,False,0,0,0,0,0,0,0,0,0,0,0,0,0,0.0,0.0,0.0,0.0,0,0,0,0,0,0.00,0.00,0.00,0.00,50,-193,2050,147,340,587,Rulli,GK,15,MCI,COV
587,39,16,0,False,2026-09-13T15:30:00Z,0,1,4,False,0,0,0,0,0,0,0,0,0,0,0,0,0,0.0,0.0,0.0,0.0,0,0,0,0,0,0.00,0.00,0.00,0.00,50,-127,2136,129,256,587,Rulli,GK,15,MCI,MUN
587,45,20,0,True,2026-09-20T13:00:00Z,5,3,5,False,0,0,0,0,0,0,0,0,0,0,0,0,0,0.0,0.0,0.0,0.0,0,0,0,0,0,0.00,0.00,0.00,0.00,50,-29,2254,162,191,587,Rulli,GK,15,MCI,SUN
616,11,8,1,False,2026-08-28T19:00:00Z,1,4,2,False,8,0,0,0,0,0,0,0,0,0,0,0,3,1.8,4.3,0.0,0.6,1,0,0,1,0,0.00,0.12,0.12,0.00,55,2706,4327,3055,349,616,Bouaddi,MID,15,MCI,CRY
616,26,7,1,True,2026-09-05T14:00:00Z,1,0,3,False,14,0,0,0,0,0,0,0,0,0,0,0,5,11.2,0.5,0.0,1.2,2,3,0,5,0,0.00,0.00,0.00,0.37,55,6041,15546,9299,3258,616,Bouaddi,MID,15,MCI,COV
616,39,16,0,False,2026-09-13T15:30:00Z,0,1,4,False,0,0,0,0,0,0,0,0,0,0,0,0,0,0.0,0.0,0.0,0.0,0,0,0,0,0,0.00,0.00,0.00,0.00,55,937,18618,4899,3962,616,Bouaddi,MID,15,MCI,MUN
616,45,20,0,True,2026-09-20T13:00:00Z,5,3,5,False,0,0,0,0,0,0,0,0,0,0,0,0,0,0.0,0.0,0.0,0.0,0,0,0,0,0,0.00,0.00,0.00,0.00,55,-924,18994,2946,3870,616,Bouaddi,MID,15,MCI,SUN
621,11,8,1,False,2026-08-28T19:00:00Z,1,4,2,False,8,0,0,0,0,0,0,0,0,0,0,0,3,0.0,0.5,1.0,0.1,0,0,0,0,0,0.10,0.00,0.10,0.00,45,0,0,0,0,621,McAidoo,MID,15,MCI,CRY
621,26,7,1,True,2026-09-05T14:00:00Z,1,0,3,False,3,0,0,0,0,0,0,0,0,0,0,0,5,5.2,0.0,2.0,0.7,0,2,2,4,0,0.00,0.00,0.00,0.02,45,4752,9526,6678,1926,621,McAidoo,MID,15,MCI,COV
621,39,16,0,False,2026-09-13T15:30:00Z,0,1,4,False,0,0,0,0,0,0,0,0,0,0,0,0,0,0.0,0.0,0.0,0.0,0,0,0,0,0,0.00,0.00,0.00,0.00,45,1361,13105,3586,2225,621,McAidoo,MID,15,MCI,MUN
621,45,20,0,True,2026-09-20T13:00:00Z,5,3,5,False,0,0,0,0,0,0,0,0,0,0,0,0,0,0.0,0.0,0.0,0.0,0,0,0,0,0,0.00,0.00,0.00,0.00,45,-967,11797,905,1872,621,McAidoo,MID,15,MCI,SUN
622,11,8,1,False,2026-08-28T19:00:00Z,1,4,2,False,1,0,0,0,0,0,0,0,0,0,0,0,3,0.6,0.8,0.0,0.1,0,1,0,0,0,0.00,0.00,0.00,0.00,40,0,0,0,0,622,Braithwaite,DEF,15,MCI,CRY
622,26,7,0,True,2026-09-05T14:00:00Z,1,0,3,False,0,0,0,0,0,0,0,0,0,0,0,0,0,0.0,0.0,0.0,0.0,0,0,0,0,0,0.00,0.00,0.00,0.00,40,7079,14144,9284,2205,622,Braithwaite,DEF,15,MCI,COV
622,39,16,0,False,2026-09-13T15:30:00Z,0,1,4,False,0,0,0,0,0,0,0,0,0,0,0,0,0,0.0,0.0,0.0,0.0,0,0,0,0,0,0.00,0.00,0.00,0.00,40,1899,20693,4620,2721,622,Braithwaite,DEF,15,MCI,MUN
622,45,20,0,True,2026-09-20T13:00:00Z,5,3,5,False,0,0,0,0,0,0,0,0,0,0,0,0,0,0.0,0.0,0.0,0.0,0,0,0,0,0,0.00,0.00,0.00,0.00,40,-322,18924,2303,2625,622,Braithwaite,DEF,15,MCI,SUN
628,26,7,0,True,2026-09-05T14:00:00Z,1,0,3,False,0,0,0,0,0,0,0,0,0,0,0,0,0,0.0,0.0,0.0,0.0,0,0,0,0,0,0.00,0.00,0.00,0.00,60,213,365,300,87,628,Allan,MID,15,MCI,COV
628,39,16,0,False,2026-09-13T15:30:00Z,0,1,4,False,0,0,0,0,0,0,0,0,0,0,0,0,0,0.0,0.0,0.0,0.0,0,0,0,0,0,0.00,0.00,0.00,0.00,60,117,671,309,192,628,Allan,MID,15,MCI,MUN
628,45,20,0,True,2026-09-20T13:00:00Z,5,3,5,False,0,0,0,0,0,0,0,0,0,0,0,0,0,0.0,0.0,0.0,0.0,0,0,0,0,0,0.00,0.00,0.00,0.00,60,112,959,354,242,628,Allan,MID,15,MCI,SUN
653,26,7,0,True,2026-09-05T14:00:00Z,1,0,3,False,0,0,0,0,0,0,0,0,0,0,0,0,0,0.0,0.0,0.0,0.0,0,0,0,0,0,0.00,0.00,0.00,0.00,45,0,0,0,0,653,Samba,MID,15,MCI,COV
653,39,16,0,False,2026-09-13T15:30:00Z,0,1,4,False,0,0,0,0,0,0,0,0,0,0,0,0,0,0.0,0.0,0.0,0.0,0,0,0,0,0,0.00,0.00,0.00,0.00,45,2090,5002,2898,808,653,Samba,MID,15,MCI,MUN
653,45,20,0,True,2026-09-20T13:00:00Z,5,3,5,False,0,0,0,0,0,0,0,0,0,0,0,0,0,0.0,0.0,0.0,0.0,0,0,0,0,0,0.00,0.00,0.00,0.00,45,-124,3973,751,875,653,Samba,MID,15,MCI,SUN
43,4,11,2,False,2026-08-22T11:30:00Z,2,0,1,False,66,0,0,0,2,0,0,0,0,0,0,0,13,5.0,11.3,4.0,2.0,0,5,0,5,1,0.04,0.11,0.15,0.94,60,0,224637,0,0,43,Tielemans,MID,16,MUN,HUL
43,18,12,4,True,2026-08-30T15:30:00Z,5,2,2,False,90,0,0,0,2,0,0,0,0,0,0,0,26,33.2,46.3,20.0,10.0,4,7,2,13,1,0.47,0.11,0.58,2.06,60,-23073,232262,12631,35704,43,Tielemans,MID,16,MUN,IPS
43,30,9,2,False,2026-09-06T13:00:00Z,2,2,3,False,90,0,0,0,2,0,0,0,0,0,0,0,17,18.6,18.9,9.0,4.7,2,5,0,7,1,0.05,0.06,0.11,1.01,59,-38742,201931,12766,51508,43,Tielemans,MID,16,MUN,EVE
43,39,15,2,True,2026-09-13T15:30:00Z,0,1,4,False,66,0,0,0,1,0,0,0,0,0,0,0,15,12.2,13.8,4.0,3.0,3,0,2,5,1,0.00,0.04,0.04,0.53,59,-30355,177688,7880,38235,43,Tielemans,MID,16,MUN,MCI
43,50,10,4,False,2026-09-20T15:30:00Z,1,1,5,False,90,0,0,0,1,0,0,0,0,0,0,0,22,18.2,22.3,6.0,4.7,2,8,3,13,1,0.09,0.20,0.29,1.62,58,-17007,165689,8170,25177,43,Tielemans,MID,16,MUN,FUL
131,7,2,0,True,2026-08-23T13:00:00Z,4,0,1,False,0,0,0,0,0,0,0,0,0,0,0,0,0,0.0,0.0,0.0,0.0,0,0,0,0,0,0.00,0.00,0.00,0.00,50,0,17798,0,0,131,Baleba,MID,16,MUN,AVL
131,18,12,0,True,2026-08-30T15:30:00Z,5,2,2,False,0,0,0,0,0,0,0,0,0,0,0,0,0,0.0,0.0,0.0,0.0,0,0,0,0,0,0.00,0.00,0.00,0.00,50,-2097,17743,2324,4421,131,Baleba,MID,16,MUN,IPS
131,30,9,0,False,2026-09-06T13:00:00Z,2,2,3,False,0,0,0,0,0,0,0,0,0,0,0,0,0,0.0,0.0,0.0,0.0,0,0,0,0,0,0.00,0.00,0.00,0.00,50,-3278,14956,1696,4974,131,Baleba,MID,16,MUN,EVE
131,39,15,0,True,2026-09-13T15:30:00Z,0,1,4,False,0,0,0,0,0,0,0,0,0,0,0,0,0,0.0,0.0,0.0,0.0,0,0,0,0,0,0.00,0.00,0.00,0.00,50,-1747,13457,783,2530,131,Baleba,MID,16,MUN,MCI
131,50,10,0,False,2026-09-20T15:30:00Z,1,1,5,False,0,0,0,0,0,0,0,0,0,0,0,0,0,0.0,0.0,0.0,0.0,0,0,0,0,0,0.00,0.00,0.00,0.00,49,-1080,12600,636,1716,131,Baleba,MID,16,MUN,FUL
162,4,11,2,False,2026-08-22T11:30:00Z,2,0,1,False,66,0,0,0,2,0,0,0,0,0,0,0,17,11.4,4.2,2.0,1.8,3,5,1,9,1,0.00,0.23,0.23,0.94,50,0,93940,0,0,162,Andrey Santos,MID,16,MUN,HUL
162,18,12,1,True,2026-08-30T15:30:00Z,5,2,2,False,10,0,0,0,1,0,0,0,0,0,0,0,2,6.2,0.7,0.0,0.7,0,2,3,5,0,0.00,0.00,0.00,1.00,50,-7693,96490,7456,15149,162,Andrey Santos,MID,16,MUN,IPS
162,30,9,1,False,2026-09-06T13:00:00Z,2,2,3,False,6,0,0,0,1,0,0,0,0,0,0,0,4,7.2,0.6,6.0,1.4,4,0,0,4,0,0.00,0.01,0.01,0.09,49,-16957,83163,7346,24303,162,Andrey Santos,MID,16,MUN,EVE
162,39,15,0,True,2026-09-13T15:30:00Z,0,1,4,False,0,0,0,0,0,0,0,0,0,0,0,0,0,0.0,0.0,0.0,0.0,0,0,0,0,0,0.00,0.00,0.00,0.00,49,-13179,72284,3527,16706,162,Andrey Santos,MID,16,MUN,MCI
162,50,10,0,False,2026-09-20T15:30:00Z,1,1,5,False,0,0,0,0,0,0,0,0,0,0,0,0,0,0.0,0.0,0.0,0.0,0,0,0,0,0,0.00,0.00,0.00,0.00,48,-9593,64624,2868,12461,162,Andrey Santos,MID,16,MUN,FUL
325,4,11,0,False,2026-08-22T11:30:00Z,2,0,1,False,0,0,0,0,0,0,0,0,0,0,0,0,0,0.0,0.0,0.0,0.0,0,0,0,0,0,0.00,0.00,0.00,0.00,45,0,3043,0,0,325,Darlow,GK,16,MUN,HUL
325,18,12,0,True,2026-08-30T15:30:00Z,5,2,2,False,0,0,0,0,0,0,0,0,0,0,0,0,0,0.0,0.0,0.0,0.0,0,0,0,0,0,0.00,0.00,0.00,0.00,45,-15,3863,242,257,325,Darlow,GK,16,MUN,IPS
325,30,9,0,False,2026-09-06T13:00:00Z,2,2,3,False,0,0,0,0,0,0,0,0,0,0,0,0,0,0.0,0.0,0.0,0.0,0,0,0,0,0,0.00,0.00,0.00,0.00,45,-122,4184,340,462,325,Darlow,GK,16,MUN,EVE
325,39,15,0,True,2026-09-13T15:30:00Z,0,1,4,False,0,0,0,0,0,0,0,0,0,0,0,0,0,0.0,0.0,0.0,0.0,0,0,0,0,0,0.00,0.00,0.00,0.00,45,-89,4302,256,345,325,Darlow,GK,16,MUN,MCI
325,50,10,0,False,2026-09-20T15:30:00Z,1,1,5,False,0,0,0,0,0,0,0,0,0,0,0,0,0,0.0,0.0,0.0,0.0,0,0,0,0,0,0.00,0.00,0.00,0.00,45,-148,4302,169,317,325,Darlow,GK,16,MUN,FUL
412,4,11,1,False,2026-08-22T11:30:00Z,2,0,1,False,90,0,0,0,2,0,0,0,0,0,2,0,7,20.2,0.0,0.0,2.0,2,8,0,0,1,0.00,0.00,0.00,1.01,50,0,1497029,0,0,412,Lammens,GK,16,MUN,HUL
412,18,12,2,True,2026-08-30T15:30:00Z,5,2,2,False,90,0,0,0,2,0,0,0,0,0,3,0,11,27.0,0.0,0.0,2.7,1,6,0,0,1,0.00,0.00,0.00,2.06,50,-53896,1543070,34714,88610,412,Lammens,GK,16,MUN,IPS
412,30,9,2,False,2026-09-06T13:00:00Z,2,2,3,False,90,0,0,0,2,0,0,0,0,0,4,0,13,31.8,0.0,0.0,3.2,1,14,0,0,1,0.00,0.00,0.00,1.01,50,-158382,1379189,32200,190582,412,Lammens,GK,16,MUN,EVE
412,39,15,2,True,2026-09-13T15:30:00Z,0,1,4,False,90,0,0,0,1,0,0,0,0,0,1,0,5,6.6,0.0,0.0,0.7,1,5,0,0,1,0.00,0.00,0.00,1.10,50,-227696,1178768,11379,239075,412,Lammens,GK,16,MUN,MCI
412,50,10,4,False,2026-09-20T15:30:00Z,1,1,5,False,90,0,0,0,1,0,0,0,0,0,6,0,22,47.2,0.0,0.0,4.7,0,5,0,0,1,0.00,0.00,0.00,1.62,49,-106249,1105256,13915,120164,412,Lammens,GK,16,MUN,FUL
413,4,11,0,False,2026-08-22T11:30:00Z,2,0,1,False,0,0,0,0,0,0,0,0,0,0,0,0,0,0.0,0.0,0.0,0.0,0,0,0,0,0,0.00,0.00,0.00,0.00,45,0,2353,0,0,413,Bayindir,GK,16,MUN,HUL
413,18,12,0,True,2026-08-30T15:30:00Z,5,2,2,False,0,0,0,0,0,0,0,0,0,0,0,0,0,0.0,0.0,0.0,0.0,0,0,0,0,0,0.00,0.00,0.00,0.00,45,-588,1739,0,588,413,Bayindir,GK,16,MUN,IPS
413,30,9,0,False,2026-09-06T13:00:00Z,2,2,3,False,0,0,0,0,0,0,0,0,0,0,0,0,0,0.0,0.0,0.0,0.0,0,0,0,0,0,0.00,0.00,0.00,0.00,45,-292,1465,0,292,413,Bayindir,GK,16,MUN,EVE
413,39,15,0,True,2026-09-13T15:30:00Z,0,1,4,False,0,0,0,0,0,0,0,0,0,0,0,0,0,0.0,0.0,0.0,0.0,0,0,0,0,0,0.00,0.00,0.00,0.00,45,-137,1335,0,137,413,Bayindir,GK,16,MUN,MCI
413,50,10,0,False,2026-09-20T15:30:00Z,1,1,5,False,0,0,0,0,0,0,0,0,0,0,0,0,0,0.0,0.0,0.0,0.0,0,0,0,0,0,0.00,0.00,0.00,0.00,45,-93,1255,0,93,413,Bayindir,GK,16,MUN,FUL
414,4,11,0,False,2026-08-22T11:30:00Z,2,0,1,False,0,0,0,0,0,0,0,0,0,0,0,0,0,0.0,0.0,0.0,0.0,0,0,0,0,0,0.00,0.00,0.00,0.00,40,0,9078,0,0,414,Heaton,GK,16,MUN,HUL
414,18,12,0,True,2026-08-30T15:30:00Z,5,2,2,False,0,0,0,0,0,0,0,0,0,0,0,0,0,0.0,0.0,0.0,0.0,0,0,0,0,0,0.00,0.00,0.00,0.00,40,-790,8703,215,1005,414,Heaton,GK,16,MUN,IPS
414,30,9,0,False,2026-09-06T13:00:00Z,2,2,3,False,0,0,0,0,0,0,0,0,0,0,0,0,0,0.0,0.0,0.0,0.0,0,0,0,0,0,0.00,0.00,0.00,0.00,40,-342,8868,634,976,414,Heaton,GK,16,MUN,EVE
414,39,15,0,True,2026-09-13T15:30:00Z,0,1,4,False,0,0,0,0,0,0,0,0,0,0,0,0,0,0.0,0.0,0.0,0.0,0,0,0,0,0,0.00,0.00,0.00,0.00,40,-119,8836,696,815,414,Heaton,GK,16,MUN,MCI
414,50,10,0,False,2026-09-20T15:30:00Z,1,1,5,False,0,0,0,0,0,0,0,0,0,0,0,0,0,0.0,0.0,0.0,0.0,0,0,0,0,0,0.00,0.00,0.00,0.00,40,-118,8762,373,491,414,Heaton,GK,16,MUN,FUL
415,4,11,0,False,2026-08-22T11:30:00Z,2,0,1,False,45,0,0,0,2,0,0,0,1,0,0,0,-11,0.0,1.2,16.0,0.7,1,0,0,1,1,0.47,0.03,0.50,0.92,60,0,121744,0,0,415,Dorgu,MID,16,MUN,HUL
415,18,12,1,True,2026-08-30T15:30:00Z,5,2,2,False,10,0,0,0,1,0,0,0,0,0,0,0,4,7.0,11.7,39.0,5.8,1,0,1,2,0,0.18,0.01,0.19,1.00,60,-23853,107542,4808,28661,415,Dorgu,MID,16,MUN,IPS
415,30,9,1,False,2026-09-06T13:00:00Z,2,2,3,False,20,0,0,0,2,0,0,0,0,0,0,0,3,4.2,1.3,2.0,0.8,1,1,1,3,0,0.00,0.01,0.01,0.36,59,-33546,75573,3139,36685,415,Dorgu,MID,16,MUN,EVE
415,39,15,4,True,2026-09-13T15:30:00Z,0,1,4,False,90,0,0,0,1,0,0,0,0,0,0,0,19,19.6,18.7,4.0,4.2,3,3,6,12,1,0.00,0.03,0.03,1.10,58,-16892,62553,2154,19046,415,Dorgu,MID,16,MUN,MCI
415,50,10,4,False,2026-09-20T15:30:00Z,1,1,5,False,6,0,1,0,0,0,0,0,0,0,0,0,12,18.4,11.2,11.0,4.1,2,0,0,2,0,0.13,0.01,0.14,0.00,58,-6276,58577,2869,9145,415,Dorgu,MID,16,MUN,FUL
416,4,11,0,False,2026-08-22T11:30:00Z,2,0,1,False,0,0,0,0,0,0,0,0,0,0,0,0,0,0.0,0.0,0.0,0.0,0,0,0,0,0,0.00,0.00,0.00,0.00,50,0,2274,0,0,416,De Ligt,DEF,16,MUN,HUL
416,18,12,0,True,2026-08-30T15:30:00Z,5,2,2,False,0,0,0,0,0,0,0,0,0,0,0,0,0,0.0,0.0,0.0,0.0,0,0,0,0,0,0.00,0.00,0.00,0.00,50,-381,2498,117,498,416,De Ligt,DEF,16,MUN,IPS
416,30,9,0,False,2026-09-06T13:00:00Z,2,2,3,False,0,0,0,0,0,0,0,0,0,0,0,0,0,0.0,0.0,0.0,0.0,0,0,0,0,0,0.00,0.00,0.00,0.00,50,-367,2390,96,463,416,De Ligt,DEF,16,MUN,EVE
416,39,15,0,True,2026-09-13T15:30:00Z,0,1,4,False,0,0,0,0,0,0,0,0,0,0,0,0,0,0.0,0.0,0.0,0.0,0,0,0,0,0,0.00,0.00,0.00,0.00,50,-177,2411,87,264,416,De Ligt,DEF,16,MUN,MCI
416,50,10,0,False,2026-09-20T15:30:00Z,1,1,5,False,0,0,0,0,0,0,0,0,0,0,0,0,0,0.0,0.0,0.0,0.0,0,0,0,0,0,0.00,0.00,0.00,0.00,50,-119,2417,79,198,416,De Ligt,DEF,16,MUN,FUL
417,4,11,1,False,2026-08-22T11:30:00Z,2,0,1,False,10,0,0,0,0,0,0,0,0,0,0,0,6,7.6,11.3,0.0,1.9,1,1,2,3,0,0.00,0.00,0.00,0.00,50,0,246316,0,0,417,Dalot,DEF,16,MUN,HUL
417,18,12,2,True,2026-08-30T15:30:00Z,5,2,2,False,73,0,0,0,1,0,0,0,0,0,0,0,12,16.4,42.2,33.0,9.2,4,1,0,4,1,0.15,0.12,0.27,1.06,50,-25442,242125,8190,33632,417,Dalot,DEF,16,MUN,IPS
417,30,9,1,False,2026-09-06T13:00:00Z,2,2,3,False,83,0,0,0,1,0,0,0,1,0,0,0,8,4.8,22.7,6.0,3.4,2,3,2,4,1,0.01,0.01,0.02,0.92,50,-29674,219064,9011,38685,417,Dalot,DEF,16,MUN,EVE
417,39,15,2,True,2026-09-13T15:30:00Z,0,1,4,False,90,0,0,0,1,0,0,0,0,0,0,0,9,6.2,16.5,3.0,2.6,2,9,1,3,1,0.02,0.05,0.07,1.10,49,-32120,192489,3882,36002,417,Dalot,DEF,16,MUN,MCI
417,50,10,2,False,2026-09-20T15:30:00Z,1,1,5,False,90,0,0,0,1,0,0,0,0,0,0,0,11,8.6,15.0,7.0,3.1,1,7,1,2,1,0.06,0.05,0.11,1.62,49,-16480,180890,3696,20176,417,Dalot,DEF,16,MUN,FUL
418,4,11,1,False,2026-08-22T11:30:00Z,2,0,1,False,90,0,0,0,2,0,0,0,0,0,0,0,15,25.4,28.6,19.0,7.3,4,5,0,4,1,0.04,0.40,0.44,1.01,50,0,1650905,0,0,418,Maguire,DEF,16,MUN,HUL
418,18,12,4,True,2026-08-30T15:30:00Z,5,2,2,False,90,0,1,0,2,0,0,0,0,0,0,0,13,7.2,1.5,6.0,1.5,4,4,1,5,1,0.03,0.01,0.04,2.06,50,-53358,1686850,52953,106311,418,Maguire,DEF,16,MUN,IPS
418,30,9,2,False,2026-09-06T13:00:00Z,2,2,3,False,90,0,0,0,2,0,0,0,1,0,0,0,1,26.8,1.3,2.0,3.0,12,2,0,12,1,0.00,0.01,0.01,1.01,50,-240933,1407635,49780,290713,418,Maguire,DEF,16,MUN,EVE
418,39,15,1,True,2026-09-13T15:30:00Z,0,1,4,False,90,0,0,0,1,0,0,0,1,0,0,0,4,9.4,1.6,11.0,2.2,4,6,1,5,1,0.12,0.01,0.13,1.10,49,-358924,1091541,17287,376211,418,Maguire,DEF,16,MUN,MCI
418,50,10,2,False,2026-09-20T15:30:00Z,1,1,5,False,90,0,0,0,1,0,0,0,0,0,0,0,17,17.2,17.1,12.0,4.6,4,4,1,5,1,0.01,0.03,0.04,1.62,49,-142518,993742,13938,156456,418,Maguire,DEF,16,MUN,FUL
419,4,11,0,False,2026-08-22T11:30:00Z,2,0,1,False,0,0,0,0,0,0,0,0,0,0,0,0,0,0.0,0.0,0.0,0.0,0,0,0,0,0,0.00,0.00,0.00,0.00,50,0,115360,0,0,419,Martinez,DEF,16,MUN,HUL
419,18,12,1,True,2026-08-30T15:30:00Z,5,2,2,False,90,0,0,0,2,0,0,0,0,0,0,0,2,4.8,1.8,3.0,1.0,0,6,0,0,1,0.03,0.06,0.09,2.06,50,-12800,127444,6775,19575,419,Martinez,DEF,16,MUN,IPS
419,30,9,3,False,2026-09-06T13:00:00Z,2,2,3,False,90,0,0,0,2,0,0,0,0,0,0,0,7,29.0,0.3,0.0,2.9,10,2,0,10,1,0.00,0.00,0.00,1.01,50,-9944,128156,8174,18118,419,Martinez,DEF,16,MUN,EVE
419,39,15,2,True,2026-09-13T15:30:00Z,0,1,4,False,90,0,0,0,1,0,0,0,0,0,0,0,14,20.2,3.4,7.0,3.1,3,5,3,6,1,0.03,0.08,0.11,1.10,50,-6006,130813,7461,13467,419,Martinez,DEF,16,MUN,MCI
419,50,10,0,False,2026-09-20T15:30:00Z,1,1,5,False,90,0,0,0,1,1,0,0,0,0,0,0,6,12.4,13.3,22.0,4.8,4,1,0,4,1,0.15,0.02,0.17,1.62,50,823,138877,10516,9693,419,Martinez,DEF,16,MUN,FUL
420,4,11,0,False,2026-08-22T11:30:00Z,2,0,1,False,0,0,0,0,0,0,0,0,0,0,0,0,0,0.0,0.0,0.0,0.0,0,0,0,0,0,0.00,0.00,0.00,0.00,50,0,62047,0,0,420,Yoro,DEF,16,MUN,HUL
420,18,12,1,True,2026-08-30T15:30:00Z,5,2,2,False,16,0,0,0,1,0,0,0,0,0,0,0,-2,1.8,1.8,0.0,0.4,2,1,0,2,0,0.00,0.01,0.01,1.00,50,-9208,62806,1536,10744,420,Yoro,DEF,16,MUN,IPS
420,30,9,1,False,2026-09-06T13:00:00Z,2,2,3,False,6,0,0,0,1,0,0,0,0,0,0,0,1,6.0,0.6,2.0,0.9,1,0,2,3,0,0.00,0.01,0.01,0.09,49,-9461,56599,1735,11196,420,Yoro,DEF,16,MUN,EVE
420,39,15,0,True,2026-09-13T15:30:00Z,0,1,4,False,0,0,0,0,0,0,0,0,0,0,0,0,0,0.0,0.0,0.0,0.0,0,0,0,0,0,0.00,0.00,0.00,0.00,49,-6069,52988,894,6963,420,Yoro,DEF,16,MUN,MCI
420,50,10,0,False,2026-09-20T15:30:00Z,1,1,5,False,0,0,0,0,0,0,0,0,0,0,0,0,0,0.0,0.0,0.0,0.0,0,0,0,0,0,0.00,0.00,0.00,0.00,49,-4322,50197,617,4939,420,Yoro,DEF,16,MUN,FUL
421,4,11,1,False,2026-08-22T11:30:00Z,2,0,1,False,90,0,0,0,2,0,0,0,0,0,0,0,5,6.8,2.6,11.0,2.0,1,4,1,2,1,0.12,0.04,0.16,1.01,45,0,33647,0,0,421,Heaven,DEF,16,MUN,HUL
421,18,12,0,True,2026-08-30T15:30:00Z,5,2,2,False,0,0,0,0,0,0,0,0,0,0,0,0,0,0.0,0.0,0.0,0.0,0,0,0,0,0,0.00,0.00,0.00,0.00,45,-1103,40184,3088,4191,421,Heaven,DEF,16,MUN,IPS
421,30,9,0,False,2026-09-06T13:00:00Z,2,2,3,False,0,0,0,0,0,0,0,0,0,0,0,0,0,0.0,0.0,0.0,0.0,0,0,0,0,0,0.00,0.00,0.00,0.00,45,-7661,34853,1300,8961,421,Heaven,DEF,16,MUN,EVE
421,39,15,0,True,2026-09-13T15:30:00Z,0,1,4,False,0,0,0,0,0,0,0,0,0,0,0,0,0,0.0,0.0,0.0,0.0,0,0,0,0,0,0.00,0.00,0.00,0.00,44,-5029,31486,769,5798,421,Heaven,DEF,16,MUN,MCI
421,50,10,0,False,2026-09-20T15:30:00Z,1,1,5,False,0,0,0,0,0,0,0,0,0,0,0,0,0,0.0,0.0,0.0,0.0,0,0,0,0,0,0.00,0.00,0.00,0.00,44,-3023,29351,613,3636,421,Heaven,DEF,16,MUN,FUL
422,4,11,1,False,2026-08-22T11:30:00Z,2,0,1,False,79,0,0,0,2,0,0,0,0,0,0,0,8,17.4,29.4,9.0,5.6,4,3,1,5,1,0.22,0.05,0.27,1.01,45,0,56217,0,0,422,Mazraoui,DEF,16,MUN,HUL
422,18,12,1,True,2026-08-30T15:30:00Z,5,2,2,False,17,0,0,0,1,0,0,0,0,0,0,0,-1,1.4,1.3,0.0,0.3,0,0,0,0,0,0.00,0.00,0.00,1.00,45,-238,70057,5854,6092,422,Mazraoui,DEF,16,MUN,IPS
422,30,9,1,False,2026-09-06T13:00:00Z,2,2,3,False,1,0,0,0,1,0,0,0,0,0,0,0,-1,2.2,0.5,2.0,0.5,0,0,1,1,0,0.00,0.01,0.01,0.07,45,-9779,64636,3244,13023,422,Mazraoui,DEF,16,MUN,EVE
422,39,15,0,True,2026-09-13T15:30:00Z,0,1,4,False,0,0,0,0,0,0,0,0,0,0,0,0,0,0.0,0.0,0.0,0.0,0,0,0,0,0,0.00,0.00,0.00,0.00,44,-8954,59306,2102,11056,422,Mazraoui,DEF,16,MUN,MCI
422,50,10,0,False,2026-09-20T15:30:00Z,1,1,5,False,0,0,0,0,0,0,0,0,0,0,0,0,0,0.0,0.0,0.0,0.0,0,0,0,0,0,0.00,0.00,0.00,0.00,44,-5332,55791,2584,7916,422,Mazraoui,DEF,16,MUN,FUL
423,4,11,1,False,2026-08-22T11:30:00Z,2,0,1,False,90,0,0,0,2,0,0,0,0,0,0,0,13,25.2,59.2,6.0,9.0,3,3,1,4,1,0.00,0.26,0.26,1.01,45,0,1947696,0,0,423,Shaw,DEF,16,MUN,HUL
423,18,12,2,True,2026-08-30T15:30:00Z,5,2,2,False,72,0,0,0,1,0,0,0,0,0,0,0,12,18.4,1.6,4.0,2.4,4,2,4,8,1,0.00,0.02,0.02,1.06,45,-74162,1935721,42927,117089,423,Shaw,DEF,16,MUN,IPS
423,30,9,4,False,2026-09-06T13:00:00Z,2,2,3,False,90,0,1,0,1,0,0,0,1,0,0,0,22,42.4,24.8,3.0,7.0,7,1,1,8,1,0.02,0.23,0.25,0.94,45,-303431,1575355,30459,333890,423,Shaw,DEF,16,MUN,EVE
423,39,15,0,True,2026-09-13T15:30:00Z,0,1,4,False,0,0,0,0,0,0,0,0,0,0,0,0,0,0.0,0.0,0.0,0.0,0,0,0,0,0,0.00,0.00,0.00,0.00,44,-396169,1210238,21871,418040,423,Shaw,DEF,16,MUN,MCI
423,50,10,2,False,2026-09-20T15:30:00Z,1,1,5,False,83,0,0,0,1,0,0,0,0,0,0,0,7,6.6,6.0,4.0,1.7,3,1,0,3,1,0.01,0.07,0.08,1.62,44,-360683,879239,2227,362910,423,Shaw,DEF,16,MUN,FUL
424,4,11,0,False,2026-08-22T11:30:00Z,2,0,1,False,0,0,0,0,0,0,0,0,0,0,0,0,0,0.0,0.0,0.0,0.0,0,0,0,0,0,0.00,0.00,0.00,0.00,40,0,18310,0,0,424,Amass,DEF,16,MUN,HUL
424,18,12,0,True,2026-08-30T15:30:00Z,5,2,2,False,0,0,0,0,0,0,0,0,0,0,0,0,0,0.0,0.0,0.0,0.0,0,0,0,0,0,0.00,0.00,0.00,0.00,40,-1093,19337,888,1981,424,Amass,DEF,16,MUN,IPS
424,30,9,0,False,2026-09-06T13:00:00Z,2,2,3,False,0,0,0,0,0,0,0,0,0,0,0,0,0,0.0,0.0,0.0,0.0,0,0,0,0,0,0.00,0.00,0.00,0.00,40,-414,21308,1942,2356,424,Amass,DEF,16,MUN,EVE
424,39,15,0,True,2026-09-13T15:30:00Z,0,1,4,False,0,0,0,0,0,0,0,0,0,0,0,0,0,0.0,0.0,0.0,0.0,0,0,0,0,0,0.00,0.00,0.00,0.00,40,-300,21846,1680,1980,424,Amass,DEF,16,MUN,MCI
424,50,10,0,False,2026-09-20T15:30:00Z,1,1,5,False,0,0,0,0,0,0,0,0,0,0,0,0,0,0.0,0.0,0.0,0.0,0,0,0,0,0,0.00,0.00,0.00,0.00,40,-321,21588,1392,1713,424,Amass,DEF,16,MUN,FUL
425,4,11,0,False,2026-08-22T11:30:00Z,2,0,1,False,0,0,0,0,0,0,0,0,0,0,0,0,0,0.0,0.0,0.0,0.0,0,0,0,0,0,0.00,0.00,0.00,0.00,40,0,2582,0,0,425,Fredricson,DEF,16,MUN,HUL
425,18,12,0,True,2026-08-30T15:30:00Z,5,2,2,False,0,0,0,0,0,0,0,0,0,0,0,0,0,0.0,0.0,0.0,0.0,0,0,0,0,0,0.00,0.00,0.00,0.00,40,-680,1885,0,680,425,Fredricson,DEF,16,MUN,IPS
425,30,9,0,False,2026-09-06T13:00:00Z,2,2,3,False,0,0,0,0,0,0,0,0,0,0,0,0,0,0.0,0.0,0.0,0.0,0,0,0,0,0,0.00,0.00,0.00,0.00,40,-329,1561,0,329,425,Fredricson,DEF,16,MUN,EVE
425,39,15,0,True,2026-09-13T15:30:00Z,0,1,4,False,0,0,0,0,0,0,0,0,0,0,0,0,0,0.0,0.0,0.0,0.0,0,0,0,0,0,0.00,0.00,0.00,0.00,40,-152,1428,0,152,425,Fredricson,DEF,16,MUN,MCI
425,50,10,0,False,2026-09-20T15:30:00Z,1,1,5,False,0,0,0,0,0,0,0,0,0,0,0,0,0,0.0,0.0,0.0,0.0,0,0,0,0,0,0.00,0.00,0.00,0.00,40,-107,1329,0,107,425,Fredricson,DEF,16,MUN,FUL
426,4,11,2,False,2026-08-22T11:30:00Z,2,0,1,False,90,0,0,0,2,0,0,0,0,0,0,0,18,20.2,55.4,17.0,9.3,1,5,0,6,1,0.08,0.26,0.34,1.01,120,0,4653303,0,0,426,B.Fernandes,MID,16,MUN,HUL
426,18,12,23,True,2026-08-30T15:30:00Z,5,2,2,False,90,3,1,0,2,0,0,0,0,0,0,3,87,132.4,62.5,66.0,26.1,1,5,2,8,1,2.02,0.48,2.50,2.06,120,-180062,4770471,48518,228580,426,B.Fernandes,MID,16,MUN,IPS
426,30,9,2,False,2026-09-06T13:00:00Z,2,2,3,False,90,0,0,0,2,0,0,0,0,0,0,0,11,3.4,33.6,14.0,5.1,0,2,0,2,1,0.15,0.06,0.21,1.01,120,36750,5025755,371832,335082,426,B.Fernandes,MID,16,MUN,EVE
426,39,15,2,True,2026-09-13T15:30:00Z,0,1,4,False,90,0,0,0,1,0,0,0,0,0,0,0,17,17.0,31.4,7.0,5.5,1,4,2,7,1,0.03,0.33,0.36,1.10,120,-615807,4455713,123022,738829,426,B.Fernandes,MID,16,MUN,MCI
426,50,10,2,False,2026-09-20T15:30:00Z,1,1,5,False,90,0,0,0,1,0,0,0,0,0,0,0,15,14.0,58.8,13.0,8.6,0,5,1,6,1,0.28,0.19,0.47,1.62,120,-282231,4318751,68228,350459,426,B.Fernandes,MID,16,MUN,FUL
427,4,11,2,False,2026-08-22T11:30:00Z,2,0,1,False,90,0,0,0,2,0,0,0,0,0,0,0,12,9.6,28.1,49.0,8.7,0,4,0,4,1,0.50,0.23,0.73,1.01,80,0,3492739,0,0,427,Mbeumo,MID,16,MUN,HUL
427,18,12,11,True,2026-08-30T15:30:00Z,5,2,2,False,90,1,1,0,2,0,0,0,1,0,0,2,37,45.6,43.3,35.0,12.4,0,2,3,5,1,1.76,0.21,1.97,2.06,80,-137963,3537164,82225,220188,427,Mbeumo,MID,16,MUN,IPS
427,30,9,8,False,2026-09-06T13:00:00Z,2,2,3,False,90,1,0,0,2,0,0,0,0,0,0,1,29,39.8,13.7,18.0,7.2,4,4,0,8,1,0.05,0.03,0.08,1.01,80,-752284,2705759,92628,844912,427,Mbeumo,MID,16,MUN,EVE
427,39,15,2,True,2026-09-13T15:30:00Z,0,1,4,False,90,0,0,0,1,0,0,0,0,0,0,0,9,11.2,32.8,24.0,6.8,1,3,1,5,1,0.49,0.08,0.57,1.10,79,-362745,2456322,156650,519395,427,Mbeumo,MID,16,MUN,MCI
427,50,10,2,False,2026-09-20T15:30:00Z,1,1,5,False,90,0,0,0,1,0,0,0,0,0,0,0,23,14.6,46.3,30.0,9.1,2,1,1,4,1,0.27,0.25,0.52,1.62,79,-206528,2322581,95476,302004,427,Mbeumo,MID,16,MUN,FUL
428,4,11,2,False,2026-08-22T11:30:00Z,2,0,1,False,79,0,0,0,2,0,0,0,0,0,0,0,14,5.4,28.2,35.0,6.9,0,3,0,3,1,0.24,0.21,0.45,1.01,80,0,901042,0,0,428,Cunha,MID,16,MUN,HUL
428,18,12,9,True,2026-08-30T15:30:00Z,5,2,2,False,79,0,2,0,1,0,0,0,0,0,0,1,31,20.0,27.6,28.0,7.6,0,2,0,2,1,0.11,0.15,0.26,1.06,80,-66103,924196,26854,92957,428,Cunha,MID,16,MUN,IPS
428,30,9,3,False,2026-09-06T13:00:00Z,2,2,3,False,69,0,0,1,0,0,0,0,0,0,0,0,10,2.8,6.2,10.0,1.9,0,1,2,3,1,0.12,0.05,0.17,0.65,80,-134183,802045,23584,157767,428,Cunha,MID,16,MUN,EVE
428,39,15,2,True,2026-09-13T15:30:00Z,0,1,4,False,90,0,0,0,1,0,0,0,0,0,0,0,8,2.4,14.3,15.0,3.2,0,1,1,2,1,0.11,0.03,0.14,1.10,79,-138505,680785,11751,150256,428,Cunha,MID,16,MUN,MCI
428,50,10,10,False,2026-09-20T15:30:00Z,1,1,5,False,90,1,0,0,1,0,0,0,0,0,0,3,32,42.4,35.2,26.0,10.4,1,2,0,3,1,0.05,0.39,0.44,1.62,79,-75494,620030,11557,87051,428,Cunha,MID,16,MUN,FUL
429,4,11,1,False,2026-08-22T11:30:00Z,2,0,1,False,45,0,0,0,0,0,0,0,0,0,0,0,9,11.6,48.6,4.0,6.4,0,1,0,1,0,0.00,0.10,0.10,0.09,70,0,134653,0,0,429,Rashford,MID,16,MUN,HUL
429,18,12,2,True,2026-08-30T15:30:00Z,5,2,2,False,79,0,0,0,1,0,0,0,0,0,0,0,17,16.0,34.3,58.0,10.8,0,3,3,6,1,0.26,0.05,0.31,1.06,70,-7014,165554,15064,22078,429,Rashford,MID,16,MUN,IPS
429,30,9,3,False,2026-09-06T13:00:00Z,2,2,3,False,69,0,0,1,0,0,0,0,0,0,0,0,11,3.8,12.5,8.0,2.4,0,4,0,4,1,0.00,0.06,0.06,0.65,70,-15044,166436,22811,37855,429,Rashford,MID,16,MUN,EVE
429,39,15,2,True,2026-09-13T15:30:00Z,0,1,4,False,82,0,0,0,1,0,0,0,0,0,0,0,6,5.4,14.1,29.0,4.9,2,2,1,5,1,0.12,0.08,0.20,1.08,70,-3479,172900,24764,28243,429,Rashford,MID,16,MUN,MCI
429,50,10,2,False,2026-09-20T15:30:00Z,1,1,5,False,76,0,0,0,1,0,0,0,0,0,0,0,15,16.6,53.7,58.0,12.8,2,0,0,2,1,0.40,0.14,0.54,1.62,70,-4515,171653,18390,22905,429,Rashford,MID,16,MUN,FUL
430,4,11,0,False,2026-08-22T11:30:00Z,2,0,1,False,0,0,0,0,0,0,0,0,0,0,0,0,0,0.0,0.0,0.0,0.0,0,0,0,0,0,0.00,0.00,0.00,0.00,55,0,3202,0,0,430,Mount,MID,16,MUN,HUL
430,18,12,0,True,2026-08-30T15:30:00Z,5,2,2,False,0,0,0,0,0,0,0,0,0,0,0,0,0,0.0,0.0,0.0,0.0,0,0,0,0,0,0.00,0.00,0.00,0.00,55,-660,2752,35,695,430,Mount,MID,16,MUN,IPS
430,30,9,0,False,2026-09-06T13:00:00Z,2,2,3,False,0,0,0,0,0,0,0,0,0,0,0,0,0,0.0,0.0,0.0,0.0,0,0,0,0,0,0.00,0.00,0.00,0.00,54,-530,2327,60,590,430,Mount,MID,16,MUN,EVE
430,39,15,0,True,2026-09-13T15:30:00Z,0,1,4,False,0,0,0,0,0,0,0,0,0,0,0,0,0,0.0,0.0,0.0,0.0,0,0,0,0,0,0.00,0.00,0.00,0.00,54,54,2733,272,218,430,Mount,MID,16,MUN,MCI
430,50,10,1,False,2026-09-20T15:30:00Z,1,1,5,False,10,0,0,0,0,0,0,0,0,0,0,0,3,0.6,1.1,5.0,0.7,0,1,0,1,0,0.09,0.01,0.10,0.00,54,88,3100,361,273,430,Mount,MID,16,MUN,FUL
431,4,11,0,False,2026-08-22T11:30:00Z,2,0,1,False,0,0,0,0,0,0,0,0,0,0,0,0,0,0.0,0.0,0.0,0.0,0,0,0,0,0,0.00,0.00,0.00,0.00,60,0,145627,0,0,431,Amad,MID,16,MUN,HUL
431,18,12,0,True,2026-08-30T15:30:00Z,5,2,2,False,0,0,0,0,0,0,0,0,0,0,0,0,0,0.0,0.0,0.0,0.0,0,0,0,0,0,0.00,0.00,0.00,0.00,59,-57883,91945,1576,59459,431,Amad,MID,16,MUN,IPS
431,30,9,0,False,2026-09-06T13:00:00Z,2,2,3,False,0,0,0,0,0,0,0,0,0,0,0,0,0,0.0,0.0,0.0,0.0,0,0,0,0,0,0.00,0.00,0.00,0.00,58,-42560,50069,243,42803,431,Amad,MID,16,MUN,EVE
431,39,15,0,True,2026-09-13T15:30:00Z,0,1,4,False,0,0,0,0,0,0,0,0,0,0,0,0,0,0.0,0.0,0.0,0.0,0,0,0,0,0,0.00,0.00,0.00,0.00,58,-13432,38595,148,13580,431,Amad,MID,16,MUN,MCI
431,50,10,0,False,2026-09-20T15:30:00Z,1,1,5,False,0,0,0,0,0,0,0,0,0,0,0,0,0,0.0,0.0,0.0,0.0,0,0,0,0,0,0.00,0.00,0.00,0.00,57,-5804,33185,75,5879,431,Amad,MID,16,MUN,FUL
432,4,11,1,False,2026-08-22T11:30:00Z,2,0,1,False,23,0,0,0,0,0,0,0,0,0,0,0,7,2.8,2.5,2.0,0.7,0,1,0,1,0,0.07,0.01,0.08,0.07,55,0,89014,0,0,432,Mainoo,MID,16,MUN,HUL
432,18,12,4,True,2026-08-30T15:30:00Z,5,2,2,False,79,0,0,0,1,0,0,0,0,0,0,0,25,15.2,7.2,9.0,3.1,2,10,3,15,1,0.14,0.27,0.41,1.06,55,-10233,93316,3460,13693,432,Mainoo,MID,16,MUN,IPS
432,30,9,9,False,2026-09-06T13:00:00Z,2,2,3,False,83,0,1,0,1,0,0,0,0,0,0,2,32,34.2,24.5,0.0,5.9,3,10,2,15,1,0.00,0.07,0.07,0.92,55,6351,117218,19482,13131,432,Mainoo,MID,16,MUN,EVE
432,39,15,4,True,2026-09-13T15:30:00Z,0,1,4,False,90,0,0,0,1,0,0,0,0,0,0,0,20,19.8,37.2,1.0,5.8,4,9,0,13,1,0.03,0.07,0.10,1.10,55,17969,147734,30157,12188,432,Mainoo,MID,16,MUN,MCI
432,50,10,4,False,2026-09-20T15:30:00Z,1,1,5,False,79,0,0,0,1,0,0,0,0,0,0,0,18,11.2,17.4,9.0,3.8,1,10,1,12,1,0.06,0.10,0.16,1.62,55,20730,177650,33995,13265,432,Mainoo,MID,16,MUN,FUL
433,4,11,0,False,2026-08-22T11:30:00Z,2,0,1,False,0,0,0,0,0,0,0,0,0,0,0,0,0,0.0,0.0,0.0,0.0,0,0,0,0,0,0.00,0.00,0.00,0.00,50,0,333,0,0,433,Ugarte,MID,16,MUN,HUL
433,18,12,0,True,2026-08-30T15:30:00Z,5,2,2,False,0,0,0,0,0,0,0,0,0,0,0,0,0,0.0,0.0,0.0,0.0,0,0,0,0,0,0.00,0.00,0.00,0.00,50,-64,348,24,88,433,Ugarte,MID,16,MUN,IPS
433,30,9,0,False,2026-09-06T13:00:00Z,2,2,3,False,0,0,0,0,0,0,0,0,0,0,0,0,0,0.0,0.0,0.0,0.0,0,0,0,0,0,0.00,0.00,0.00,0.00,50,-37,371,32,69,433,Ugarte,MID,16,MUN,EVE
433,39,15,0,True,2026-09-13T15:30:00Z,0,1,4,False,0,0,0,0,0,0,0,0,0,0,0,0,0,0.0,0.0,0.0,0.0,0,0,0,0,0,0.00,0.00,0.00,0.00,50,-22,388,25,47,433,Ugarte,MID,16,MUN,MCI
433,50,10,0,False,2026-09-20T15:30:00Z,1,1,5,False,0,0,0,0,0,0,0,0,0,0,0,0,0,0.0,0.0,0.0,0.0,0,0,0,0,0,0.00,0.00,0.00,0.00,50,-21,386,15,36,433,Ugarte,MID,16,MUN,FUL
434,4,11,0,False,2026-08-22T11:30:00Z,2,0,1,False,0,0,0,0,0,0,0,0,0,0,0,0,0,0.0,0.0,0.0,0.0,0,0,0,0,0,0.00,0.00,0.00,0.00,50,0,1008,0,0,434,J.Fletcher,MID,16,MUN,HUL
434,18,12,0,True,2026-08-30T15:30:00Z,5,2,2,False,0,0,0,0,0,0,0,0,0,0,0,0,0,0.0,0.0,0.0,0.0,0,0,0,0,0,0.00,0.00,0.00,0.00,50,-128,1094,41,169,434,J.Fletcher,MID,16,MUN,IPS
434,30,9,0,False,2026-09-06T13:00:00Z,2,2,3,False,0,0,0,0,0,0,0,0,0,0,0,0,0,0.0,0.0,0.0,0.0,0,0,0,0,0,0.00,0.00,0.00,0.00,50,-102,1121,84,186,434,J.Fletcher,MID,16,MUN,EVE
434,39,15,0,True,2026-09-13T15:30:00Z,0,1,4,False,0,0,0,0,0,0,0,0,0,0,0,0,0,0.0,0.0,0.0,0.0,0,0,0,0,0,0.00,0.00,0.00,0.00,49,-67,1170,101,168,434,J.Fletcher,MID,16,MUN,MCI
434,50,10,0,False,2026-09-20T15:30:00Z,1,1,5,False,0,0,0,0,0,0,0,0,0,0,0,0,0,0.0,0.0,0.0,0.0,0,0,0,0,0,0.00,0.00,0.00,0.00,49,-71,1151,54,125,434,J.Fletcher,MID,16,MUN,FUL
435,4,11,1,False,2026-08-22T11:30:00Z,2,0,1,False,10,0,0,0,0,0,0,0,0,0,0,0,3,0.2,0.6,0.0,0.1,0,1,0,1,0,0.00,0.00,0.00,0.00,50,0,4147,0,0,435,Lacey,MID,16,MUN,HUL
435,18,12,0,True,2026-08-30T15:30:00Z,5,2,2,False,0,0,0,0,0,0,0,0,0,0,0,0,0,0.0,0.0,0.0,0.0,0,0,0,0,0,0.00,0.00,0.00,0.00,50,-263,4851,327,590,435,Lacey,MID,16,MUN,IPS
435,30,9,0,False,2026-09-06T13:00:00Z,2,2,3,False,0,0,0,0,0,0,0,0,0,0,0,0,0,0.0,0.0,0.0,0.0,0,0,0,0,0,0.00,0.00,0.00,0.00,50,-740,5286,298,1038,435,Lacey,MID,16,MUN,EVE
435,39,15,0,True,2026-09-13T15:30:00Z,0,1,4,False,0,0,0,0,0,0,0,0,0,0,0,0,0,0.0,0.0,0.0,0.0,0,0,0,0,0,0.00,0.00,0.00,0.00,49,-577,5384,197,774,435,Lacey,MID,16,MUN,MCI
435,50,10,0,False,2026-09-20T15:30:00Z,1,1,5,False,0,0,0,0,0,0,0,0,0,0,0,0,0,0.0,0.0,0.0,0.0,0,0,0,0,0,0.00,0.00,0.00,0.00,49,-32,5831,531,563,435,Lacey,MID,16,MUN,FUL
436,4,11,0,False,2026-08-22T11:30:00Z,2,0,1,False,0,0,0,0,0,0,0,0,0,0,0,0,0,0.0,0.0,0.0,0.0,0,0,0,0,0,0.00,0.00,0.00,0.00,50,0,1568,0,0,436,Collyer,MID,16,MUN,HUL
436,18,12,0,True,2026-08-30T15:30:00Z,5,2,2,False,0,0,0,0,0,0,0,0,0,0,0,0,0,0.0,0.0,0.0,0.0,0,0,0,0,0,0.00,0.00,0.00,0.00,50,-174,1667,60,234,436,Collyer,MID,16,MUN,IPS
436,30,9,0,False,2026-09-06T13:00:00Z,2,2,3,False,0,0,0,0,0,0,0,0,0,0,0,0,0,0.0,0.0,0.0,0.0,0,0,0,0,0,0.00,0.00,0.00,0.00,50,-291,1461,90,381,436,Collyer,MID,16,MUN,EVE
436,39,15,0,True,2026-09-13T15:30:00Z,0,1,4,False,0,0,0,0,0,0,0,0,0,0,0,0,0,0.0,0.0,0.0,0.0,0,0,0,0,0,0.00,0.00,0.00,0.00,50,-257,1225,0,257,436,Collyer,MID,16,MUN,MCI
436,50,10,0,False,2026-09-20T15:30:00Z,1,1,5,False,0,0,0,0,0,0,0,0,0,0,0,0,0,0.0,0.0,0.0,0.0,0,0,0,0,0,0.00,0.00,0.00,0.00,50,-135,1099,0,135,436,Collyer,MID,16,MUN,FUL
437,4,11,0,False,2026-08-22T11:30:00Z,2,0,1,False,0,0,0,0,0,0,0,0,0,0,0,0,0,0.0,0.0,0.0,0.0,0,0,0,0,0,0.00,0.00,0.00,0.00,45,0,16079,0,0,437,Bendito Mantato,MID,16,MUN,HUL
437,18,12,0,True,2026-08-30T15:30:00Z,5,2,2,False,0,0,0,0,0,0,0,0,0,0,0,0,0,0.0,0.0,0.0,0.0,0,0,0,0,0,0.00,0.00,0.00,0.00,45,-1410,17670,961,2371,437,Bendito Mantato,MID,16,MUN,IPS
437,30,9,0,False,2026-09-06T13:00:00Z,2,2,3,False,0,0,0,0,0,0,0,0,0,0,0,0,0,0.0,0.0,0.0,0.0,0,0,0,0,0,0.00,0.00,0.00,0.00,45,-934,18885,1762,2696,437,Bendito Mantato,MID,16,MUN,EVE
437,39,15,0,True,2026-09-13T15:30:00Z,0,1,4,False,0,0,0,0,0,0,0,0,0,0,0,0,0,0.0,0.0,0.0,0.0,0,0,0,0,0,0.00,0.00,0.00,0.00,45,-694,19130,1317,2011,437,Bendito Mantato,MID,16,MUN,MCI
437,50,10,0,False,2026-09-20T15:30:00Z,1,1,5,False,0,0,0,0,0,0,0,0,0,0,0,0,0,0.0,0.0,0.0,0.0,0,0,0,0,0,0.00,0.00,0.00,0.00,45,-1079,18231,624,1703,437,Bendito Mantato,MID,16,MUN,FUL
438,4,11,0,False,2026-08-22T11:30:00Z,2,0,1,False,0,0,0,0,0,0,0,0,0,0,0,0,0,0.0,0.0,0.0,0.0,0,0,0,0,0,0.00,0.00,0.00,0.00,45,0,31336,0,0,438,Fletcher,MID,16,MUN,HUL
438,18,12,0,True,2026-08-30T15:30:00Z,5,2,2,False,0,0,0,0,0,0,0,0,0,0,0,0,0,0.0,0.0,0.0,0.0,0,0,0,0,0,0.00,0.00,0.00,0.00,45,-2656,32667,1328,3984,438,Fletcher,MID,16,MUN,IPS
438,30,9,0,False,2026-09-06T13:00:00Z,2,2,3,False,0,0,0,0,0,0,0,0,0,0,0,0,0,0.0,0.0,0.0,0.0,0,0,0,0,0,0.00,0.00,0.00,0.00,45,-2436,32226,1884,4320,438,Fletcher,MID,16,MUN,EVE
438,39,15,0,True,2026-09-13T15:30:00Z,0,1,4,False,0,0,0,0,0,0,0,0,0,0,0,0,0,0.0,0.0,0.0,0.0,0,0,0,0,0,0.00,0.00,0.00,0.00,45,-1858,31369,1320,3178,438,Fletcher,MID,16,MUN,MCI
438,50,10,0,False,2026-09-20T15:30:00Z,1,1,5,False,0,0,0,0,0,0,0,0,0,0,0,0,0,0.0,0.0,0.0,0.0,0,0,0,0,0,0.00,0.00,0.00,0.00,44,250,36458,3537,3287,438,Fletcher,MID,16,MUN,FUL
439,4,11,1,False,2026-08-22T11:30:00Z,2,0,1,False,23,0,0,0,0,0,0,0,0,0,0,0,2,0.0,0.5,9.0,0.9,0,0,0,0,0,0.04,0.00,0.04,0.07,70,0,114788,0,0,439,Šeško,FWD,16,MUN,HUL
439,18,12,1,True,2026-08-30T15:30:00Z,5,2,2,False,10,0,0,0,1,0,0,0,0,0,0,0,5,2.2,10.5,2.0,1.5,0,3,0,3,0,0.00,0.01,0.01,1.00,70,15428,181866,30554,15126,439,Šeško,FWD,16,MUN,IPS
439,30,9,5,False,2026-09-06T13:00:00Z,2,2,3,False,20,1,0,0,2,0,0,0,0,0,0,0,28,31.2,0.2,21.0,5.2,0,0,0,0,0,0.29,0.00,0.29,0.36,70,-32919,161952,15581,48500,439,Šeško,FWD,16,MUN,EVE
439,39,15,1,True,2026-09-13T15:30:00Z,0,1,4,False,23,0,0,0,0,0,0,0,0,0,0,0,4,1.2,0.7,4.0,0.6,0,2,0,2,0,0.06,0.00,0.06,0.57,70,3627,182217,26345,22718,439,Šeško,FWD,16,MUN,MCI
439,50,10,0,False,2026-09-20T15:30:00Z,1,1,5,False,0,0,0,0,0,0,0,0,0,0,0,0,0,0.0,0.0,0.0,0.0,0,0,0,0,0,0.00,0.00,0.00,0.00,70,1630,192336,24959,23329,439,Šeško,FWD,16,MUN,FUL
440,4,11,0,False,2026-08-22T11:30:00Z,2,0,1,False,0,0,0,0,0,0,0,0,0,0,0,0,0,0.0,0.0,0.0,0.0,0,0,0,0,0,0.00,0.00,0.00,0.00,55,0,56060,0,0,440,Zirkzee,FWD,16,MUN,HUL
440,18,12,0,True,2026-08-30T15:30:00Z,5,2,2,False,0,0,0,0,0,0,0,0,0,0,0,0,0,0.0,0.0,0.0,0.0,0,0,0,0,0,0.00,0.00,0.00,0.00,55,-11086,51589,2045,13131,440,Zirkzee,FWD,16,MUN,IPS
440,30,9,0,False,2026-09-06T13:00:00Z,2,2,3,False,0,0,0,0,0,0,0,0,0,0,0,0,0,0.0,0.0,0.0,0.0,0,0,0,0,0,0.00,0.00,0.00,0.00,54,-7291,47734,5615,12906,440,Zirkzee,FWD,16,MUN,EVE
440,39,15,1,True,2026-09-13T15:30:00Z,0,1,4,False,7,0,0,0,0,0,0,0,0,0,0,0,4,4.4,4.8,0.0,0.9,1,2,0,3,0,0.00,0.01,0.01,0.02,54,-4849,45127,3614,8463,440,Zirkzee,FWD,16,MUN,MCI
440,50,10,1,False,2026-09-20T15:30:00Z,1,1,5,False,13,0,0,0,0,0,0,0,0,0,0,0,4,3.2,10.1,0.0,1.3,1,0,0,1,0,0.00,0.00,0.00,0.00,54,-3447,43505,2606,6053,440,Zirkzee,FWD,16,MUN,FUL
441,4,11,0,False,2026-08-22T11:30:00Z,2,0,1,False,0,0,0,0,0,0,0,0,0,0,0,0,0,0.0,0.0,0.0,0.0,0,0,0,0,0,0.00,0.00,0.00,0.00,45,0,100521,0,0,441,Obi,FWD,16,MUN,HUL
441,18,12,0,True,2026-08-30T15:30:00Z,5,2,2,False,0,0,0,0,0,0,0,0,0,0,0,0,0,0.0,0.0,0.0,0.0,0,0,0,0,0,0.00,0.00,0.00,0.00,45,-5253,109991,6316,11569,441,Obi,FWD,16,MUN,IPS
441,30,9,0,False,2026-09-06T13:00:00Z,2,2,3,False,0,0,0,0,0,0,0,0,0,0,0,0,0,0.0,0.0,0.0,0.0,0,0,0,0,0,0.00,0.00,0.00,0.00,45,3280,125871,19118,15838,441,Obi,FWD,16,MUN,EVE
441,39,15,0,True,2026-09-13T15:30:00Z,0,1,4,False,0,0,0,0,0,0,0,0,0,0,0,0,0,0.0,0.0,0.0,0.0,0,0,0,0,0,0.00,0.00,0.00,0.00,45,775,129085,15048,14273,441,Obi,FWD,16,MUN,MCI
441,50,10,0,False,2026-09-20T15:30:00Z,1,1,5,False,0,0,0,0,0,0,0,0,0,0,0,0,0,0.0,0.0,0.0,0.0,0,0,0,0,0,0.00,0.00,0.00,0.00,45,-16201,111907,5061,21262,441,Obi,FWD,16,MUN,FUL
405,8,3,0,True,2026-08-23T13:00:00Z,2,1,1,False,0,0,0,0,0,0,0,0,0,0,0,0,0,0.0,0.0,0.0,0.0,0,0,0,0,0,0.00,0.00,0.00,0.00,55,0,11878,0,0,405,N.Gonzalez,MID,17,NEW,BOU
405,15,19,2,False,2026-08-29T16:30:00Z,0,2,2,False,70,0,0,1,0,0,0,0,1,0,0,0,9,7.2,29.5,0.0,3.7,2,2,0,4,1,0.00,0.20,0.20,0.74,55,645,15669,2387,1742,405,N.Gonzalez,MID,17,NEW,TOT
405,27,3,2,True,2026-09-05T11:30:00Z,2,2,3,False,76,0,0,0,2,0,0,0,0,0,0,0,11,6.2,12.4,2.0,2.1,1,6,0,7,1,0.00,0.01,0.01,1.33,55,7163,26047,10136,2973,405,N.Gonzalez,MID,17,NEW,BOU
405,40,13,1,False,2026-09-14T19:00:00Z,4,1,4,False,18,0,0,0,0,0,0,0,0,0,0,0,3,0.0,0.1,0.0,0.0,0,1,0,1,1,0.00,0.00,0.00,0.27,55,215,26871,3834,3619,405,N.Gonzalez,MID,17,NEW,LEE
405,46,11,0,True,2026-09-19T14:00:00Z,2,1,5,False,0,0,0,0,0,0,0,0,0,0,0,0,0,0.0,0.0,0.0,0.0,0,0,0,0,0,0.00,0.00,0.00,0.00,55,-5729,21094,1106,6835,405,N.Gonzalez,MID,17,NEW,HUL
442,9,14,0,True,2026-08-23T15:30:00Z,2,2,1,False,0,0,0,0,0,0,0,0,0,0,0,0,0,0.0,0.0,0.0,0.0,0,0,0,0,0,0.00,0.00,0.00,0.00,50,0,113822,0,0,442,Pope,GK,17,NEW,LIV
442,15,19,0,False,2026-08-29T16:30:00Z,0,2,2,False,0,0,0,0,0,0,0,0,0,0,0,0,0,0.0,0.0,0.0,0.0,0,0,0,0,0,0.00,0.00,0.00,0.00,50,-9598,124934,2706,12304,442,Pope,GK,17,NEW,TOT
442,27,3,0,True,2026-09-05T11:30:00Z,2,2,3,False,0,0,0,0,0,0,0,0,0,0,0,0,0,0.0,0.0,0.0,0.0,0,0,0,0,0,0.00,0.00,0.00,0.00,50,-14257,115196,4952,19209,442,Pope,GK,17,NEW,BOU
442,40,13,0,False,2026-09-14T19:00:00Z,4,1,4,False,0,0,0,0,0,0,0,0,0,0,0,0,0,0.0,0.0,0.0,0.0,0,0,0,0,0,0.00,0.00,0.00,0.00,49,-8971,108982,3004,11975,442,Pope,GK,17,NEW,LEE
442,46,11,0,True,2026-09-19T14:00:00Z,2,1,5,False,0,0,0,0,0,0,0,0,0,0,0,0,0,0.0,0.0,0.0,0.0,0,0,0,0,0,0.00,0.00,0.00,0.00,49,-5404,105050,1831,7235,442,Pope,GK,17,NEW,HUL
443,9,14,0,True,2026-08-23T15:30:00Z,2,2,1,False,0,0,0,0,0,0,0,0,0,0,0,0,0,0.0,0.0,0.0,0.0,0,0,0,0,0,0.00,0.00,0.00,0.00,45,0,2989,0,0,443,Gillespie,GK,17,NEW,LIV
443,15,19,0,False,2026-08-29T16:30:00Z,0,2,2,False,0,0,0,0,0,0,0,0,0,0,0,0,0,0.0,0.0,0.0,0.0,0,0,0,0,0,0.00,0.00,0.00,0.00,45,-69,3435,162,231,443,Gillespie,GK,17,NEW,TOT
443,27,3,0,True,2026-09-05T11:30:00Z,2,2,3,False,0,0,0,0,0,0,0,0,0,0,0,0,0,0.0,0.0,0.0,0.0,0,0,0,0,0,0.00,0.00,0.00,0.00,45,-143,3576,239,382,443,Gillespie,GK,17,NEW,BOU
443,40,13,0,False,2026-09-14T19:00:00Z,4,1,4,False,0,0,0,0,0,0,0,0,0,0,0,0,0,0.0,0.0,0.0,0.0,0,0,0,0,0,0.00,0.00,0.00,0.00,45,-150,3541,141,291,443,Gillespie,GK,17,NEW,LEE
443,46,11,0,True,2026-09-19T14:00:00Z,2,1,5,False,0,0,0,0,0,0,0,0,0,0,0,0,0,0.0,0.0,0.0,0.0,0,0,0,0,0,0.00,0.00,0.00,0.00,45,-33,3606,183,216,443,Gillespie,GK,17,NEW,HUL
444,9,14,0,True,2026-08-23T15:30:00Z,2,2,1,False,0,0,0,0,0,0,0,0,0,0,0,0,0,0.0,0.0,0.0,0.0,0,0,0,0,0,0.00,0.00,0.00,0.00,45,0,2666,0,0,444,Jaouen,GK,17,NEW,LIV
444,15,19,0,False,2026-08-29T16:30:00Z,0,2,2,False,0,0,0,0,0,0,0,0,0,0,0,0,0,0.0,0.0,0.0,0.0,0,0,0,0,0,0.00,0.00,0.00,0.00,45,-224,2775,124,348,444,Jaouen,GK,17,NEW,TOT
444,27,3,0,True,2026-09-05T11:30:00Z,2,2,3,False,0,0,0,0,0,0,0,0,0,0,0,0,0,0.0,0.0,0.0,0.0,0,0,0,0,0,0.00,0.00,0.00,0.00,45,-279,2647,182,461,444,Jaouen,GK,17,NEW,BOU
444,40,13,0,False,2026-09-14T19:00:00Z,4,1,4,False,0,0,0,0,0,0,0,0,0,0,0,0,0,0.0,0.0,0.0,0.0,0,0,0,0,0,0.00,0.00,0.00,0.00,45,-244,2484,97,341,444,Jaouen,GK,17,NEW,LEE
444,46,11,0,True,2026-09-19T14:00:00Z,2,1,5,False,0,0,0,0,0,0,0,0,0,0,0,0,0,0.0,0.0,0.0,0.0,0,0,0,0,0,0.00,0.00,0.00,0.00,45,-225,2273,30,255,444,Jaouen,GK,17,NEW,HUL
445,9,14,3,True,2026-08-23T15:30:00Z,2,2,1,False,90,0,0,0,2,0,0,0,0,0,0,0,0,37.8,0.2,0.0,3.8,15,2,0,15,1,0.00,0.00,0.00,2.98,50,0,146838,0,0,445,Thiaw,DEF,17,NEW,LIV
445,15,19,6,False,2026-08-29T16:30:00Z,0,2,2,False,90,0,0,1,0,0,0,0,0,0,0,0,25,6.8,1.5,0.0,0.8,3,1,0,3,1,0.00,0.02,0.02,1.12,50,8900,175248,19798,10898,445,Thiaw,DEF,17,NEW,TOT
445,27,3,-1,True,2026-09-05T11:30:00Z,2,2,3,False,90,0,0,0,2,1,0,0,0,0,0,0,0,7.6,12.3,2.0,2.2,3,3,0,3,1,0.00,0.05,0.05,1.37,50,40274,238054,72237,31963,445,Thiaw,DEF,17,NEW,BOU
445,40,13,2,False,2026-09-14T19:00:00Z,4,1,4,False,90,0,0,0,4,0,0,0,0,0,0,0,-6,22.6,0.9,0.0,2.4,11,1,0,11,1,0.00,0.00,0.00,2.08,50,2995,227385,48297,45302,445,Thiaw,DEF,17,NEW,LEE
445,46,11,4,True,2026-09-19T14:00:00Z,2,1,5,False,90,0,0,0,1,0,0,0,0,0,0,0,13,31.4,1.4,2.0,3.5,13,3,0,13,1,0.00,0.01,0.01,1.59,50,4121,240813,28969,24848,445,Thiaw,DEF,17,NEW,HUL
446,9,14,1,True,2026-08-23T15:30:00Z,2,2,1,False,1,0,0,0,1,0,0,0,0,0,0,0,-1,0.0,0.0,0.0,0.0,0,0,0,0,0,0.00,0.00,0.00,0.79,50,0,20496,0,0,446,Schär,DEF,17,NEW,LIV
446,15,19,0,False,2026-08-29T16:30:00Z,0,2,2,False,0,0,0,0,0,0,0,0,0,0,0,0,0,0.0,0.0,0.0,0.0,0,0,0,0,0,0.00,0.00,0.00,0.00,50,10,26250,1895,1885,446,Schär,DEF,17,NEW,TOT
446,27,3,0,True,2026-09-05T11:30:00Z,2,2,3,False,0,0,0,0,0,0,0,0,0,0,0,0,0,0.0,0.0,0.0,0.0,0,0,0,0,0,0.00,0.00,0.00,0.00,50,-2838,24845,2055,4893,446,Schär,DEF,17,NEW,BOU
446,40,13,0,False,2026-09-14T19:00:00Z,4,1,4,False,0,0,0,0,0,0,0,0,0,0,0,0,0,0.0,0.0,0.0,0.0,0,0,0,0,0,0.00,0.00,0.00,0.00,50,-2216,23553,1440,3656,446,Schär,DEF,17,NEW,LEE
446,46,11,1,True,2026-09-19T14:00:00Z,2,1,5,False,24,0,0,0,1,0,0,0,0,0,0,0,1,25.0,10.5,0.0,3.6,7,0,0,7,0,0.00,0.01,0.01,1.08,49,-1391,22572,1121,2512,446,Schär,DEF,17,NEW,HUL
447,9,14,3,True,2026-08-23T15:30:00Z,2,2,1,False,90,0,0,0,2,0,0,0,0,0,0,0,4,32.4,0.3,0.0,3.3,10,2,0,10,1,0.00,0.01,0.01,2.98,50,0,34765,0,0,447,Botman,DEF,17,NEW,LIV
447,15,19,5,False,2026-08-29T16:30:00Z,0,2,2,False,90,0,0,1,0,0,0,0,1,0,0,0,22,11.2,1.8,2.0,1.5,4,4,1,5,1,0.01,0.00,0.01,1.12,50,5603,52947,8885,3282,447,Botman,DEF,17,NEW,TOT
447,27,3,1,True,2026-09-05T11:30:00Z,2,2,3,False,90,0,0,0,2,0,0,0,0,0,0,0,3,26.0,0.9,4.0,3.1,8,3,1,9,1,0.00,0.16,0.16,1.37,50,8611,69972,15452,6841,447,Botman,DEF,17,NEW,BOU
447,40,13,2,False,2026-09-14T19:00:00Z,4,1,4,False,90,0,0,0,4,0,0,0,0,0,0,0,2,31.2,0.3,0.0,3.2,15,4,2,17,1,0.00,0.00,0.00,2.08,50,1208,71884,9972,8764,447,Botman,DEF,17,NEW,LEE
447,46,11,4,True,2026-09-19T14:00:00Z,2,1,5,False,90,0,0,0,1,0,0,0,0,0,0,0,12,35.2,0.8,17.0,5.3,17,1,1,18,1,0.05,0.00,0.05,1.59,50,1958,76821,8365,6407,447,Botman,DEF,17,NEW,HUL
448,9,14,0,True,2026-08-23T15:30:00Z,2,2,1,False,0,0,0,0,0,0,0,0,0,0,0,0,0,0.0,0.0,0.0,0.0,0,0,0,0,0,0.00,0.00,0.00,0.00,50,0,213973,0,0,448,Burn,DEF,17,NEW,LIV
448,15,19,0,False,2026-08-29T16:30:00Z,0,2,2,False,0,0,0,0,0,0,0,0,0,0,0,0,0,0.0,0.0,0.0,0.0,0,0,0,0,0,0.00,0.00,0.00,0.00,50,-69064,159459,6247,75311,448,Burn,DEF,17,NEW,TOT
448,27,3,0,True,2026-09-05T11:30:00Z,2,2,3,False,0,0,0,0,0,0,0,0,0,0,0,0,0,0.0,0.0,0.0,0.0,0,0,0,0,0,0.00,0.00,0.00,0.00,49,-46419,114109,549,46968,448,Burn,DEF,17,NEW,BOU
448,40,13,0,False,2026-09-14T19:00:00Z,4,1,4,False,0,0,0,0,0,0,0,0,0,0,0,0,0,0.0,0.0,0.0,0.0,0,0,0,0,0,0.00,0.00,0.00,0.00,49,-20317,96018,239,20556,448,Burn,DEF,17,NEW,LEE
448,46,11,0,True,2026-09-19T14:00:00Z,2,1,5,False,0,0,0,0,0,0,0,0,0,0,0,0,0,0.0,0.0,0.0,0.0,0,0,0,0,0,0.00,0.00,0.00,0.00,49,-11893,84798,180,12073,448,Burn,DEF,17,NEW,HUL
449,9,14,3,True,2026-08-23T15:30:00Z,2,2,1,False,90,0,0,0,2,0,0,0,0,0,0,0,8,22.0,15.2,0.0,3.7,6,8,5,11,1,0.00,0.35,0.35,2.98,50,0,310247,0,0,449,Hall,DEF,17,NEW,LIV
449,15,19,11,False,2026-08-29T16:30:00Z,0,2,2,False,90,0,0,1,0,0,0,0,0,0,0,3,52,39.0,27.3,4.0,7.0,11,6,2,13,1,0.03,0.31,0.34,1.12,50,33265,411061,52701,19436,449,Hall,DEF,17,NEW,TOT
449,27,3,4,True,2026-09-05T11:30:00Z,2,2,3,False,89,0,1,0,2,0,0,0,0,0,0,0,20,28.0,13.4,3.0,4.4,5,13,1,6,1,0.01,0.01,0.02,1.35,51,496570,1101917,576636,80066,449,Hall,DEF,17,NEW,BOU
449,40,13,0,False,2026-09-14T19:00:00Z,4,1,4,False,90,0,0,0,4,0,0,0,0,0,0,0,9,21.0,3.9,7.0,3.2,2,4,4,6,1,0.02,0.01,0.03,2.08,52,448146,1512788,563772,115626,449,Hall,DEF,17,NEW,LEE
449,46,11,13,True,2026-09-19T14:00:00Z,2,1,5,False,90,1,0,0,1,0,0,0,0,0,0,3,38,65.6,29.2,24.0,11.9,9,7,1,10,1,0.19,0.11,0.30,1.59,52,107688,1629142,220393,112705,449,Hall,DEF,17,NEW,HUL
450,9,14,0,True,2026-08-23T15:30:00Z,2,2,1,False,0,0,0,0,0,0,0,0,0,0,0,0,0,0.0,0.0,0.0,0.0,0,0,0,0,0,0.00,0.00,0.00,0.00,50,0,4326,0,0,450,Livramento,DEF,17,NEW,LIV
450,15,19,0,False,2026-08-29T16:30:00Z,0,2,2,False,0,0,0,0,0,0,0,0,0,0,0,0,0,0.0,0.0,0.0,0.0,0,0,0,0,0,0.00,0.00,0.00,0.00,50,-1137,3475,91,1228,450,Livramento,DEF,17,NEW,TOT
450,27,3,1,True,2026-09-05T11:30:00Z,2,2,3,False,1,0,0,0,0,0,0,0,0,0,0,0,3,0.2,0.0,0.0,0.0,0,0,0,0,0,0.00,0.00,0.00,0.02,49,-745,2841,115,860,450,Livramento,DEF,17,NEW,BOU
450,40,13,3,False,2026-09-14T19:00:00Z,4,1,4,False,32,0,1,0,1,0,0,0,1,0,0,0,9,4.8,3.8,4.0,1.3,1,4,2,3,0,0.00,0.01,0.01,0.16,49,2452,6615,3493,1041,450,Livramento,DEF,17,NEW,LEE
450,46,11,0,True,2026-09-19T14:00:00Z,2,1,5,False,0,0,0,0,0,0,0,0,0,0,0,0,0,0.0,0.0,0.0,0.0,0,0,0,0,0,0.00,0.00,0.00,0.00,49,4786,12541,6097,1311,450,Livramento,DEF,17,NEW,HUL
451,9,14,0,True,2026-08-23T15:30:00Z,2,2,1,False,0,0,0,0,0,0,0,0,0,0,0,0,0,0.0,0.0,0.0,0.0,0,0,0,0,0,0.00,0.00,0.00,0.00,40,0,12873,0,0,451,A.Murphy,DEF,17,NEW,LIV
451,15,19,0,False,2026-08-29T16:30:00Z,0,2,2,False,0,0,0,0,0,0,0,0,0,0,0,0,0,0.0,0.0,0.0,0.0,0,0,0,0,0,0.00,0.00,0.00,0.00,40,-3276,9468,0,3276,451,A.Murphy,DEF,17,NEW,TOT
451,27,3,0,True,2026-09-05T11:30:00Z,2,2,3,False,0,0,0,0,0,0,0,0,0,0,0,0,0,0.0,0.0,0.0,0.0,0,0,0,0,0,0.00,0.00,0.00,0.00,40,-1826,7660,0,1826,451,A.Murphy,DEF,17,NEW,BOU
451,40,13,0,False,2026-09-14T19:00:00Z,4,1,4,False,0,0,0,0,0,0,0,0,0,0,0,0,0,0.0,0.0,0.0,0.0,0,0,0,0,0,0.00,0.00,0.00,0.00,40,-957,6793,0,957,451,A.Murphy,DEF,17,NEW,LEE
451,46,11,0,True,2026-09-19T14:00:00Z,2,1,5,False,0,0,0,0,0,0,0,0,0,0,0,0,0,0.0,0.0,0.0,0.0,0,0,0,0,0,0.00,0.00,0.00,0.00,40,-592,6248,0,592,451,A.Murphy,DEF,17,NEW,HUL
453,9,14,2,True,2026-08-23T15:30:00Z,2,2,1,False,90,0,0,0,2,0,0,0,0,0,0,0,12,5.2,2.4,9.0,1.7,3,4,1,8,1,0.07,0.02,0.09,2.98,60,0,95531,0,0,453,Barnes,MID,17,NEW,LIV
453,15,19,3,False,2026-08-29T16:30:00Z,0,2,2,False,90,0,0,1,0,0,0,0,0,0,0,0,9,7.2,22.1,7.0,3.6,2,0,2,4,1,0.04,0.01,0.05,1.12,60,4665,113402,14995,10330,453,Barnes,MID,17,NEW,TOT
453,27,3,12,True,2026-09-05T11:30:00Z,2,2,3,False,90,1,1,0,2,0,0,0,0,0,0,2,37,33.0,2.8,23.0,5.9,2,4,0,6,1,0.11,0.03,0.14,1.37,60,2446,122479,25187,22741,453,Barnes,MID,17,NEW,BOU
453,40,13,2,False,2026-09-14T19:00:00Z,4,1,4,False,90,0,0,0,4,0,0,0,0,0,0,0,13,12.2,16.8,30.0,5.9,3,3,0,6,1,0.29,0.31,0.60,2.08,60,152668,290007,210527,57859,453,Barnes,MID,17,NEW,LEE
453,46,11,9,True,2026-09-19T14:00:00Z,2,1,5,False,90,0,2,0,1,0,0,0,0,0,0,1,34,47.6,36.8,27.0,11.1,4,5,0,9,1,0.11,0.11,0.22,1.59,60,179416,496155,220394,40978,453,Barnes,MID,17,NEW,HUL
454,9,14,9,True,2026-08-23T15:30:00Z,2,2,1,False,75,1,0,0,1,0,0,0,0,0,0,2,31,37.4,3.5,28.0,6.9,1,1,0,2,1,0.22,0.01,0.23,1.94,60,0,64591,0,0,454,Elanga,MID,17,NEW,LIV
454,15,19,8,False,2026-08-29T16:30:00Z,0,2,2,False,81,1,0,1,0,0,0,0,0,0,0,0,32,36.8,15.3,29.0,8.1,0,1,2,3,1,0.20,0.10,0.30,0.74,60,83568,215548,95441,11873,454,Elanga,MID,17,NEW,TOT
454,27,3,1,True,2026-09-05T11:30:00Z,2,2,3,False,76,0,0,0,2,0,0,0,1,0,0,0,8,8.4,31.8,4.0,4.4,1,1,2,4,1,0.00,0.23,0.23,1.33,61,716203,1142637,810672,94469,454,Elanga,MID,17,NEW,BOU
454,40,13,0,False,2026-09-14T19:00:00Z,4,1,4,False,0,0,0,0,0,0,0,0,0,0,0,0,0,0.0,0.0,0.0,0.0,0,0,0,0,0,0.00,0.00,0.00,0.00,62,130728,1209834,326071,195343,454,Elanga,MID,17,NEW,LEE
454,46,11,0,True,2026-09-19T14:00:00Z,2,1,5,False,0,0,0,0,0,0,0,0,0,0,0,0,0,0.0,0.0,0.0,0.0,0,0,0,0,0,0.00,0.00,0.00,0.00,62,-564623,616024,53653,618276,454,Elanga,MID,17,NEW,HUL
456,9,14,0,True,2026-08-23T15:30:00Z,2,2,1,False,34,0,0,0,1,0,0,0,1,0,0,0,1,7.8,1.3,4.0,1.3,3,1,2,6,0,0.06,0.01,0.07,1.50,50,0,34032,0,0,456,J.Ramsey,MID,17,NEW,LIV
456,15,19,1,False,2026-08-29T16:30:00Z,0,2,2,False,8,0,0,0,0,0,0,0,0,0,0,0,3,0.2,4.2,0.0,0.4,0,1,0,1,0,0.00,0.13,0.13,0.38,50,-3238,34073,1442,4680,456,J.Ramsey,MID,17,NEW,TOT
456,27,3,6,True,2026-09-05T11:30:00Z,2,2,3,False,27,1,0,0,0,0,0,0,0,0,0,0,22,32.4,0.8,17.0,5.0,0,4,0,4,0,0.11,0.02,0.13,0.04,50,-4753,30127,1799,6552,456,J.Ramsey,MID,17,NEW,BOU
456,40,13,0,False,2026-09-14T19:00:00Z,4,1,4,False,0,0,0,0,0,0,0,0,0,0,0,0,0,0.0,0.0,0.0,0.0,0,0,0,0,0,0.00,0.00,0.00,0.00,49,6540,39795,11516,4976,456,J.Ramsey,MID,17,NEW,LEE
456,46,11,0,True,2026-09-19T14:00:00Z,2,1,5,False,0,0,0,0,0,0,0,0,0,0,0,0,0,0.0,0.0,0.0,0.0,0,0,0,0,0,0.00,0.00,0.00,0.00,49,-8206,30346,1789,9995,456,J.Ramsey,MID,17,NEW,HUL
457,9,14,0,True,2026-08-23T15:30:00Z,2,2,1,False,14,0,0,0,1,0,0,0,1,0,0,0,-1,0.0,0.1,2.0,0.1,1,1,0,2,0,0.00,0.00,0.00,1.04,60,0,14816,0,0,457,J.Murphy,MID,17,NEW,LIV
457,15,19,1,False,2026-08-29T16:30:00Z,0,2,2,False,8,0,0,0,0,0,0,0,0,0,0,0,3,2.2,3.1,2.0,0.7,0,2,1,3,0,0.00,0.20,0.20,0.38,60,-1965,15641,717,2682,457,J.Murphy,MID,17,NEW,TOT
457,27,3,1,True,2026-09-05T11:30:00Z,2,2,3,False,13,0,0,0,0,0,0,0,0,0,0,0,5,0.2,0.3,0.0,0.1,0,1,0,1,0,0.00,0.00,0.00,0.04,59,-2357,14114,1115,3472,457,J.Murphy,MID,17,NEW,BOU
457,40,13,0,False,2026-09-14T19:00:00Z,4,1,4,False,56,0,0,0,3,0,0,0,1,0,0,0,2,1.2,3.7,2.0,0.7,0,3,1,4,1,0.00,0.14,0.14,1.91,59,-1103,13575,1062,2165,457,J.Murphy,MID,17,NEW,LEE
457,46,11,1,True,2026-09-19T14:00:00Z,2,1,5,False,90,0,0,0,1,0,0,0,1,0,0,0,12,9.4,19.7,4.0,3.3,3,3,2,8,1,0.03,0.07,0.10,1.59,59,349,14522,2209,1860,457,J.Murphy,MID,17,NEW,HUL
458,9,14,0,True,2026-08-23T15:30:00Z,2,2,1,False,0,0,0,0,0,0,0,0,0,0,0,0,0,0.0,0.0,0.0,0.0,0,0,0,0,0,0.00,0.00,0.00,0.00,55,0,3620,0,0,458,Joelinton,MID,17,NEW,LIV
458,15,19,0,False,2026-08-29T16:30:00Z,0,2,2,False,0,0,0,0,0,0,0,0,0,0,0,0,0,0.0,0.0,0.0,0.0,0,0,0,0,0,0.00,0.00,0.00,0.00,55,-1020,2722,48,1068,458,Joelinton,MID,17,NEW,TOT
458,27,3,0,True,2026-09-05T11:30:00Z,2,2,3,False,0,0,0,0,0,0,0,0,0,0,0,0,0,0.0,0.0,0.0,0.0,0,0,0,0,0,0.00,0.00,0.00,0.00,54,-546,2235,86,632,458,Joelinton,MID,17,NEW,BOU
458,40,13,0,False,2026-09-14T19:00:00Z,4,1,4,False,0,0,0,0,0,0,0,0,0,0,0,0,0,0.0,0.0,0.0,0.0,0,0,0,0,0,0.00,0.00,0.00,0.00,54,-249,2032,33,282,458,Joelinton,MID,17,NEW,LEE
458,46,11,0,True,2026-09-19T14:00:00Z,2,1,5,False,0,0,0,0,0,0,0,0,0,0,0,0,0,0.0,0.0,0.0,0.0,0,0,0,0,0,0.00,0.00,0.00,0.00,54,-136,1916,44,180,458,Joelinton,MID,17,NEW,HUL
459,9,14,3,True,2026-08-23T15:30:00Z,2,2,1,False,75,0,0,0,1,0,0,0,1,0,0,0,13,15.6,21.4,3.0,4.0,6,6,1,13,1,0.05,0.01,0.06,1.94,55,0,4093,0,0,459,L.Miley,MID,17,NEW,LIV
459,15,19,3,False,2026-08-29T16:30:00Z,0,2,2,False,90,0,0,1,0,0,0,0,0,0,0,0,16,11.2,14.7,0.0,2.6,3,6,0,9,1,0.00,0.04,0.04,1.12,55,857,6985,1391,534,459,L.Miley,MID,17,NEW,TOT
459,27,3,2,True,2026-09-05T11:30:00Z,2,2,3,False,62,0,0,0,2,0,0,0,0,0,0,0,11,3.2,1.1,2.0,0.6,1,3,0,4,1,0.00,0.02,0.02,1.33,55,629,8538,2211,1582,459,L.Miley,MID,17,NEW,BOU
459,40,13,0,False,2026-09-14T19:00:00Z,4,1,4,False,79,0,0,0,4,1,0,0,0,0,0,0,9,6.6,4.5,0.0,1.1,3,6,1,10,1,0.00,0.03,0.03,1.97,55,-528,8285,1045,1573,459,L.Miley,MID,17,NEW,LEE
459,46,11,4,True,2026-09-19T14:00:00Z,2,1,5,False,90,0,0,0,1,0,0,0,0,0,0,0,19,21.8,15.6,0.0,3.7,7,5,4,16,1,0.00,0.04,0.04,1.59,55,-101,8479,1217,1318,459,L.Miley,MID,17,NEW,HUL
460,9,14,6,True,2026-08-23T15:30:00Z,2,2,1,False,34,1,0,0,1,0,0,0,0,0,0,0,28,38.4,13.9,9.0,6.1,0,1,2,3,0,0.09,0.17,0.26,1.50,50,0,10181,0,0,460,Willock,MID,17,NEW,LIV
460,15,19,3,False,2026-08-29T16:30:00Z,0,2,2,False,70,0,0,1,0,0,0,0,0,0,0,0,0,0.0,4.3,8.0,0.5,1,1,0,2,1,0.07,0.02,0.09,0.74,50,6831,24746,8763,1932,460,Willock,MID,17,NEW,TOT
460,27,3,2,True,2026-09-05T11:30:00Z,2,2,3,False,62,0,0,0,2,0,0,0,0,0,0,0,6,6.0,2.2,11.0,1.9,1,1,1,3,1,0.36,0.01,0.37,1.33,50,14485,45043,22227,7742,460,Willock,MID,17,NEW,BOU
460,40,13,1,False,2026-09-14T19:00:00Z,4,1,4,False,32,0,0,0,1,0,0,0,0,0,0,0,8,7.6,13.3,18.0,3.9,1,2,1,4,0,0.12,0.06,0.18,0.16,50,6640,52306,16531,9891,460,Willock,MID,17,NEW,LEE
460,46,11,10,True,2026-09-19T14:00:00Z,2,1,5,False,86,1,0,0,1,0,0,0,0,0,0,3,38,40.2,7.3,22.0,7.0,1,4,1,6,1,0.17,0.04,0.21,1.46,50,-1121,51669,7299,8420,460,Willock,MID,17,NEW,HUL
461,9,14,0,True,2026-08-23T15:30:00Z,2,2,1,False,0,0,0,0,0,0,0,0,0,0,0,0,0,0.0,0.0,0.0,0.0,0,0,0,0,0,0.00,0.00,0.00,0.00,60,0,22780,0,0,461,Touré,MID,17,NEW,LIV
461,15,19,1,False,2026-08-29T16:30:00Z,0,2,2,False,1,0,0,0,0,0,0,0,0,0,0,0,3,0.0,0.0,0.0,0.0,0,0,0,0,0,0.00,0.00,0.00,0.00,60,-3945,20967,513,4458,461,Touré,MID,17,NEW,TOT
461,27,3,0,True,2026-09-05T11:30:00Z,2,2,3,False,0,0,0,0,0,0,0,0,0,0,0,0,0,0.0,0.0,0.0,0.0,0,0,0,0,0,0.00,0.00,0.00,0.00,59,-5573,15932,657,6230,461,Touré,MID,17,NEW,BOU
461,40,13,6,False,2026-09-14T19:00:00Z,4,1,4,False,33,1,0,0,1,0,0,0,0,0,0,0,24,36.6,5.3,21.0,6.3,0,2,0,2,0,0.28,0.01,0.29,0.16,58,-3031,13401,376,3407,461,Touré,MID,17,NEW,LEE
461,46,11,1,True,2026-09-19T14:00:00Z,2,1,5,False,16,0,0,0,0,0,0,0,0,0,0,0,2,1.0,0.0,0.0,0.1,1,1,0,2,0,0.00,0.00,0.00,0.60,58,325,14309,1837,1512,461,Touré,MID,17,NEW,HUL
462,9,14,1,True,2026-08-23T15:30:00Z,2,2,1,False,55,0,0,0,1,0,0,0,0,0,0,0,3,0.4,1.2,0.0,0.2,0,2,0,2,1,0.00,0.00,0.00,1.48,50,0,9830,0,0,462,Steur,MID,17,NEW,LIV
462,15,19,1,False,2026-08-29T16:30:00Z,0,2,2,False,19,0,0,0,0,0,0,0,0,0,0,0,4,5.0,0.0,0.0,0.5,3,0,0,3,0,0.00,0.00,0.00,0.38,50,-238,10539,762,1000,462,Steur,MID,17,NEW,TOT
462,27,3,1,True,2026-09-05T11:30:00Z,2,2,3,False,13,0,0,0,0,0,0,0,0,0,0,0,3,2.0,0.5,0.0,0.3,1,1,0,2,0,0.00,0.00,0.00,0.04,50,-1763,8925,584,2347,462,Steur,MID,17,NEW,BOU
462,40,13,2,False,2026-09-14T19:00:00Z,4,1,4,False,71,0,0,0,4,0,0,0,0,0,0,0,14,12.0,20.2,0.0,3.2,3,2,2,7,0,0.00,0.03,0.03,1.81,49,-1064,8079,390,1454,462,Steur,MID,17,NEW,LEE
462,46,11,3,True,2026-09-19T14:00:00Z,2,1,5,False,65,0,0,1,0,0,0,0,0,0,0,0,18,16.0,30.3,0.0,4.6,2,3,2,7,1,0.00,0.03,0.03,0.52,49,-576,7714,420,996,462,Steur,MID,17,NEW,HUL
463,9,14,0,True,2026-08-23T15:30:00Z,2,2,1,False,0,0,0,0,0,0,0,0,0,0,0,0,0,0.0,0.0,0.0,0.0,0,0,0,0,0,0.00,0.00,0.00,0.00,60,0,151424,0,0,463,Woltemade,FWD,17,NEW,LIV
463,15,19,4,False,2026-08-29T16:30:00Z,0,2,2,False,19,0,1,0,0,0,0,0,0,0,0,0,18,18.2,10.5,11.0,4.0,0,0,0,0,0,0.02,0.01,0.03,0.38,60,-23591,150038,7193,30784,463,Woltemade,FWD,17,NEW,TOT
463,27,3,0,True,2026-09-05T11:30:00Z,2,2,3,False,0,0,0,0,0,0,0,0,0,0,0,0,0,0.0,0.0,0.0,0.0,0,0,0,0,0,0.00,0.00,0.00,0.00,59,-49449,103336,7327,56776,463,Woltemade,FWD,17,NEW,BOU
463,40,13,0,False,2026-09-14T19:00:00Z,4,1,4,False,0,0,0,0,0,0,0,0,0,0,0,0,0,0.0,0.0,0.0,0.0,0,0,0,0,0,0.00,0.00,0.00,0.00,59,-39340,66136,0,39340,463,Woltemade,FWD,17,NEW,LEE
463,46,11,0,True,2026-09-19T14:00:00Z,2,1,5,False,0,0,0,0,0,0,0,0,0,0,0,0,0,0.0,0.0,0.0,0.0,0,0,0,0,0,0.00,0.00,0.00,0.00,59,-11535,55762,0,11535,463,Woltemade,FWD,17,NEW,HUL
464,9,14,4,True,2026-08-23T15:30:00Z,2,2,1,False,90,0,1,0,1,0,0,0,1,0,0,0,7,20.0,16.3,28.0,6.4,1,3,4,8,1,1.00,0.02,1.02,2.19,60,0,142989,0,0,464,Wissa,FWD,17,NEW,LIV
464,15,19,8,False,2026-08-29T16:30:00Z,0,2,2,False,81,1,0,1,0,0,0,0,0,0,0,2,37,35.6,10.3,46.0,9.2,1,4,1,6,1,0.35,0.00,0.35,0.74,60,134869,359321,158957,24088,464,Wissa,FWD,17,NEW,TOT
464,27,3,1,True,2026-09-05T11:30:00Z,2,2,3,False,90,0,0,0,2,0,0,0,1,0,0,0,7,0.0,7.3,0.0,0.7,0,3,0,3,1,0.00,0.03,0.03,1.37,61,1029731,1697200,1119139,89408,464,Wissa,FWD,17,NEW,BOU
464,40,13,2,False,2026-09-14T19:00:00Z,4,1,4,False,90,0,0,0,4,0,0,0,0,0,0,0,3,2.2,21.5,12.0,3.6,2,2,1,5,1,0.16,0.00,0.16,2.08,62,319416,1925334,578506,259090,464,Wissa,FWD,17,NEW,LEE
464,46,11,0,True,2026-09-19T14:00:00Z,2,1,5,False,90,0,0,0,1,0,0,1,0,0,0,0,0,8.8,5.2,20.0,3.4,2,3,0,5,1,0.84,0.01,0.85,1.59,62,124486,2094339,338910,214424,464,Wissa,FWD,17,NEW,HUL
465,9,14,4,True,2026-08-23T15:30:00Z,2,2,1,False,55,0,1,0,1,0,0,0,0,0,0,0,18,28.2,13.7,8.0,5.0,2,2,1,5,1,0.06,0.14,0.20,1.48,60,0,83021,0,0,465,Osula,FWD,17,NEW,LIV
465,15,19,0,False,2026-08-29T16:30:00Z,0,2,2,False,0,0,0,0,0,0,0,0,0,0,0,0,0,0.0,0.0,0.0,0.0,0,0,0,0,0,0.00,0.00,0.00,0.00,60,-6163,90550,20344,26507,465,Osula,FWD,17,NEW,TOT
465,27,3,0,True,2026-09-05T11:30:00Z,2,2,3,False,0,0,0,0,0,0,0,0,0,0,0,0,0,0.0,0.0,0.0,0.0,0,0,0,0,0,0.00,0.00,0.00,0.00,59,-37692,51608,557,38249,465,Osula,FWD,17,NEW,BOU
465,40,13,0,False,2026-09-14T19:00:00Z,4,1,4,False,0,0,0,0,0,0,0,0,0,0,0,0,0,0.0,0.0,0.0,0.0,0,0,0,0,0,0.00,0.00,0.00,0.00,59,-12652,41129,234,12886,465,Osula,FWD,17,NEW,LEE
465,46,11,0,True,2026-09-19T14:00:00Z,2,1,5,False,0,0,0,0,0,0,0,0,0,0,0,0,0,0.0,0.0,0.0,0.0,0,0,0,0,0,0.00,0.00,0.00,0.00,59,-6475,35111,188,6663,465,Osula,FWD,17,NEW,HUL
466,9,14,0,True,2026-08-23T15:30:00Z,2,2,1,False,0,0,0,0,0,0,0,0,0,0,0,0,0,0.0,0.0,0.0,0.0,0,0,0,0,0,0.00,0.00,0.00,0.00,45,0,66588,0,0,466,Neave,FWD,17,NEW,LIV
466,15,19,0,False,2026-08-29T16:30:00Z,0,2,2,False,0,0,0,0,0,0,0,0,0,0,0,0,0,0.0,0.0,0.0,0.0,0,0,0,0,0,0.00,0.00,0.00,0.00,45,-1647,75688,6478,8125,466,Neave,FWD,17,NEW,TOT
466,27,3,0,True,2026-09-05T11:30:00Z,2,2,3,False,0,0,0,0,0,0,0,0,0,0,0,0,0,0.0,0.0,0.0,0.0,0,0,0,0,0,0.00,0.00,0.00,0.00,45,3928,87795,17327,13399,466,Neave,FWD,17,NEW,BOU
466,40,13,0,False,2026-09-14T19:00:00Z,4,1,4,False,0,0,0,0,0,0,0,0,0,0,0,0,0,0.0,0.0,0.0,0.0,0,0,0,0,0,0.00,0.00,0.00,0.00,45,-17854,66182,0,17854,466,Neave,FWD,17,NEW,LEE
466,46,11,0,True,2026-09-19T14:00:00Z,2,1,5,False,0,0,0,0,0,0,0,0,0,0,0,0,0,0.0,0.0,0.0,0.0,0,0,0,0,0,0.00,0.00,0.00,0.00,45,-9244,58232,0,9244,466,Neave,FWD,17,NEW,HUL
559,9,14,1,True,2026-08-23T15:30:00Z,2,2,1,False,14,0,0,0,1,0,0,0,0,0,0,0,5,4.0,0.0,0.0,0.4,1,0,1,2,0,0.00,0.00,0.00,1.04,50,0,12608,0,0,559,Bamba,MID,17,NEW,LIV
559,15,19,0,False,2026-08-29T16:30:00Z,0,2,2,False,0,0,0,0,0,0,0,0,0,0,0,0,0,0.0,0.0,0.0,0.0,0,0,0,0,0,0.00,0.00,0.00,0.00,50,-977,13188,690,1667,559,Bamba,MID,17,NEW,TOT
559,27,3,0,True,2026-09-05T11:30:00Z,2,2,3,False,0,0,0,0,0,0,0,0,0,0,0,0,0,0.0,0.0,0.0,0.0,0,0,0,0,0,0.00,0.00,0.00,0.00,50,-1788,11930,834,2622,559,Bamba,MID,17,NEW,BOU
559,40,13,1,False,2026-09-14T19:00:00Z,4,1,4,False,10,0,0,0,0,0,0,0,0,0,0,0,4,1.4,0.3,0.0,0.2,0,1,1,2,0,0.00,0.00,0.00,0.11,49,-1098,11166,539,1637,559,Bamba,MID,17,NEW,LEE
559,46,11,1,True,2026-09-19T14:00:00Z,2,1,5,False,3,0,0,0,0,0,0,0,0,0,0,0,3,6.2,0.1,0.0,0.6,2,1,1,4,0,0.00,0.00,0.00,0.14,49,-781,10531,377,1158,559,Bamba,MID,17,NEW,HUL
567,9,14,1,True,2026-08-23T15:30:00Z,2,2,1,False,90,0,0,0,2,0,0,0,1,0,5,0,12,41.2,0.0,0.0,4.1,3,5,0,0,1,0.00,0.00,0.00,2.98,50,0,55382,0,0,567,Horníček,GK,17,NEW,LIV
567,15,19,7,False,2026-08-29T16:30:00Z,0,2,2,False,90,0,0,1,0,0,0,0,0,0,4,0,32,34.6,0.0,0.0,3.5,2,4,0,0,1,0.00,0.00,0.00,1.12,50,1279,70807,5537,4258,567,Horníček,GK,17,NEW,TOT
567,27,3,2,True,2026-09-05T11:30:00Z,2,2,3,False,90,0,0,0,2,0,0,0,0,0,4,0,12,33.4,0.0,0.0,3.3,0,6,0,0,1,0.00,0.00,0.00,1.37,50,39154,125893,58261,19107,567,Horníček,GK,17,NEW,BOU
567,40,13,1,False,2026-09-14T19:00:00Z,4,1,4,False,90,0,0,0,4,0,0,0,0,0,3,0,2,29.4,0.0,0.0,2.9,3,4,0,0,1,0.00,0.00,0.00,2.08,50,29466,150531,58083,28617,567,Horníček,GK,17,NEW,LEE
567,46,11,3,True,2026-09-19T14:00:00Z,2,1,5,False,90,0,0,0,1,0,0,0,0,0,3,0,14,17.0,0.0,0.0,1.7,3,12,0,0,1,0.00,0.00,0.00,1.59,50,8198,163512,22769,14571,567,Horníček,GK,17,NEW,HUL
593,9,14,1,True,2026-08-23T15:30:00Z,2,2,1,False,90,0,0,0,2,0,0,0,0,0,0,0,-1,16.4,1.2,5.0,2.3,7,2,2,9,1,0.03,0.00,0.03,2.98,45,0,20712,0,0,593,Dedić,DEF,17,NEW,LIV
593,15,19,11,False,2026-08-29T16:30:00Z,0,2,2,False,90,0,1,1,0,0,0,0,0,0,0,2,37,42.6,30.4,0.0,7.3,5,5,3,8,1,0.00,0.06,0.06,1.12,45,8203,36928,10359,2156,593,Dedić,DEF,17,NEW,TOT
593,27,3,1,True,2026-09-05T11:30:00Z,2,2,3,False,90,0,0,0,2,0,0,0,0,0,0,0,3,0.6,6.4,10.0,1.7,1,4,0,1,1,0.11,0.02,0.13,1.37,45,269442,365061,318645,49203,593,Dedić,DEF,17,NEW,BOU
593,40,13,0,False,2026-09-14T19:00:00Z,4,1,4,False,57,0,0,0,3,0,0,0,0,0,0,0,-3,10.4,2.7,0.0,1.3,3,4,3,6,1,0.00,0.00,0.00,1.91,45,-7549,313784,107522,115071,593,Dedić,DEF,17,NEW,LEE
593,46,11,0,True,2026-09-19T14:00:00Z,2,1,5,False,0,0,0,0,0,0,0,0,0,0,0,0,0,0.0,0.0,0.0,0.0,0,0,0,0,0,0.00,0.00,0.00,0.00,45,-92524,219257,11096,103620,593,Dedić,DEF,17,NEW,HUL
609,9,14,0,True,2026-08-23T15:30:00Z,2,2,1,False,0,0,0,0,0,0,0,0,0,0,0,0,0,0.0,0.0,0.0,0.0,0,0,0,0,0,0.00,0.00,0.00,0.00,40,0,0,0,0,609,Shahar,DEF,17,NEW,LIV
609,15,19,0,False,2026-08-29T16:30:00Z,0,2,2,False,0,0,0,0,0,0,0,0,0,0,0,0,0,0.0,0.0,0.0,0.0,0,0,0,0,0,0.00,0.00,0.00,0.00,40,3348,11777,3993,645,609,Shahar,DEF,17,NEW,TOT
609,27,3,0,True,2026-09-05T11:30:00Z,2,2,3,False,0,0,0,0,0,0,0,0,0,0,0,0,0,0.0,0.0,0.0,0.0,0,0,0,0,0,0.00,0.00,0.00,0.00,40,7555,31239,10871,3316,609,Shahar,DEF,17,NEW,BOU
609,40,13,0,False,2026-09-14T19:00:00Z,4,1,4,False,0,0,0,0,0,0,0,0,0,0,0,0,0,0.0,0.0,0.0,0.0,0,0,0,0,0,0.00,0.00,0.00,0.00,40,-1044,26576,3372,4416,609,Shahar,DEF,17,NEW,LEE
609,46,11,0,True,2026-09-19T14:00:00Z,2,1,5,False,0,0,0,0,0,0,0,0,0,0,0,0,0,0.0,0.0,0.0,0.0,0,0,0,0,0,0.00,0.00,0.00,0.00,40,-5521,20140,0,5521,609,Shahar,DEF,17,NEW,HUL
634,27,3,1,True,2026-09-05T11:30:00Z,2,2,3,False,27,0,0,0,0,0,0,0,0,0,0,0,4,0.0,0.8,6.0,0.7,0,1,0,1,0,0.00,0.00,0.00,0.04,60,4798,5694,5384,586,634,Fernandez-Pardo,FWD,17,NEW,BOU
634,40,13,1,False,2026-09-14T19:00:00Z,4,1,4,False,57,0,0,0,3,0,0,0,0,0,0,0,5,2.2,10.9,4.0,1.7,0,1,1,2,1,0.00,0.01,0.01,1.91,60,4168,10646,6117,1949,634,Fernandez-Pardo,FWD,17,NEW,LEE
634,46,11,2,True,2026-09-19T14:00:00Z,2,1,5,False,73,0,0,0,1,0,0,0,0,0,0,0,7,1.2,0.8,5.0,0.7,0,1,1,2,1,0.05,0.00,0.05,0.99,60,1205,12360,3570,2365,634,Fernandez-Pardo,FWD,17,NEW,HUL
659,40,13,0,False,2026-09-14T19:00:00Z,4,1,4,False,0,0,0,0,0,0,0,0,0,0,0,0,0,0.0,0.0,0.0,0.0,0,0,0,0,0,0.00,0.00,0.00,0.00,45,0,0,0,0,659,Miley,MID,17,NEW,LEE
659,46,11,0,True,2026-09-19T14:00:00Z,2,1,5,False,0,0,0,0,0,0,0,0,0,0,0,0,0,0.0,0.0,0.0,0.0,0,0,0,0,0,0.00,0.00,0.00,0.00,45,2836,4509,3438,602,659,Miley,MID,17,NEW,HUL
663,46,11,0,True,2026-09-19T14:00:00Z,2,1,5,False,0,0,0,0,0,0,0,0,0,0,0,0,0,0.0,0.0,0.0,0.0,0,0,0,0,0,0.00,0.00,0.00,0.00,40,0,0,0,0,663,Pivas,DEF,17,NEW,HUL
664,46,11,0,True,2026-09-19T14:00:00Z,2,1,5,False,0,0,0,0,0,0,0,0,0,0,0,0,0,0.0,0.0,0.0,0.0,0,0,0,0,0,0.00,0.00,0.00,0.00,45,0,0,0,0,664,Salia,FWD,17,NEW,HUL
665,46,11,0,True,2026-09-19T14:00:00Z,2,1,5,False,0,0,0,0,0,0,0,0,0,0,0,0,0,0.0,0.0,0.0,0.0,0,0,0,0,0,0.00,0.00,0.00,0.00,45,0,0,0,0,665,Mills,MID,17,NEW,HUL
666,46,11,0,True,2026-09-19T14:00:00Z,2,1,5,False,0,0,0,0,0,0,0,0,0,0,0,0,0,0.0,0.0,0.0,0.0,0,0,0,0,0,0.00,0.00,0.00,0.00,45,0,0,0,0,666,Thompson,MID,17,NEW,HUL
167,10,10,0,False,2026-08-24T19:00:00Z,2,3,1,False,0,0,0,0,0,0,0,0,0,0,0,0,0,0.0,0.0,0.0,0.0,0,0,0,0,0,0.00,0.00,0.00,0.00,55,0,40156,0,0,167,Delap,FWD,18,NFO,FUL
167,14,14,1,False,2026-08-29T11:30:00Z,2,2,2,False,24,0,0,0,1,0,0,0,0,0,0,0,9,4.0,10.1,7.0,2.1,0,0,0,0,0,0.07,0.00,0.07,0.33,55,175,48067,7740,7565,167,Delap,FWD,18,NFO,LIV
167,28,19,2,True,2026-09-05T14:00:00Z,0,0,3,False,73,0,0,1,0,0,0,0,0,0,0,0,6,2.4,20.8,5.0,2.8,2,3,0,5,1,0.06,0.06,0.12,0.89,55,24969,83350,36946,11977,167,Delap,FWD,18,NFO,TOT
167,31,2,5,False,2026-09-12T14:00:00Z,1,2,4,False,90,1,0,0,1,0,0,0,1,0,0,0,25,28.6,12.6,38.0,7.9,1,2,1,4,1,0.63,0.08,0.71,0.73,55,7672,93051,20097,12425,167,Delap,FWD,18,NFO,AVL
167,47,7,1,True,2026-09-19T16:30:00Z,0,1,5,False,90,0,0,0,1,0,0,0,1,0,0,0,9,5.0,25.1,21.0,5.1,2,5,1,8,1,0.13,0.21,0.34,0.67,55,200788,344489,222393,21605,167,Delap,FWD,18,NFO,COV
201,3,9,0,False,2026-08-22T14:00:00Z,2,0,1,False,54,0,0,0,2,0,0,0,0,0,0,0,-4,1.2,1.8,21.0,2.4,3,1,1,4,1,0.23,0.01,0.24,0.84,55,0,873015,0,0,201,Muñoz,DEF,18,NFO,EVE
201,11,15,0,True,2026-08-28T19:00:00Z,1,4,2,False,0,0,0,0,0,0,0,0,0,0,0,0,0,0.0,0.0,0.0,0.0,0,0,0,0,0,0.00,0.00,0.00,0.00,55,-109781,815530,15645,125426,201,Muñoz,DEF,18,NFO,MCI
201,28,19,1,True,2026-09-05T14:00:00Z,0,0,3,False,31,0,0,0,0,0,0,0,0,0,0,0,5,2.4,0.8,4.0,0.7,0,0,1,1,0,0.03,0.00,0.03,0.26,54,-158458,658550,23260,181718,201,Muñoz,DEF,18,NFO,TOT
201,31,2,2,False,2026-09-12T14:00:00Z,1,2,4,False,90,0,0,0,1,0,0,0,0,0,0,0,23,31.6,55.9,39.0,12.7,3,4,4,7,1,0.22,0.18,0.40,0.82,54,-83474,588016,11222,94696,201,Muñoz,DEF,18,NFO,AVL
201,47,7,2,True,2026-09-19T16:30:00Z,0,1,5,False,82,0,0,0,1,0,0,0,0,0,0,0,5,4.0,3.8,15.0,2.3,2,3,1,3,1,0.12,0.02,0.14,0.67,54,48095,706118,100431,52336,201,Muñoz,DEF,18,NFO,COV
467,6,13,2,True,2026-08-22T14:00:00Z,0,1,1,False,90,0,0,0,1,0,0,0,0,0,2,0,11,14.2,0.0,0.0,1.4,0,9,0,0,1,0.00,0.00,0.00,0.47,50,0,140711,0,0,467,Sels,GK,18,NFO,LEE
467,14,14,1,False,2026-08-29T11:30:00Z,2,2,2,False,90,0,0,0,2,0,0,0,0,0,2,0,6,16.6,0.0,0.0,1.7,3,6,0,0,1,0.00,0.01,0.01,1.75,50,-8396,148147,3350,11746,467,Sels,GK,18,NFO,LIV
467,28,19,6,True,2026-09-05T14:00:00Z,0,0,3,False,90,0,0,1,0,0,0,0,0,0,0,0,21,2.4,0.0,0.0,0.2,1,11,0,0,1,0.00,0.00,0.00,1.06,50,-9819,143042,8404,18223,467,Sels,GK,18,NFO,TOT
467,31,2,3,False,2026-09-12T14:00:00Z,1,2,4,False,90,0,0,0,1,0,0,0,0,0,5,0,19,35.0,0.0,0.0,3.5,2,11,0,0,1,0.00,0.00,0.00,0.82,50,2211,147158,15113,12902,467,Sels,GK,18,NFO,AVL
467,47,7,2,True,2026-09-19T16:30:00Z,0,1,5,False,90,0,0,0,1,0,0,0,0,0,2,0,10,13.8,0.0,0.0,1.4,0,9,0,0,1,0.00,0.00,0.00,0.67,50,26195,207232,39386,13191,467,Sels,GK,18,NFO,COV
468,6,13,0,True,2026-08-22T14:00:00Z,0,1,1,False,0,0,0,0,0,0,0,0,0,0,0,0,0,0.0,0.0,0.0,0.0,0,0,0,0,0,0.00,0.00,0.00,0.00,45,0,5970,0,0,468,John,GK,18,NFO,LEE
468,14,14,0,False,2026-08-29T11:30:00Z,2,2,2,False,0,0,0,0,0,0,0,0,0,0,0,0,0,0.0,0.0,0.0,0.0,0,0,0,0,0,0.00,0.00,0.00,0.00,45,-288,6338,178,466,468,John,GK,18,NFO,LIV
468,28,19,0,True,2026-09-05T14:00:00Z,0,0,3,False,0,0,0,0,0,0,0,0,0,0,0,0,0,0.0,0.0,0.0,0.0,0,0,0,0,0,0.00,0.00,0.00,0.00,45,-392,6270,259,651,468,John,GK,18,NFO,TOT
468,31,2,0,False,2026-09-12T14:00:00Z,1,2,4,False,0,0,0,0,0,0,0,0,0,0,0,0,0,0.0,0.0,0.0,0.0,0,0,0,0,0,0.00,0.00,0.00,0.00,45,-238,6251,173,411,468,John,GK,18,NFO,AVL
468,47,7,0,True,2026-09-19T16:30:00Z,0,1,5,False,0,0,0,0,0,0,0,0,0,0,0,0,0,0.0,0.0,0.0,0.0,0,0,0,0,0,0.00,0.00,0.00,0.00,45,-135,6278,197,332,468,John,GK,18,NFO,COV
469,6,13,2,True,2026-08-22T14:00:00Z,0,1,1,False,90,0,0,0,1,0,0,0,0,0,0,0,13,15.2,5.8,6.0,2.7,3,10,3,6,1,0.00,0.02,0.02,0.47,50,0,924685,0,0,469,N.Williams,DEF,18,NFO,LEE
469,14,14,6,False,2026-08-29T11:30:00Z,2,2,2,False,90,0,1,0,2,0,0,0,0,0,0,0,16,34.4,25.3,6.0,6.6,6,1,6,12,1,0.12,0.15,0.27,1.75,50,-67984,880209,14150,82134,469,N.Williams,DEF,18,NFO,LIV
469,28,19,7,True,2026-09-05T14:00:00Z,0,0,3,False,90,0,0,1,0,0,0,0,0,0,0,1,28,11.4,10.9,4.0,2.6,3,8,3,6,1,0.00,0.07,0.07,1.06,50,-35180,851007,53518,88698,469,N.Williams,DEF,18,NFO,TOT
469,31,2,2,False,2026-09-12T14:00:00Z,1,2,4,False,90,0,0,0,1,0,0,0,0,0,0,0,9,8.8,19.9,10.0,3.9,2,1,1,3,1,0.20,0.16,0.36,0.82,50,7392,864022,91886,84494,469,N.Williams,DEF,18,NFO,AVL
469,47,7,2,True,2026-09-19T16:30:00Z,0,1,5,False,90,0,0,0,1,0,0,0,0,0,0,0,19,20.6,61.8,16.0,9.8,1,8,1,2,1,0.09,0.21,0.30,0.67,50,105000,1063643,154932,49932,469,N.Williams,DEF,18,NFO,COV
470,6,13,0,True,2026-08-22T14:00:00Z,0,1,1,False,0,0,0,0,0,0,0,0,0,0,0,0,0,0.0,0.0,0.0,0.0,0,0,0,0,0,0.00,0.00,0.00,0.00,50,0,4345,0,0,470,Morato,DEF,18,NFO,LEE
470,14,14,0,False,2026-08-29T11:30:00Z,2,2,2,False,0,0,0,0,0,0,0,0,0,0,0,0,0,0.0,0.0,0.0,0.0,0,0,0,0,0,0.00,0.00,0.00,0.00,50,-437,4633,230,667,470,Morato,DEF,18,NFO,LIV
470,28,19,0,True,2026-09-05T14:00:00Z,0,0,3,False,0,0,0,0,0,0,0,0,0,0,0,0,0,0.0,0.0,0.0,0.0,0,0,0,0,0,0.00,0.00,0.00,0.00,50,-1172,3599,194,1366,470,Morato,DEF,18,NFO,TOT
470,31,2,0,False,2026-09-12T14:00:00Z,1,2,4,False,0,0,0,0,0,0,0,0,0,0,0,0,0,0.0,0.0,0.0,0.0,0,0,0,0,0,0.00,0.00,0.00,0.00,50,-1122,2529,0,1122,470,Morato,DEF,18,NFO,AVL
470,47,7,0,True,2026-09-19T16:30:00Z,0,1,5,False,0,0,0,0,0,0,0,0,0,0,0,0,0,0.0,0.0,0.0,0.0,0,0,0,0,0,0.00,0.00,0.00,0.00,50,-425,2127,0,425,470,Morato,DEF,18,NFO,COV
471,6,13,2,True,2026-08-22T14:00:00Z,0,1,1,False,90,0,0,0,1,0,0,0,0,0,0,0,4,7.6,0.6,14.0,2.2,7,6,0,7,1,0.11,0.02,0.13,0.47,55,0,173511,0,0,471,Milenković,DEF,18,NFO,LEE
471,14,14,3,False,2026-08-29T11:30:00Z,2,2,2,False,90,0,0,0,2,0,0,0,0,0,0,0,3,17.0,0.0,0.0,1.7,10,3,3,13,1,0.00,0.00,0.00,1.75,55,-14450,176049,2591,17041,471,Milenković,DEF,18,NFO,LIV
471,28,19,7,True,2026-09-05T14:00:00Z,0,0,3,False,90,0,0,1,0,0,0,0,1,0,0,0,27,28.6,0.8,2.0,3.1,9,3,2,11,1,0.00,0.01,0.01,1.06,55,-12221,168090,5627,17848,471,Milenković,DEF,18,NFO,TOT
471,31,2,0,False,2026-09-12T14:00:00Z,1,2,4,False,0,0,0,0,0,0,0,0,0,0,0,0,0,0.0,0.0,0.0,0.0,0,0,0,0,0,0.00,0.00,0.00,0.00,55,-346,171183,9458,9804,471,Milenković,DEF,18,NFO,AVL
471,47,7,0,True,2026-09-19T16:30:00Z,0,1,5,False,0,0,0,0,0,0,0,0,0,0,0,0,0,0.0,0.0,0.0,0.0,0,0,0,0,0,0.00,0.00,0.00,0.00,55,-50208,119506,256,50464,471,Milenković,DEF,18,NFO,COV
472,6,13,4,True,2026-08-22T14:00:00Z,0,1,1,False,90,0,0,0,1,0,0,0,0,0,0,0,15,32.2,25.9,0.0,5.8,12,3,2,14,1,0.00,0.28,0.28,0.47,55,0,134909,0,0,472,Murillo,DEF,18,NFO,LEE
472,14,14,1,False,2026-08-29T11:30:00Z,2,2,2,False,90,0,0,0,2,0,0,0,0,0,0,0,2,11.2,0.3,8.0,2.0,6,3,0,6,1,0.18,0.00,0.18,1.75,55,-3257,162661,8580,11837,472,Murillo,DEF,18,NFO,LIV
472,28,19,8,True,2026-09-05T14:00:00Z,0,0,3,False,89,0,0,1,0,0,0,0,0,0,0,0,25,17.8,1.2,10.0,2.9,6,4,4,10,1,0.17,0.00,0.17,1.06,55,-10492,160118,9660,20152,472,Murillo,DEF,18,NFO,TOT
472,31,2,6,False,2026-09-12T14:00:00Z,1,2,4,False,90,0,1,0,1,0,0,0,1,0,0,0,18,33.0,10.9,0.0,4.4,10,6,2,12,1,0.00,0.01,0.01,0.82,55,5868,172739,15727,9859,472,Murillo,DEF,18,NFO,AVL
472,47,7,4,True,2026-09-19T16:30:00Z,0,1,5,False,90,0,0,0,1,0,0,0,0,0,0,0,16,30.0,24.3,9.0,6.3,10,2,1,11,1,0.07,0.08,0.15,0.67,55,50117,260474,61530,11413,472,Murillo,DEF,18,NFO,COV
473,6,13,5,True,2026-08-22T14:00:00Z,0,1,1,False,73,0,0,1,0,0,0,0,1,0,0,0,24,16.0,35.6,11.0,6.3,2,4,0,2,1,0.04,0.17,0.21,0.34,45,0,328883,0,0,473,Aina,DEF,18,NFO,LEE
473,14,14,0,False,2026-08-29T11:30:00Z,2,2,2,False,85,0,0,0,2,0,0,0,1,0,0,0,2,11.8,15.5,4.0,3.1,3,4,2,5,1,0.00,0.35,0.35,1.75,45,-5067,345943,17770,22837,473,Aina,DEF,18,NFO,LIV
473,28,19,1,True,2026-09-05T14:00:00Z,0,0,3,False,58,0,0,0,0,0,0,0,0,0,0,0,8,13.0,0.5,0.0,1.4,2,4,5,7,1,0.00,0.00,0.00,0.81,45,-30402,313105,20608,51010,473,Aina,DEF,18,NFO,TOT
473,31,2,2,False,2026-09-12T14:00:00Z,1,2,4,False,90,0,0,0,1,0,0,0,0,0,0,0,11,17.4,1.7,0.0,1.9,5,2,3,8,1,0.00,0.01,0.01,0.82,45,-43006,273323,8317,51323,473,Aina,DEF,18,NFO,AVL
473,47,7,0,True,2026-09-19T16:30:00Z,0,1,5,False,0,0,0,0,0,0,0,0,0,0,0,0,0,0.0,0.0,0.0,0.0,0,0,0,0,0,0.00,0.00,0.00,0.00,45,-3199,278049,21418,24617,473,Aina,DEF,18,NFO,COV
474,6,13,1,True,2026-08-22T14:00:00Z,0,1,1,False,90,0,0,0,1,0,0,0,1,0,0,0,5,20.8,1.3,0.0,2.2,7,0,1,8,1,0.00,0.00,0.00,0.47,45,0,19663,0,0,474,Jair Cunha,DEF,18,NFO,LEE
474,14,14,1,False,2026-08-29T11:30:00Z,2,2,2,False,90,0,0,0,2,0,0,0,0,0,0,0,6,14.6,0.4,0.0,1.5,6,3,2,8,1,0.00,0.00,0.00,1.75,45,-1300,21029,259,1559,474,Jair Cunha,DEF,18,NFO,LIV
474,28,19,8,True,2026-09-05T14:00:00Z,0,0,3,False,90,0,0,1,0,0,0,0,0,0,0,0,24,20.0,0.7,1.0,2.2,10,2,2,12,1,0.03,0.01,0.04,1.06,45,-1070,20256,924,1994,474,Jair Cunha,DEF,18,NFO,TOT
474,31,2,0,False,2026-09-12T14:00:00Z,1,2,4,False,0,0,0,0,0,0,0,0,0,0,0,0,0,0.0,0.0,0.0,0.0,0,0,0,0,0,0.00,0.00,0.00,0.00,45,3885,24942,8098,4213,474,Jair Cunha,DEF,18,NFO,AVL
474,47,7,1,True,2026-09-19T16:30:00Z,0,1,5,False,90,0,0,0,1,0,0,0,1,0,0,0,5,14.2,11.8,1.0,2.7,6,3,2,8,1,0.02,0.01,0.03,0.67,45,-4535,19913,225,4760,474,Jair Cunha,DEF,18,NFO,COV
475,6,13,0,True,2026-08-22T14:00:00Z,0,1,1,False,0,0,0,0,0,0,0,0,0,0,0,0,0,0.0,0.0,0.0,0.0,0,0,0,0,0,0.00,0.00,0.00,0.00,45,0,209,0,0,475,Savona,DEF,18,NFO,LEE
475,14,14,0,False,2026-08-29T11:30:00Z,2,2,2,False,0,0,0,0,0,0,0,0,0,0,0,0,0,0.0,0.0,0.0,0.0,0,0,0,0,0,0.00,0.00,0.00,0.00,45,65,304,113,48,475,Savona,DEF,18,NFO,LIV
475,28,19,0,True,2026-09-05T14:00:00Z,0,0,3,False,0,0,0,0,0,0,0,0,0,0,0,0,0,0.0,0.0,0.0,0.0,0,0,0,0,0,0.00,0.00,0.00,0.00,45,-97,221,34,131,475,Savona,DEF,18,NFO,TOT
475,31,2,0,False,2026-09-12T14:00:00Z,1,2,4,False,0,0,0,0,0,0,0,0,0,0,0,0,0,0.0,0.0,0.0,0.0,0,0,0,0,0,0.00,0.00,0.00,0.00,45,16,263,56,40,475,Savona,DEF,18,NFO,AVL
475,47,7,0,True,2026-09-19T16:30:00Z,0,1,5,False,0,0,0,0,0,0,0,0,0,0,0,0,0,0.0,0.0,0.0,0.0,0,0,0,0,0,0.00,0.00,0.00,0.00,45,-22,237,17,39,475,Savona,DEF,18,NFO,COV
476,6,13,0,True,2026-08-22T14:00:00Z,0,1,1,False,0,0,0,0,0,0,0,0,0,0,0,0,0,0.0,0.0,0.0,0.0,0,0,0,0,0,0.00,0.00,0.00,0.00,40,0,23191,0,0,476,O.Richards,DEF,18,NFO,LEE
476,14,14,0,False,2026-08-29T11:30:00Z,2,2,2,False,0,0,0,0,0,0,0,0,0,0,0,0,0,0.0,0.0,0.0,0.0,0,0,0,0,0,0.00,0.00,0.00,0.00,40,-1513,23167,495,2008,476,O.Richards,DEF,18,NFO,LIV
476,28,19,0,True,2026-09-05T14:00:00Z,0,0,3,False,0,0,0,0,0,0,0,0,0,0,0,0,0,0.0,0.0,0.0,0.0,0,0,0,0,0,0.00,0.00,0.00,0.00,40,-858,23523,1258,2116,476,O.Richards,DEF,18,NFO,TOT
476,31,2,0,False,2026-09-12T14:00:00Z,1,2,4,False,0,0,0,0,0,0,0,0,0,0,0,0,0,0.0,0.0,0.0,0.0,0,0,0,0,0,0.00,0.00,0.00,0.00,40,-831,23161,925,1756,476,O.Richards,DEF,18,NFO,AVL
476,47,7,0,True,2026-09-19T16:30:00Z,0,1,5,False,0,0,0,0,0,0,0,0,0,0,0,0,0,0.0,0.0,0.0,0.0,0,0,0,0,0,0.00,0.00,0.00,0.00,40,-649,22848,1022,1671,476,O.Richards,DEF,18,NFO,COV
477,6,13,0,True,2026-08-22T14:00:00Z,0,1,1,False,0,0,0,0,0,0,0,0,0,0,0,0,0,0.0,0.0,0.0,0.0,0,0,0,0,0,0.00,0.00,0.00,0.00,40,0,23851,0,0,477,Abbott,DEF,18,NFO,LEE
477,14,14,0,False,2026-08-29T11:30:00Z,2,2,2,False,0,0,0,0,0,0,0,0,0,0,0,0,0,0.0,0.0,0.0,0.0,0,0,0,0,0,0.00,0.00,0.00,0.00,40,-1227,24822,996,2223,477,Abbott,DEF,18,NFO,LIV
477,28,19,0,True,2026-09-05T14:00:00Z,0,0,3,False,0,0,0,0,0,0,0,0,0,0,0,0,0,0.0,0.0,0.0,0.0,0,0,0,0,0,0.00,0.00,0.00,0.00,40,-2802,22912,1463,4265,477,Abbott,DEF,18,NFO,TOT
477,31,2,0,False,2026-09-12T14:00:00Z,1,2,4,False,0,0,0,0,0,0,0,0,0,0,0,0,0,0.0,0.0,0.0,0.0,0,0,0,0,0,0.00,0.00,0.00,0.00,40,-4322,18185,0,4322,477,Abbott,DEF,18,NFO,AVL
477,47,7,0,True,2026-09-19T16:30:00Z,0,1,5,False,0,0,0,0,0,0,0,0,0,0,0,0,0,0.0,0.0,0.0,0.0,0,0,0,0,0,0.00,0.00,0.00,0.00,40,-2263,16093,0,2263,477,Abbott,DEF,18,NFO,COV
478,6,13,1,True,2026-08-22T14:00:00Z,0,1,1,False,16,0,0,0,1,0,0,0,0,0,0,0,-2,0.0,0.9,0.0,0.1,0,1,0,0,0,0.00,0.00,0.00,0.13,45,0,2322,0,0,478,Netz,DEF,18,NFO,LEE
478,14,14,1,False,2026-08-29T11:30:00Z,2,2,2,False,4,0,0,0,0,0,0,0,0,0,0,0,5,2.0,0.0,0.0,0.2,0,0,1,1,0,0.00,0.00,0.00,0.00,45,-176,3516,112,288,478,Netz,DEF,18,NFO,LIV
478,28,19,0,True,2026-09-05T14:00:00Z,0,0,3,False,0,0,0,0,0,0,0,0,0,0,0,0,0,0.0,0.0,0.0,0.0,0,0,0,0,0,0.00,0.00,0.00,0.00,45,-304,3401,168,472,478,Netz,DEF,18,NFO,TOT
478,31,2,0,False,2026-09-12T14:00:00Z,1,2,4,False,0,0,0,0,0,0,0,0,0,0,0,0,0,0.0,0.0,0.0,0.0,0,0,0,0,0,0.00,0.00,0.00,0.00,45,-264,3279,104,368,478,Netz,DEF,18,NFO,AVL
478,47,7,1,True,2026-09-19T16:30:00Z,0,1,5,False,7,0,0,0,0,0,0,0,0,0,0,0,5,4.0,16.6,2.0,2.3,0,0,0,0,0,0.00,0.02,0.02,0.00,44,-97,3276,246,343,478,Netz,DEF,18,NFO,COV
479,6,13,0,True,2026-08-22T14:00:00Z,0,1,1,False,0,0,0,0,0,0,0,0,0,0,0,0,0,0.0,0.0,0.0,0.0,0,0,0,0,0,0.00,0.00,0.00,0.00,40,0,18342,0,0,479,Bindon,DEF,18,NFO,LEE
479,14,14,0,False,2026-08-29T11:30:00Z,2,2,2,False,0,0,0,0,0,0,0,0,0,0,0,0,0,0.0,0.0,0.0,0.0,0,0,0,0,0,0.00,0.00,0.00,0.00,40,-1052,18138,365,1417,479,Bindon,DEF,18,NFO,LIV
479,28,19,0,True,2026-09-05T14:00:00Z,0,0,3,False,0,0,0,0,0,0,0,0,0,0,0,0,0,0.0,0.0,0.0,0.0,0,0,0,0,0,0.00,0.00,0.00,0.00,40,-2507,15742,434,2941,479,Bindon,DEF,18,NFO,TOT
479,31,2,0,False,2026-09-12T14:00:00Z,1,2,4,False,0,0,0,0,0,0,0,0,0,0,0,0,0,0.0,0.0,0.0,0.0,0,0,0,0,0,0.00,0.00,0.00,0.00,40,-2375,13436,0,2375,479,Bindon,DEF,18,NFO,AVL
479,47,7,0,True,2026-09-19T16:30:00Z,0,1,5,False,0,0,0,0,0,0,0,0,0,0,0,0,0,0.0,0.0,0.0,0.0,0,0,0,0,0,0.00,0.00,0.00,0.00,40,-1397,12104,0,1397,479,Bindon,DEF,18,NFO,COV
480,6,13,2,True,2026-08-22T14:00:00Z,0,1,1,False,90,0,0,0,1,0,0,0,0,0,0,0,10,0.0,9.3,16.0,2.4,1,2,0,3,1,0.13,0.06,0.19,0.47,80,0,1039647,0,0,480,Gibbs-White,MID,18,NFO,LEE
480,14,14,13,False,2026-08-29T11:30:00Z,2,2,2,False,90,1,1,0,2,0,0,0,0,0,0,3,36,56.4,12.5,17.0,8.6,1,2,2,5,1,0.79,0.04,0.83,1.75,80,-274313,815842,8780,283093,480,Gibbs-White,MID,18,NFO,LIV
480,28,19,3,True,2026-09-05T14:00:00Z,0,0,3,False,90,0,0,1,0,0,0,0,0,0,0,0,3,5.6,3.0,13.0,2.2,0,5,2,7,1,0.48,0.01,0.49,1.06,79,102526,1065969,215196,112670,480,Gibbs-White,MID,18,NFO,TOT
480,31,2,8,False,2026-09-12T14:00:00Z,1,2,4,False,90,0,1,0,1,0,0,0,0,0,0,3,42,39.0,98.5,26.0,16.4,0,3,1,4,1,0.16,0.91,1.07,0.82,79,26861,1011180,175102,148241,480,Gibbs-White,MID,18,NFO,AVL
480,47,7,2,True,2026-09-19T16:30:00Z,0,1,5,False,90,0,0,0,1,0,0,0,0,0,0,0,25,22.4,81.4,6.0,11.0,0,2,0,2,1,0.00,0.40,0.40,0.67,80,705914,1912107,744604,38690,480,Gibbs-White,MID,18,NFO,COV
482,6,13,0,True,2026-08-22T14:00:00Z,0,1,1,False,0,0,0,0,0,0,0,0,0,0,0,0,0,0.0,0.0,0.0,0.0,0,0,0,0,0,0.00,0.00,0.00,0.00,60,0,23579,0,0,482,Hudson-Odoi,MID,18,NFO,LEE
482,14,14,1,False,2026-08-29T11:30:00Z,2,2,2,False,1,0,0,0,0,0,0,0,0,0,0,0,2,0.0,0.3,0.0,0.0,0,0,0,0,0,0.00,0.00,0.00,0.00,60,-4758,21667,726,5484,482,Hudson-Odoi,MID,18,NFO,LIV
482,28,19,0,True,2026-09-05T14:00:00Z,0,0,3,False,0,0,0,0,0,0,0,0,0,0,0,0,0,0.0,0.0,0.0,0.0,0,0,0,0,0,0.00,0.00,0.00,0.00,59,-3315,19189,1609,4924,482,Hudson-Odoi,MID,18,NFO,TOT
482,31,2,0,False,2026-09-12T14:00:00Z,1,2,4,False,0,0,0,0,0,0,0,0,0,0,0,0,0,0.0,0.0,0.0,0.0,0,0,0,0,0,0.00,0.00,0.00,0.00,59,-2586,17097,774,3360,482,Hudson-Odoi,MID,18,NFO,AVL
482,47,7,0,True,2026-09-19T16:30:00Z,0,1,5,False,0,0,0,0,0,0,0,0,0,0,0,0,0,0.0,0.0,0.0,0.0,0,0,0,0,0,0.00,0.00,0.00,0.00,58,-730,16903,1902,2632,482,Hudson-Odoi,MID,18,NFO,COV
483,6,13,3,True,2026-08-22T14:00:00Z,0,1,1,False,61,0,0,1,0,0,0,0,0,0,0,0,5,1.4,2.5,0.0,0.4,1,1,1,3,1,0.00,0.00,0.00,0.25,55,0,39539,0,0,483,Ndoye,MID,18,NFO,LEE
483,14,14,9,False,2026-08-29T11:30:00Z,2,2,2,False,65,1,0,0,1,0,0,0,0,0,0,2,30,35.8,23.0,36.0,9.5,1,8,0,9,1,0.35,0.63,0.98,1.42,55,-3771,39501,1491,5262,483,Ndoye,MID,18,NFO,LIV
483,28,19,1,True,2026-09-05T14:00:00Z,0,0,3,False,58,0,0,0,0,0,0,0,0,0,0,0,5,0.4,0.3,0.0,0.1,0,4,1,5,1,0.00,0.00,0.00,0.81,55,22451,73790,33732,11281,483,Ndoye,MID,18,NFO,TOT
483,31,2,1,False,2026-09-12T14:00:00Z,1,2,4,False,74,0,0,0,1,0,0,0,1,0,0,0,1,0.0,12.5,38.0,4.7,0,2,0,2,1,0.70,0.25,0.95,0.73,55,-3202,67800,9828,13030,483,Ndoye,MID,18,NFO,AVL
483,47,7,1,True,2026-09-19T16:30:00Z,0,1,5,False,58,0,0,0,1,0,0,0,0,0,0,0,3,1.4,25.3,16.0,4.3,1,0,0,1,1,0.20,0.05,0.25,0.63,55,14955,87185,26545,11590,483,Ndoye,MID,18,NFO,COV
484,6,13,0,True,2026-08-22T14:00:00Z,0,1,1,False,0,0,0,0,0,0,0,0,0,0,0,0,0,0.0,0.0,0.0,0.0,0,0,0,0,0,0.00,0.00,0.00,0.00,55,0,15797,0,0,484,Hutchinson,MID,18,NFO,LEE
484,14,14,0,False,2026-08-29T11:30:00Z,2,2,2,False,0,0,0,0,0,0,0,0,0,0,0,0,0,0.0,0.0,0.0,0.0,0,0,0,0,0,0.00,0.00,0.00,0.00,55,-2032,15837,214,2246,484,Hutchinson,MID,18,NFO,LIV
484,28,19,0,True,2026-09-05T14:00:00Z,0,0,3,False,0,0,0,0,0,0,0,0,0,0,0,0,0,0.0,0.0,0.0,0.0,0,0,0,0,0,0.00,0.00,0.00,0.00,54,-4400,11458,213,4613,484,Hutchinson,MID,18,NFO,TOT
484,31,2,0,False,2026-09-12T14:00:00Z,1,2,4,False,0,0,0,0,0,0,0,0,0,0,0,0,0,0.0,0.0,0.0,0.0,0,0,0,0,0,0.00,0.00,0.00,0.00,54,-2676,8921,0,2676,484,Hutchinson,MID,18,NFO,AVL
484,47,7,0,True,2026-09-19T16:30:00Z,0,1,5,False,0,0,0,0,0,0,0,0,0,0,0,0,0,0.0,0.0,0.0,0.0,0,0,0,0,0,0.00,0.00,0.00,0.00,54,-1093,7897,0,1093,484,Hutchinson,MID,18,NFO,COV
485,6,13,0,True,2026-08-22T14:00:00Z,0,1,1,False,0,0,0,0,0,0,0,0,0,0,0,0,0,0.0,0.0,0.0,0.0,0,0,0,0,0,0.00,0.00,0.00,0.00,55,0,1373,0,0,485,Bakwa,MID,18,NFO,LEE
485,14,14,0,False,2026-08-29T11:30:00Z,2,2,2,False,0,0,0,0,0,0,0,0,0,0,0,0,0,0.0,0.0,0.0,0.0,0,0,0,0,0,0.00,0.00,0.00,0.00,55,-298,1297,107,405,485,Bakwa,MID,18,NFO,LIV
485,28,19,0,True,2026-09-05T14:00:00Z,0,0,3,False,0,0,0,0,0,0,0,0,0,0,0,0,0,0.0,0.0,0.0,0.0,0,0,0,0,0,0.00,0.00,0.00,0.00,55,-532,761,0,532,485,Bakwa,MID,18,NFO,TOT
485,31,2,0,False,2026-09-12T14:00:00Z,1,2,4,False,0,0,0,0,0,0,0,0,0,0,0,0,0,0.0,0.0,0.0,0.0,0,0,0,0,0,0.00,0.00,0.00,0.00,55,-145,638,0,145,485,Bakwa,MID,18,NFO,AVL
485,47,7,0,True,2026-09-19T16:30:00Z,0,1,5,False,0,0,0,0,0,0,0,0,0,0,0,0,0,0.0,0.0,0.0,0.0,0,0,0,0,0,0.00,0.00,0.00,0.00,55,-60,579,0,60,485,Bakwa,MID,18,NFO,COV
486,6,13,3,True,2026-08-22T14:00:00Z,0,1,1,False,73,0,0,1,0,0,0,0,0,0,0,0,18,11.6,42.5,0.0,5.4,2,5,1,8,1,0.00,0.16,0.16,0.34,55,0,3147,0,0,486,McAtee,MID,18,NFO,LEE
486,14,14,2,False,2026-08-29T11:30:00Z,2,2,2,False,90,0,0,0,2,0,0,0,0,0,0,0,16,8.2,18.5,0.0,2.7,2,5,1,8,1,0.00,0.16,0.16,1.75,55,199,5218,674,475,486,McAtee,MID,18,NFO,LIV
486,28,19,2,True,2026-09-05T14:00:00Z,0,0,3,False,90,0,0,1,0,0,0,0,1,0,0,0,22,14.2,59.5,10.0,8.4,0,4,3,7,1,0.13,0.22,0.35,1.06,55,1865,8416,3393,1528,486,McAtee,MID,18,NFO,TOT
486,31,2,3,False,2026-09-12T14:00:00Z,1,2,4,False,81,0,0,0,1,0,0,0,1,0,0,0,18,14.8,27.3,10.0,5.2,4,5,3,12,1,0.03,0.38,0.41,0.73,55,546,9321,1956,1410,486,McAtee,MID,18,NFO,AVL
486,47,7,2,True,2026-09-19T16:30:00Z,0,1,5,False,82,0,0,0,1,0,0,0,0,0,0,0,17,13.6,27.0,18.0,5.9,1,2,1,4,1,0.21,0.04,0.25,0.67,55,1989,11916,3622,1633,486,McAtee,MID,18,NFO,COV
487,6,13,0,True,2026-08-22T14:00:00Z,0,1,1,False,0,0,0,0,0,0,0,0,0,0,0,0,0,0.0,0.0,0.0,0.0,0,0,0,0,0,0.00,0.00,0.00,0.00,50,0,7576,0,0,487,Dominguez,MID,18,NFO,LEE
487,14,14,1,False,2026-08-29T11:30:00Z,2,2,2,False,1,0,0,0,0,0,0,0,0,0,0,0,3,0.2,0.0,0.0,0.0,0,0,0,0,0,0.00,0.00,0.00,0.00,50,-848,7613,214,1062,487,Dominguez,MID,18,NFO,LIV
487,28,19,0,True,2026-09-05T14:00:00Z,0,0,3,False,0,0,0,0,0,0,0,0,0,0,0,0,0,0.0,0.0,0.0,0.0,0,0,0,0,0,0.00,0.00,0.00,0.00,50,-788,7052,358,1146,487,Dominguez,MID,18,NFO,TOT
487,31,2,0,False,2026-09-12T14:00:00Z,1,2,4,False,0,0,0,0,0,0,0,0,0,0,0,0,0,0.0,0.0,0.0,0.0,0,0,0,0,0,0.00,0.00,0.00,0.00,49,-569,6666,312,881,487,Dominguez,MID,18,NFO,AVL
487,47,7,0,True,2026-09-19T16:30:00Z,0,1,5,False,0,0,0,0,0,0,0,0,0,0,0,0,0,0.0,0.0,0.0,0.0,0,0,0,0,0,0.00,0.00,0.00,0.00,49,-459,6327,254,713,487,Dominguez,MID,18,NFO,COV
488,6,13,2,True,2026-08-22T14:00:00Z,0,1,1,False,90,0,0,0,1,0,0,0,0,0,0,0,10,17.8,13.0,3.0,3.4,3,3,0,6,1,0.03,0.01,0.04,0.47,50,0,100536,0,0,488,I.Sangaré,MID,18,NFO,LEE
488,14,14,0,False,2026-08-29T11:30:00Z,2,2,2,False,0,0,0,0,0,0,0,0,0,0,0,0,0,0.0,0.0,0.0,0.0,0,0,0,0,0,0.00,0.00,0.00,0.00,50,-15127,88298,2850,17977,488,I.Sangaré,MID,18,NFO,LIV
488,28,19,0,True,2026-09-05T14:00:00Z,0,0,3,False,0,0,0,0,0,0,0,0,0,0,0,0,0,0.0,0.0,0.0,0.0,0,0,0,0,0,0.00,0.00,0.00,0.00,49,-26662,60777,1817,28479,488,I.Sangaré,MID,18,NFO,TOT
488,31,2,1,False,2026-09-12T14:00:00Z,1,2,4,False,8,0,0,0,0,0,0,0,0,0,0,0,2,2.4,0.4,2.0,0.5,1,0,1,2,0,0.06,0.01,0.07,0.09,49,-9453,52561,2665,12118,488,I.Sangaré,MID,18,NFO,AVL
488,47,7,1,True,2026-09-19T16:30:00Z,0,1,5,False,7,0,0,0,0,0,0,0,0,0,0,0,3,1.4,0.3,0.0,0.2,0,0,0,0,0,0.00,0.00,0.00,0.00,49,-5438,48314,1567,7005,488,I.Sangaré,MID,18,NFO,COV
489,6,13,0,True,2026-08-22T14:00:00Z,0,1,1,False,0,0,0,0,0,0,0,0,0,0,0,0,0,0.0,0.0,0.0,0.0,0,0,0,0,0,0.00,0.00,0.00,0.00,45,0,177323,0,0,489,Yates,MID,18,NFO,LEE
489,14,14,0,False,2026-08-29T11:30:00Z,2,2,2,False,0,0,0,0,0,0,0,0,0,0,0,0,0,0.0,0.0,0.0,0.0,0,0,0,0,0,0.00,0.00,0.00,0.00,45,-35340,142945,1743,37083,489,Yates,MID,18,NFO,LIV
489,28,19,0,True,2026-09-05T14:00:00Z,0,0,3,False,0,0,0,0,0,0,0,0,0,0,0,0,0,0.0,0.0,0.0,0.0,0,0,0,0,0,0.00,0.00,0.00,0.00,45,-864,152628,17319,18183,489,Yates,MID,18,NFO,TOT
489,31,2,0,False,2026-09-12T14:00:00Z,1,2,4,False,0,0,0,0,0,0,0,0,0,0,0,0,0,0.0,0.0,0.0,0.0,0,0,0,0,0,0.00,0.00,0.00,0.00,45,-8348,144588,7645,15993,489,Yates,MID,18,NFO,AVL
489,47,7,0,True,2026-09-19T16:30:00Z,0,1,5,False,0,0,0,0,0,0,0,0,0,0,0,0,0,0.0,0.0,0.0,0.0,0,0,0,0,0,0.00,0.00,0.00,0.00,45,-12157,132416,2939,15096,489,Yates,MID,18,NFO,COV
490,6,13,1,True,2026-08-22T14:00:00Z,0,1,1,False,28,0,0,0,1,0,0,0,0,0,0,0,3,0.0,2.4,3.0,0.4,0,1,0,1,0,0.12,0.01,0.13,0.22,60,0,159951,0,0,490,Wood,FWD,18,NFO,LEE
490,14,14,0,False,2026-08-29T11:30:00Z,2,2,2,False,0,0,0,0,0,0,0,0,0,0,0,0,0,0.0,0.0,0.0,0.0,0,0,0,0,0,0.00,0.00,0.00,0.00,60,-24782,152998,4569,29351,490,Wood,FWD,18,NFO,LIV
490,28,19,1,True,2026-09-05T14:00:00Z,0,0,3,False,16,0,0,0,0,0,0,0,0,0,0,0,3,0.2,0.1,0.0,0.0,0,0,0,0,0,0.00,0.00,0.00,0.18,59,-35128,121647,7780,42908,490,Wood,FWD,18,NFO,TOT
490,31,2,1,False,2026-09-12T14:00:00Z,1,2,4,False,1,0,0,0,0,0,0,0,0,0,0,0,3,0.0,0.0,0.0,0.0,0,0,0,0,0,0.00,0.00,0.00,0.09,59,-17430,108335,4564,21994,490,Wood,FWD,18,NFO,AVL
490,47,7,1,True,2026-09-19T16:30:00Z,0,1,5,False,17,0,0,0,0,0,0,0,0,0,0,0,4,1.0,2.3,0.0,0.3,0,0,0,0,0,0.00,0.00,0.00,0.04,58,-9928,100797,5666,15594,490,Wood,FWD,18,NFO,COV
491,6,13,2,True,2026-08-22T14:00:00Z,0,1,1,False,90,0,0,0,1,0,0,0,0,0,0,0,8,5.2,6.8,31.0,4.3,2,1,0,3,1,0.22,0.02,0.24,0.47,60,0,389784,0,0,491,Igor Jesus,FWD,18,NFO,LEE
491,14,14,1,False,2026-08-29T11:30:00Z,2,2,2,False,90,0,0,0,2,0,0,0,1,0,0,0,4,8.6,13.3,38.0,6.0,3,1,1,5,1,0.74,0.04,0.78,1.75,60,-48313,361702,10237,58550,491,Igor Jesus,FWD,18,NFO,LIV
491,28,19,1,True,2026-09-05T14:00:00Z,0,0,3,False,31,0,0,0,0,0,0,0,0,0,0,0,3,1.2,0.4,0.0,0.2,0,0,1,1,0,0.00,0.00,0.00,0.26,59,-56312,307784,25411,81723,491,Igor Jesus,FWD,18,NFO,TOT
491,31,2,7,False,2026-09-12T14:00:00Z,1,2,4,False,15,1,0,0,0,0,0,0,0,0,0,2,34,36.4,11.0,17.0,6.4,0,3,0,3,0,0.13,0.01,0.14,0.09,59,-61409,253573,12811,74220,491,Igor Jesus,FWD,18,NFO,AVL
491,47,7,1,True,2026-09-19T16:30:00Z,0,1,5,False,31,0,0,0,0,0,0,0,0,0,0,0,4,3.4,9.2,14.0,2.7,0,3,0,3,0,0.16,0.01,0.17,0.04,58,37689,310521,70541,32852,491,Igor Jesus,FWD,18,NFO,COV
493,6,13,1,True,2026-08-22T14:00:00Z,0,1,1,False,1,0,0,0,0,0,0,0,0,0,0,0,3,0.0,0.0,0.0,0.0,0,0,0,0,0,0.00,0.00,0.00,0.00,55,0,4138,0,0,493,Kalimuendo,FWD,18,NFO,LEE
493,14,14,0,False,2026-08-29T11:30:00Z,2,2,2,False,0,0,0,0,0,0,0,0,0,0,0,0,0,0.0,0.0,0.0,0.0,0,0,0,0,0,0.00,0.00,0.00,0.00,55,-418,5177,339,757,493,Kalimuendo,FWD,18,NFO,LIV
493,28,19,0,True,2026-09-05T14:00:00Z,0,0,3,False,0,0,0,0,0,0,0,0,0,0,0,0,0,0.0,0.0,0.0,0.0,0,0,0,0,0,0.00,0.00,0.00,0.00,54,-411,5117,838,1249,493,Kalimuendo,FWD,18,NFO,TOT
493,31,2,0,False,2026-09-12T14:00:00Z,1,2,4,False,0,0,0,0,0,0,0,0,0,0,0,0,0,0.0,0.0,0.0,0.0,0,0,0,0,0,0.00,0.00,0.00,0.00,54,281,5715,1150,869,493,Kalimuendo,FWD,18,NFO,AVL
493,47,7,0,True,2026-09-19T16:30:00Z,0,1,5,False,0,0,0,0,0,0,0,0,0,0,0,0,0,0.0,0.0,0.0,0.0,0,0,0,0,0,0.00,0.00,0.00,0.00,54,-342,5589,483,825,493,Kalimuendo,FWD,18,NFO,COV
558,6,13,1,True,2026-08-22T14:00:00Z,0,1,1,False,16,0,0,0,1,0,0,0,0,0,0,0,3,0.6,1.0,2.0,0.4,0,1,0,1,0,0.00,0.00,0.00,0.13,50,0,10065,0,0,558,Schlager,MID,18,NFO,LEE
558,14,14,4,False,2026-08-29T11:30:00Z,2,2,2,False,90,0,0,0,2,0,0,0,0,0,0,0,15,21.2,0.7,7.0,2.9,3,7,5,15,1,0.05,0.00,0.05,1.75,50,-986,9781,158,1144,558,Schlager,MID,18,NFO,LIV
558,28,19,3,True,2026-09-05T14:00:00Z,0,0,3,False,90,0,0,1,0,0,0,0,0,0,0,0,18,11.2,2.3,1.0,1.5,3,3,4,10,1,0.03,0.06,0.09,1.06,50,99,10377,1419,1320,558,Schlager,MID,18,NFO,TOT
558,31,2,3,False,2026-09-12T14:00:00Z,1,2,4,False,90,0,0,0,1,0,0,0,1,0,0,0,18,21.8,15.2,17.0,5.4,3,7,6,16,1,0.06,0.02,0.08,0.82,50,-224,10277,1040,1264,558,Schlager,MID,18,NFO,AVL
558,47,7,2,True,2026-09-19T16:30:00Z,0,1,5,False,90,0,0,0,1,0,0,0,0,0,0,0,16,13.6,5.8,4.0,2.3,2,3,2,7,1,0.05,0.10,0.15,0.67,50,1774,12605,3063,1289,558,Schlager,MID,18,NFO,COV
581,6,13,0,True,2026-08-22T14:00:00Z,0,1,1,False,0,0,0,0,0,0,0,0,0,0,0,0,0,0.0,0.0,0.0,0.0,0,0,0,0,0,0.00,0.00,0.00,0.00,55,0,67092,0,0,581,Diomande,DEF,18,NFO,LEE
581,14,14,0,False,2026-08-29T11:30:00Z,2,2,2,False,0,0,0,0,0,0,0,0,0,0,0,0,0,0.0,0.0,0.0,0.0,0,0,0,0,0,0.00,0.00,0.00,0.00,55,-8617,71062,3484,12101,581,Diomande,DEF,18,NFO,LIV
581,28,19,1,True,2026-09-05T14:00:00Z,0,0,3,False,1,0,0,0,0,0,0,0,0,0,0,0,3,0.0,0.0,0.0,0.0,0,0,0,0,0,0.00,0.00,0.00,0.00,54,-12790,61213,3142,15932,581,Diomande,DEF,18,NFO,TOT
581,31,2,4,False,2026-09-12T14:00:00Z,1,2,4,False,90,0,0,0,1,0,0,0,0,0,0,0,10,24.6,0.4,11.0,3.6,13,3,1,14,1,0.11,0.00,0.11,0.82,54,-6555,56566,1486,8041,581,Diomande,DEF,18,NFO,AVL
581,47,7,2,True,2026-09-19T16:30:00Z,0,1,5,False,72,0,0,0,1,0,0,0,0,0,0,0,4,7.8,0.6,8.0,1.6,5,7,0,5,1,0.05,0.01,0.06,0.63,54,619,59651,4010,3391,581,Diomande,DEF,18,NFO,COV
590,6,13,0,True,2026-08-22T14:00:00Z,0,1,1,False,0,0,0,0,0,0,0,0,0,0,0,0,0,0.0,0.0,0.0,0.0,0,0,0,0,0,0.00,0.00,0.00,0.00,45,0,5245,0,0,590,Benda,GK,18,NFO,LEE
590,14,14,0,False,2026-08-29T11:30:00Z,2,2,2,False,0,0,0,0,0,0,0,0,0,0,0,0,0,0.0,0.0,0.0,0.0,0,0,0,0,0,0.00,0.00,0.00,0.00,45,81,6630,625,544,590,Benda,GK,18,NFO,LIV
590,28,19,0,True,2026-09-05T14:00:00Z,0,0,3,False,0,0,0,0,0,0,0,0,0,0,0,0,0,0.0,0.0,0.0,0.0,0,0,0,0,0,0.00,0.00,0.00,0.00,45,79,7389,950,871,590,Benda,GK,18,NFO,TOT
590,31,2,0,False,2026-09-12T14:00:00Z,1,2,4,False,0,0,0,0,0,0,0,0,0,0,0,0,0,0.0,0.0,0.0,0.0,0,0,0,0,0,0.00,0.00,0.00,0.00,45,-80,7551,543,623,590,Benda,GK,18,NFO,AVL
590,47,7,0,True,2026-09-19T16:30:00Z,0,1,5,False,0,0,0,0,0,0,0,0,0,0,0,0,0,0.0,0.0,0.0,0.0,0,0,0,0,0,0.00,0.00,0.00,0.00,45,-141,7565,422,563,590,Benda,GK,18,NFO,COV
112,2,4,1,False,2026-08-22T16:30:00Z,3,0,1,False,90,0,0,0,3,0,0,0,0,0,0,0,3,28.2,2.8,2.0,3.3,7,3,2,9,1,0.00,0.03,0.03,3.87,50,0,955905,0,0,112,Van Hecke,DEF,19,TOT,BRE
112,15,17,1,True,2026-08-29T16:30:00Z,0,2,2,False,90,0,0,0,2,0,0,0,0,0,0,0,9,26.6,13.7,33.0,7.3,6,4,2,8,1,0.11,0.03,0.14,0.72,50,-62164,945549,36604,98768,112,Van Hecke,DEF,19,TOT,NEW
112,28,18,8,False,2026-09-05T14:00:00Z,0,0,3,False,90,0,0,1,0,0,0,0,0,0,0,2,29,16.6,12.8,11.0,4.0,3,4,1,4,1,0.09,0.01,0.10,0.92,49,-198387,733037,21192,219579,112,Van Hecke,DEF,19,TOT,NFO
112,37,9,8,True,2026-09-12T16:30:00Z,0,0,4,False,90,0,0,1,0,0,0,0,0,0,0,0,27,38.4,15.2,7.0,6.1,11,2,2,13,1,0.14,0.05,0.19,1.11,49,-45526,718579,37570,83096,112,Van Hecke,DEF,19,TOT,EVE
112,48,2,6,True,2026-09-19T11:30:00Z,2,3,5,False,90,1,0,0,3,0,0,0,1,0,0,0,17,62.0,30.4,17.0,10.9,6,4,3,9,1,0.35,0.30,0.65,1.16,49,-3149,721559,40803,43952,112,Van Hecke,DEF,19,TOT,AVL
147,10,10,0,False,2026-08-24T19:00:00Z,2,3,1,False,0,0,0,0,0,0,0,0,0,0,0,0,0,0.0,0.0,0.0,0.0,0,0,0,0,0,0.00,0.00,0.00,0.00,45,0,18070,0,0,147,Tosin,DEF,19,TOT,FUL
147,16,5,0,True,2026-08-30T13:00:00Z,4,3,2,False,0,0,0,0,0,0,0,0,0,0,0,0,0,0.0,0.0,0.0,0.0,0,0,0,0,0,0.00,0.00,0.00,0.00,45,-1857,19280,263,2120,147,Tosin,DEF,19,TOT,BHA
147,28,18,0,False,2026-09-05T14:00:00Z,0,0,3,False,0,0,0,0,0,0,0,0,0,0,0,0,0,0.0,0.0,0.0,0.0,0,0,0,0,0,0.00,0.00,0.00,0.00,45,-2004,17692,553,2557,147,Tosin,DEF,19,TOT,NFO
147,37,9,1,True,2026-09-12T16:30:00Z,0,0,4,False,5,0,0,0,0,0,0,0,0,0,0,0,5,9.0,0.2,0.0,0.9,2,1,2,4,0,0.00,0.00,0.00,0.03,44,-999,17024,639,1638,147,Tosin,DEF,19,TOT,EVE
147,48,2,0,True,2026-09-19T11:30:00Z,2,3,5,False,0,0,0,0,0,0,0,0,0,0,0,0,0,0.0,0.0,0.0,0.0,0,0,0,0,0,0.00,0.00,0.00,0.00,44,-600,16621,437,1037,147,Tosin,DEF,19,TOT,AVL
401,8,3,0,True,2026-08-23T13:00:00Z,2,1,1,False,0,0,0,0,0,0,0,0,0,0,0,0,0,0.0,0.0,0.0,0.0,0,0,0,0,0,0.00,0.00,0.00,0.00,70,0,80421,0,0,401,Marmoush,FWD,19,TOT,BOU
401,15,17,2,True,2026-08-29T16:30:00Z,0,2,2,False,90,0,0,0,2,0,0,0,0,0,0,0,14,9.2,35.1,28.0,7.2,0,3,1,4,1,0.17,0.07,0.24,0.72,70,20447,131884,39808,19361,401,Marmoush,FWD,19,TOT,NEW
401,28,18,2,False,2026-09-05T14:00:00Z,0,0,3,False,83,0,0,1,0,0,0,0,0,0,0,0,6,0.0,2.4,10.0,1.0,0,0,0,0,1,0.17,0.01,0.18,0.88,70,64907,232425,100495,35588,401,Marmoush,FWD,19,TOT,NFO
401,37,9,2,True,2026-09-12T16:30:00Z,0,0,4,False,76,0,0,1,0,0,0,0,0,0,0,0,9,3.2,11.6,14.0,2.9,0,5,0,5,1,0.02,0.03,0.05,1.08,70,6113,250023,46956,40843,401,Marmoush,FWD,19,TOT,EVE
401,48,2,2,True,2026-09-19T11:30:00Z,2,3,5,False,90,0,0,0,3,0,0,0,0,0,0,0,8,5.6,6.4,6.0,1.8,0,3,1,4,1,0.02,0.04,0.06,1.16,70,-10121,240325,35220,45341,401,Marmoush,FWD,19,TOT,AVL
403,8,3,0,True,2026-08-23T13:00:00Z,2,1,1,False,0,0,0,0,0,0,0,0,0,0,0,0,0,0.0,0.0,0.0,0.0,0,0,0,0,0,0.00,0.00,0.00,0.00,65,0,23783,0,0,403,Sávio,MID,19,TOT,BOU
403,15,17,0,True,2026-08-29T16:30:00Z,0,2,2,False,0,0,0,0,0,0,0,0,0,0,0,0,0,0.0,0.0,0.0,0.0,0,0,0,0,0,0.00,0.00,0.00,0.00,65,48883,92925,55747,6864,403,Sávio,MID,19,TOT,NEW
403,28,18,3,False,2026-09-05T14:00:00Z,0,0,3,False,60,0,0,1,0,0,0,0,0,0,0,0,15,6.2,17.3,15.0,3.9,0,0,0,0,1,0.02,0.27,0.29,0.49,65,-23670,68277,15136,38806,403,Sávio,MID,19,TOT,NFO
403,37,9,3,True,2026-09-12T16:30:00Z,0,0,4,False,90,0,0,1,0,0,0,0,0,0,0,0,22,20.8,53.7,28.0,10.3,1,5,0,6,1,0.10,0.26,0.36,1.11,65,-583,75171,13225,13808,403,Sávio,MID,19,TOT,EVE
403,48,2,2,True,2026-09-19T11:30:00Z,2,3,5,False,90,0,0,0,3,0,0,0,0,0,0,0,29,24.4,59.0,53.0,13.6,2,3,0,5,1,0.29,0.17,0.46,1.16,65,-481,74946,12804,13285,403,Sávio,MID,19,TOT,AVL
455,2,4,2,False,2026-08-22T16:30:00Z,3,0,1,False,90,0,0,0,3,0,0,0,0,0,0,0,14,6.2,6.4,8.0,2.1,0,3,1,4,1,0.04,0.06,0.10,3.87,55,0,376914,0,0,455,Tonali,MID,19,TOT,BRE
455,15,17,2,True,2026-08-29T16:30:00Z,0,2,2,False,74,0,0,0,2,0,0,0,0,0,0,0,16,5.0,26.3,4.0,3.5,1,3,0,4,1,0.05,0.02,0.07,0.72,55,-38097,369291,14119,52216,455,Tonali,MID,19,TOT,NEW
455,28,18,5,False,2026-09-05T14:00:00Z,0,0,3,False,90,0,0,1,0,0,0,0,0,0,0,0,22,22.8,8.0,0.0,3.1,4,4,4,12,1,0.00,0.01,0.01,0.92,54,-83285,288825,14031,97316,455,Tonali,MID,19,TOT,NFO
455,37,9,3,True,2026-09-12T16:30:00Z,0,0,4,False,90,0,0,1,0,0,0,0,0,0,0,0,16,12.2,30.7,6.0,4.9,5,6,0,11,1,0.09,0.31,0.40,1.11,54,-31266,265893,12899,44165,455,Tonali,MID,19,TOT,EVE
455,48,2,2,True,2026-09-19T11:30:00Z,2,3,5,False,83,0,0,0,3,0,0,0,0,0,0,0,18,16.8,17.6,10.0,4.4,1,4,6,11,1,0.06,0.21,0.27,1.10,54,-56370,210274,4540,60910,455,Tonali,MID,19,TOT,AVL
494,2,4,0,False,2026-08-22T16:30:00Z,3,0,1,False,0,0,0,0,0,0,0,0,0,0,0,0,0,0.0,0.0,0.0,0.0,0,0,0,0,0,0.00,0.00,0.00,0.00,45,0,35657,0,0,494,Vicario,GK,19,TOT,BRE
494,15,17,0,True,2026-08-29T16:30:00Z,0,2,2,False,0,0,0,0,0,0,0,0,0,0,0,0,0,0.0,0.0,0.0,0.0,0,0,0,0,0,0.00,0.00,0.00,0.00,45,-11437,23872,0,11437,494,Vicario,GK,19,TOT,NEW
494,28,18,0,False,2026-09-05T14:00:00Z,0,0,3,False,0,0,0,0,0,0,0,0,0,0,0,0,0,0.0,0.0,0.0,0.0,0,0,0,0,0,0.00,0.00,0.00,0.00,45,-5759,18205,0,5759,494,Vicario,GK,19,TOT,NFO
494,37,9,0,True,2026-09-12T16:30:00Z,0,0,4,False,0,0,0,0,0,0,0,0,0,0,0,0,0,0.0,0.0,0.0,0.0,0,0,0,0,0,0.00,0.00,0.00,0.00,45,-2498,16026,0,2498,494,Vicario,GK,19,TOT,EVE
494,48,2,0,True,2026-09-19T11:30:00Z,2,3,5,False,0,0,0,0,0,0,0,0,0,0,0,0,0,0.0,0.0,0.0,0.0,0,0,0,0,0,0.00,0.00,0.00,0.00,45,-1689,14414,0,1689,494,Vicario,GK,19,TOT,AVL
495,2,4,0,False,2026-08-22T16:30:00Z,3,0,1,False,0,0,0,0,0,0,0,0,0,0,0,0,0,0.0,0.0,0.0,0.0,0,0,0,0,0,0.00,0.00,0.00,0.00,40,0,78400,0,0,495,Austin,GK,19,TOT,BRE
495,15,17,0,True,2026-08-29T16:30:00Z,0,2,2,False,0,0,0,0,0,0,0,0,0,0,0,0,0,0.0,0.0,0.0,0.0,0,0,0,0,0,0.00,0.00,0.00,0.00,40,-490,88358,3212,3702,495,Austin,GK,19,TOT,NEW
495,28,18,0,False,2026-09-05T14:00:00Z,0,0,3,False,0,0,0,0,0,0,0,0,0,0,0,0,0,0.0,0.0,0.0,0.0,0,0,0,0,0,0.00,0.00,0.00,0.00,40,3899,104639,9717,5818,495,Austin,GK,19,TOT,NFO
495,37,9,0,True,2026-09-12T16:30:00Z,0,0,4,False,0,0,0,0,0,0,0,0,0,0,0,0,0,0.0,0.0,0.0,0.0,0,0,0,0,0,0.00,0.00,0.00,0.00,40,2998,108986,8583,5585,495,Austin,GK,19,TOT,EVE
495,48,2,0,True,2026-09-19T11:30:00Z,2,3,5,False,0,0,0,0,0,0,0,0,0,0,0,0,0,0.0,0.0,0.0,0.0,0,0,0,0,0,0.00,0.00,0.00,0.00,40,1559,112272,6139,4580,495,Austin,GK,19,TOT,AVL
496,2,4,2,False,2026-08-22T16:30:00Z,3,0,1,False,90,0,0,0,3,0,0,0,0,0,5,0,15,43.6,0.0,0.0,4.4,4,12,0,0,1,0.00,0.00,0.00,3.87,45,0,2208330,0,0,496,Kinsky,GK,19,TOT,BRE
496,15,17,1,True,2026-08-29T16:30:00Z,0,2,2,False,90,0,0,0,2,0,0,0,0,0,0,0,4,3.8,0.0,0.0,0.4,0,6,0,0,1,0.00,0.00,0.00,0.72,45,-41526,2247365,40625,82151,496,Kinsky,GK,19,TOT,NEW
496,28,18,6,False,2026-09-05T14:00:00Z,0,0,3,False,90,0,0,1,0,0,0,0,0,0,1,0,24,10.4,10.0,0.0,2.0,2,8,0,0,1,0.00,0.00,0.00,0.92,45,-225719,1949396,46420,272139,496,Kinsky,GK,19,TOT,NFO
496,37,9,7,True,2026-09-12T16:30:00Z,0,0,4,False,90,0,0,1,0,0,0,0,0,0,3,0,29,19.8,0.0,0.0,2.0,4,3,0,0,1,0.00,0.00,0.00,1.11,45,-84513,1930350,146399,230912,496,Kinsky,GK,19,TOT,EVE
496,48,2,2,True,2026-09-19T11:30:00Z,2,3,5,False,90,0,0,0,3,0,0,0,0,0,3,0,5,27.2,0.0,0.0,2.7,0,5,0,0,1,0.00,0.00,0.00,1.16,45,-1315,1963942,95710,97025,496,Kinsky,GK,19,TOT,AVL
497,2,4,0,False,2026-08-22T16:30:00Z,3,0,1,False,0,0,0,0,0,0,0,0,0,0,0,0,0,0.0,0.0,0.0,0.0,0,0,0,0,0,0.00,0.00,0.00,0.00,40,0,1778139,0,0,497,Dubravka,GK,19,TOT,BRE
497,15,17,0,True,2026-08-29T16:30:00Z,0,2,2,False,0,0,0,0,0,0,0,0,0,0,0,0,0,0.0,0.0,0.0,0.0,0,0,0,0,0,0.00,0.00,0.00,0.00,40,-28731,1835588,35086,63817,497,Dubravka,GK,19,TOT,NEW
497,28,18,0,False,2026-09-05T14:00:00Z,0,0,3,False,0,0,0,0,0,0,0,0,0,0,0,0,0,0.0,0.0,0.0,0.0,0,0,0,0,0,0.00,0.00,0.00,0.00,40,12181,1908726,131012,118831,497,Dubravka,GK,19,TOT,NFO
497,37,9,0,True,2026-09-12T16:30:00Z,0,0,4,False,0,0,0,0,0,0,0,0,0,0,0,0,0,0.0,0.0,0.0,0.0,0,0,0,0,0,0.00,0.00,0.00,0.00,40,19545,1929614,144708,125163,497,Dubravka,GK,19,TOT,EVE
497,48,2,0,True,2026-09-19T11:30:00Z,2,3,5,False,0,0,0,0,0,0,0,0,0,0,0,0,0,0.0,0.0,0.0,0.0,0,0,0,0,0,0.00,0.00,0.00,0.00,40,-25006,1908194,59833,84839,497,Dubravka,GK,19,TOT,AVL
498,2,4,3,False,2026-08-22T16:30:00Z,3,0,1,False,90,0,0,0,3,0,0,0,0,0,0,0,10,36.6,2.2,0.0,3.9,11,2,5,16,1,0.00,0.02,0.02,3.87,60,0,724252,0,0,498,Senesi,DEF,19,TOT,BRE
498,15,17,0,True,2026-08-29T16:30:00Z,0,2,2,False,0,0,0,0,0,0,0,0,0,0,0,0,0,0.0,0.0,0.0,0.0,0,0,0,0,0,0.00,0.00,0.00,0.00,60,-48293,746751,15942,64235,498,Senesi,DEF,19,TOT,NEW
498,28,18,0,False,2026-09-05T14:00:00Z,0,0,3,False,0,0,0,0,0,0,0,0,0,0,0,0,0,0.0,0.0,0.0,0.0,0,0,0,0,0,0.00,0.00,0.00,0.00,59,-185202,558130,5382,190584,498,Senesi,DEF,19,TOT,NFO
498,37,9,0,True,2026-09-12T16:30:00Z,0,0,4,False,0,0,0,0,0,0,0,0,0,0,0,0,0,0.0,0.0,0.0,0.0,0,0,0,0,0,0.00,0.00,0.00,0.00,59,-104635,468891,4311,108946,498,Senesi,DEF,19,TOT,EVE
498,48,2,0,True,2026-09-19T11:30:00Z,2,3,5,False,0,0,0,0,0,0,0,0,0,0,0,0,0,0.0,0.0,0.0,0.0,0,0,0,0,0,0.00,0.00,0.00,0.00,58,-70189,403044,2509,72698,498,Senesi,DEF,19,TOT,AVL
499,2,4,0,False,2026-08-22T16:30:00Z,3,0,1,False,0,0,0,0,0,0,0,0,0,0,0,0,0,0.0,0.0,0.0,0.0,0,0,0,0,0,0.00,0.00,0.00,0.00,55,0,1595087,0,0,499,Pedro Porro,DEF,19,TOT,BRE
499,15,17,1,True,2026-08-29T16:30:00Z,0,2,2,False,90,0,0,0,2,0,0,0,0,0,0,0,1,9.4,7.9,21.0,3.8,3,2,1,4,1,0.33,0.10,0.43,0.72,55,-296944,1331308,20574,317518,499,Pedro Porro,DEF,19,TOT,NEW
499,28,18,7,False,2026-09-05T14:00:00Z,0,0,3,False,90,0,0,1,0,0,0,0,0,0,0,1,28,13.2,35.8,6.0,5.5,3,3,1,4,1,0.03,0.06,0.09,0.92,55,-179795,1176909,48390,228185,499,Pedro Porro,DEF,19,TOT,NFO
499,37,9,0,True,2026-09-12T16:30:00Z,0,0,4,False,0,0,0,0,0,0,0,0,0,0,0,0,0,0.0,0.0,0.0,0.0,0,0,0,0,0,0.00,0.00,0.00,0.00,55,-80703,1130296,48477,129180,499,Pedro Porro,DEF,19,TOT,EVE
499,48,2,1,True,2026-09-19T11:30:00Z,2,3,5,False,18,0,0,0,0,0,0,0,0,0,0,0,4,0.0,3.9,1.0,0.5,0,0,1,1,1,0.01,0.00,0.01,0.04,54,-237532,889495,5333,242865,499,Pedro Porro,DEF,19,TOT,AVL
500,2,4,0,False,2026-08-22T16:30:00Z,3,0,1,False,0,0,0,0,0,0,0,0,0,0,0,0,0,0.0,0.0,0.0,0.0,0,0,0,0,0,0.00,0.00,0.00,0.00,50,0,25814,0,0,500,Romero,DEF,19,TOT,BRE
500,15,17,0,True,2026-08-29T16:30:00Z,0,2,2,False,0,0,0,0,0,0,0,0,0,0,0,0,0,0.0,0.0,0.0,0.0,0,0,0,0,0,0.00,0.00,0.00,0.00,50,-10779,14805,0,10779,500,Romero,DEF,19,TOT,NEW
500,28,18,0,False,2026-09-05T14:00:00Z,0,0,3,False,0,0,0,0,0,0,0,0,0,0,0,0,0,0.0,0.0,0.0,0.0,0,0,0,0,0,0.00,0.00,0.00,0.00,50,-3763,11327,0,3763,500,Romero,DEF,19,TOT,NFO
500,37,9,0,True,2026-09-12T16:30:00Z,0,0,4,False,0,0,0,0,0,0,0,0,0,0,0,0,0,0.0,0.0,0.0,0.0,0,0,0,0,0,0.00,0.00,0.00,0.00,50,-1362,10093,0,1362,500,Romero,DEF,19,TOT,EVE
500,48,2,0,True,2026-09-19T11:30:00Z,2,3,5,False,0,0,0,0,0,0,0,0,0,0,0,0,0,0.0,0.0,0.0,0.0,0,0,0,0,0,0.00,0.00,0.00,0.00,50,-610,9526,0,610,500,Romero,DEF,19,TOT,AVL
502,2,4,3,False,2026-08-22T16:30:00Z,3,0,1,False,90,0,0,0,3,0,0,0,0,0,0,0,13,31.8,19.2,2.0,5.3,9,3,2,11,1,0.00,0.06,0.06,3.87,45,0,350993,0,0,502,Robertson,DEF,19,TOT,BRE
502,15,17,2,True,2026-08-29T16:30:00Z,0,2,2,False,67,0,0,0,1,0,0,0,0,0,0,0,7,11.2,16.8,25.0,5.3,2,1,1,3,1,0.06,0.02,0.08,0.48,45,-1127,379457,22171,23298,502,Robertson,DEF,19,TOT,NEW
502,28,18,1,False,2026-09-05T14:00:00Z,0,0,3,False,29,0,0,0,0,0,0,0,0,0,0,0,3,6.0,0.3,0.0,0.6,1,1,0,1,0,0.00,0.00,0.00,0.43,45,-47646,328965,13705,61351,502,Robertson,DEF,19,TOT,NFO
502,37,9,7,True,2026-09-12T16:30:00Z,0,0,4,False,90,0,0,1,0,0,0,0,0,0,0,1,30,10.8,31.5,8.0,5.0,2,3,0,2,1,0.07,0.09,0.16,1.11,44,-57673,278552,5647,63320,502,Robertson,DEF,19,TOT,EVE
502,48,2,4,True,2026-09-19T11:30:00Z,2,3,5,False,90,0,1,0,3,0,0,0,0,0,0,0,15,29.8,56.1,6.0,9.2,1,7,2,3,1,0.00,0.26,0.26,1.16,44,-2558,283003,20149,22707,502,Robertson,DEF,19,TOT,AVL
503,2,4,0,False,2026-08-22T16:30:00Z,3,0,1,False,0,0,0,0,0,0,0,0,0,0,0,0,0,0.0,0.0,0.0,0.0,0,0,0,0,0,0.00,0.00,0.00,0.00,50,0,522301,0,0,503,Van de Ven,DEF,19,TOT,BRE
503,15,17,0,True,2026-08-29T16:30:00Z,0,2,2,False,90,0,0,0,2,0,0,0,1,0,0,0,5,15.2,2.1,0.0,1.7,7,4,1,8,1,0.00,0.02,0.02,0.72,50,-116329,422798,8374,124703,503,Van de Ven,DEF,19,TOT,NEW
503,28,18,9,False,2026-09-05T14:00:00Z,0,0,3,False,90,0,0,1,0,0,0,0,0,0,0,3,30,21.4,1.2,14.0,3.7,6,4,3,9,1,0.57,0.00,0.57,0.92,50,-61459,380320,16557,78016,503,Van de Ven,DEF,19,TOT,NFO
503,37,9,6,True,2026-09-12T16:30:00Z,0,0,4,False,90,0,0,1,0,0,0,0,0,0,0,0,27,15.0,3.1,0.0,1.8,6,4,0,6,1,0.00,0.02,0.02,1.11,50,10120,414668,33873,23753,503,Van de Ven,DEF,19,TOT,EVE
503,48,2,1,True,2026-09-19T11:30:00Z,2,3,5,False,90,0,0,0,3,0,0,0,0,0,0,0,7,24.2,2.3,4.0,3.1,5,5,1,6,1,0.02,0.01,0.03,1.16,50,8883,429279,29652,20769,503,Van de Ven,DEF,19,TOT,AVL
505,2,4,0,False,2026-08-22T16:30:00Z,3,0,1,False,0,0,0,0,0,0,0,0,0,0,0,0,0,0.0,0.0,0.0,0.0,0,0,0,0,0,0.00,0.00,0.00,0.00,45,0,93085,0,0,505,Spence,DEF,19,TOT,BRE
505,15,17,0,True,2026-08-29T16:30:00Z,0,2,2,False,0,0,0,0,0,0,0,0,0,0,0,0,0,0.0,0.0,0.0,0.0,0,0,0,0,0,0.00,0.00,0.00,0.00,45,-45782,46576,0,45782,505,Spence,DEF,19,TOT,NEW
505,28,18,0,False,2026-09-05T14:00:00Z,0,0,3,False,0,0,0,0,0,0,0,0,0,0,0,0,0,0.0,0.0,0.0,0.0,0,0,0,0,0,0.00,0.00,0.00,0.00,45,-14294,33138,0,14294,505,Spence,DEF,19,TOT,NFO
505,37,9,0,True,2026-09-12T16:30:00Z,0,0,4,False,0,0,0,0,0,0,0,0,0,0,0,0,0,0.0,0.0,0.0,0.0,0,0,0,0,0,0.00,0.00,0.00,0.00,45,-5357,28187,0,5357,505,Spence,DEF,19,TOT,EVE
505,48,2,0,True,2026-09-19T11:30:00Z,2,3,5,False,0,0,0,0,0,0,0,0,0,0,0,0,0,0.0,0.0,0.0,0.0,0,0,0,0,0,0.00,0.00,0.00,0.00,45,-2653,25713,0,2653,505,Spence,DEF,19,TOT,AVL
506,2,4,1,False,2026-08-22T16:30:00Z,3,0,1,False,4,0,0,0,0,0,0,0,0,0,0,0,3,0.0,0.7,0.0,0.0,0,2,0,0,0,0.00,0.02,0.02,0.44,45,0,43741,0,0,506,Udogie,DEF,19,TOT,BRE
506,15,17,1,True,2026-08-29T16:30:00Z,0,2,2,False,22,0,0,0,1,0,0,0,0,0,0,0,2,5.2,11.5,2.0,1.9,0,1,1,1,0,0.00,0.19,0.19,0.24,45,-3007,47523,1685,4692,506,Udogie,DEF,19,TOT,NEW
506,28,18,5,False,2026-09-05T14:00:00Z,0,0,3,False,60,0,0,1,0,0,0,0,1,0,0,0,16,4.6,1.3,2.0,0.8,3,1,0,3,1,0.00,0.02,0.02,0.49,45,-5660,43060,1127,6787,506,Udogie,DEF,19,TOT,NFO
506,37,9,0,True,2026-09-12T16:30:00Z,0,0,4,False,0,0,0,0,0,0,0,0,0,0,0,0,0,0.0,0.0,0.0,0.0,0,0,0,0,0,0.00,0.00,0.00,0.00,45,-2914,41192,1478,4392,506,Udogie,DEF,19,TOT,EVE
506,48,2,0,True,2026-09-19T11:30:00Z,2,3,5,False,0,0,0,0,0,0,0,0,0,0,0,0,0,0.0,0.0,0.0,0.0,0,0,0,0,0,0.00,0.00,0.00,0.00,44,-4010,37654,949,4959,506,Udogie,DEF,19,TOT,AVL
507,2,4,0,False,2026-08-22T16:30:00Z,3,0,1,False,0,0,0,0,0,0,0,0,0,0,0,0,0,0.0,0.0,0.0,0.0,0,0,0,0,0,0.00,0.00,0.00,0.00,45,0,2583,0,0,507,Phillips,DEF,19,TOT,BRE
507,15,17,0,True,2026-08-29T16:30:00Z,0,2,2,False,0,0,0,0,0,0,0,0,0,0,0,0,0,0.0,0.0,0.0,0.0,0,0,0,0,0,0.00,0.00,0.00,0.00,45,-658,1903,0,658,507,Phillips,DEF,19,TOT,NEW
507,28,18,0,False,2026-09-05T14:00:00Z,0,0,3,False,0,0,0,0,0,0,0,0,0,0,0,0,0,0.0,0.0,0.0,0.0,0,0,0,0,0,0.00,0.00,0.00,0.00,45,-312,1605,0,312,507,Phillips,DEF,19,TOT,NFO
507,37,9,0,True,2026-09-12T16:30:00Z,0,0,4,False,0,0,0,0,0,0,0,0,0,0,0,0,0,0.0,0.0,0.0,0.0,0,0,0,0,0,0.00,0.00,0.00,0.00,45,-139,1474,0,139,507,Phillips,DEF,19,TOT,EVE
507,48,2,0,True,2026-09-19T11:30:00Z,2,3,5,False,0,0,0,0,0,0,0,0,0,0,0,0,0,0.0,0.0,0.0,0.0,0,0,0,0,0,0.00,0.00,0.00,0.00,45,-106,1372,0,106,507,Phillips,DEF,19,TOT,AVL
508,2,4,0,False,2026-08-22T16:30:00Z,3,0,1,False,0,0,0,0,0,0,0,0,0,0,0,0,0,0.0,0.0,0.0,0.0,0,0,0,0,0,0.00,0.00,0.00,0.00,40,0,99420,0,0,508,Davies,DEF,19,TOT,BRE
508,15,17,0,True,2026-08-29T16:30:00Z,0,2,2,False,0,0,0,0,0,0,0,0,0,0,0,0,0,0.0,0.0,0.0,0.0,0,0,0,0,0,0.00,0.00,0.00,0.00,40,-6106,102932,2877,8983,508,Davies,DEF,19,TOT,NEW
508,28,18,0,False,2026-09-05T14:00:00Z,0,0,3,False,0,0,0,0,0,0,0,0,0,0,0,0,0,0.0,0.0,0.0,0.0,0,0,0,0,0,0.00,0.00,0.00,0.00,40,-7462,98874,4305,11767,508,Davies,DEF,19,TOT,NFO
508,37,9,0,True,2026-09-12T16:30:00Z,0,0,4,False,0,0,0,0,0,0,0,0,0,0,0,0,0,0.0,0.0,0.0,0.0,0,0,0,0,0,0.00,0.00,0.00,0.00,40,-6385,93661,2570,8955,508,Davies,DEF,19,TOT,EVE
508,48,2,0,True,2026-09-19T11:30:00Z,2,3,5,False,0,0,0,0,0,0,0,0,0,0,0,0,0,0.0,0.0,0.0,0.0,0,0,0,0,0,0.00,0.00,0.00,0.00,40,-5694,88779,2044,7738,508,Davies,DEF,19,TOT,AVL
509,2,4,0,False,2026-08-22T16:30:00Z,3,0,1,False,0,0,0,0,0,0,0,0,0,0,0,0,0,0.0,0.0,0.0,0.0,0,0,0,0,0,0.00,0.00,0.00,0.00,40,0,4794,0,0,509,Byfield,DEF,19,TOT,BRE
509,15,17,0,True,2026-08-29T16:30:00Z,0,2,2,False,0,0,0,0,0,0,0,0,0,0,0,0,0,0.0,0.0,0.0,0.0,0,0,0,0,0,0.00,0.00,0.00,0.00,40,-239,5341,319,558,509,Byfield,DEF,19,TOT,NEW
509,28,18,0,False,2026-09-05T14:00:00Z,0,0,3,False,0,0,0,0,0,0,0,0,0,0,0,0,0,0.0,0.0,0.0,0.0,0,0,0,0,0,0.00,0.00,0.00,0.00,40,71,6404,719,648,509,Byfield,DEF,19,TOT,NFO
509,37,9,0,True,2026-09-12T16:30:00Z,0,0,4,False,0,0,0,0,0,0,0,0,0,0,0,0,0,0.0,0.0,0.0,0.0,0,0,0,0,0,0.00,0.00,0.00,0.00,40,56,6533,621,565,509,Byfield,DEF,19,TOT,EVE
509,48,2,0,True,2026-09-19T11:30:00Z,2,3,5,False,0,0,0,0,0,0,0,0,0,0,0,0,0,0.0,0.0,0.0,0.0,0,0,0,0,0,0.00,0.00,0.00,0.00,40,-17,6772,556,573,509,Byfield,DEF,19,TOT,AVL
510,2,4,0,False,2026-08-22T16:30:00Z,3,0,1,False,0,0,0,0,0,0,0,0,0,0,0,0,0,0.0,0.0,0.0,0.0,0,0,0,0,0,0.00,0.00,0.00,0.00,40,0,7021,0,0,510,Rowswell,DEF,19,TOT,BRE
510,15,17,0,True,2026-08-29T16:30:00Z,0,2,2,False,0,0,0,0,0,0,0,0,0,0,0,0,0,0.0,0.0,0.0,0.0,0,0,0,0,0,0.00,0.00,0.00,0.00,40,-360,7895,335,695,510,Rowswell,DEF,19,TOT,NEW
510,28,18,0,False,2026-09-05T14:00:00Z,0,0,3,False,0,0,0,0,0,0,0,0,0,0,0,0,0,0.0,0.0,0.0,0.0,0,0,0,0,0,0.00,0.00,0.00,0.00,40,-25,9320,898,923,510,Rowswell,DEF,19,TOT,NFO
510,37,9,0,True,2026-09-12T16:30:00Z,0,0,4,False,0,0,0,0,0,0,0,0,0,0,0,0,0,0.0,0.0,0.0,0.0,0,0,0,0,0,0.00,0.00,0.00,0.00,40,64,9696,824,760,510,Rowswell,DEF,19,TOT,EVE
510,48,2,0,True,2026-09-19T11:30:00Z,2,3,5,False,0,0,0,0,0,0,0,0,0,0,0,0,0,0.0,0.0,0.0,0.0,0,0,0,0,0,0.00,0.00,0.00,0.00,40,-78,9834,672,750,510,Rowswell,DEF,19,TOT,AVL
511,2,4,0,False,2026-08-22T16:30:00Z,3,0,1,False,0,0,0,0,0,0,0,0,0,0,0,0,0,0.0,0.0,0.0,0.0,0,0,0,0,0,0.00,0.00,0.00,0.00,40,0,27254,0,0,511,Souza,DEF,19,TOT,BRE
511,15,17,0,True,2026-08-29T16:30:00Z,0,2,2,False,0,0,0,0,0,0,0,0,0,0,0,0,0,0.0,0.0,0.0,0.0,0,0,0,0,0,0.00,0.00,0.00,0.00,40,-1501,29162,1193,2694,511,Souza,DEF,19,TOT,NEW
511,28,18,0,False,2026-09-05T14:00:00Z,0,0,3,False,0,0,0,0,0,0,0,0,0,0,0,0,0,0.0,0.0,0.0,0.0,0,0,0,0,0,0.00,0.00,0.00,0.00,40,-4780,25220,1362,6142,511,Souza,DEF,19,TOT,NFO
511,37,9,0,True,2026-09-12T16:30:00Z,0,0,4,False,0,0,0,0,0,0,0,0,0,0,0,0,0,0.0,0.0,0.0,0.0,0,0,0,0,0,0.00,0.00,0.00,0.00,40,-4759,20460,0,4759,511,Souza,DEF,19,TOT,EVE
511,48,2,0,True,2026-09-19T11:30:00Z,2,3,5,False,0,0,0,0,0,0,0,0,0,0,0,0,0,0.0,0.0,0.0,0.0,0,0,0,0,0,0.00,0.00,0.00,0.00,40,-2391,18271,0,2391,511,Souza,DEF,19,TOT,AVL
512,2,4,0,False,2026-08-22T16:30:00Z,3,0,1,False,0,0,0,0,0,0,0,0,0,0,0,0,0,0.0,0.0,0.0,0.0,0,0,0,0,0,0.00,0.00,0.00,0.00,65,0,8272,0,0,512,Kudus,MID,19,TOT,BRE
512,15,17,1,True,2026-08-29T16:30:00Z,0,2,2,False,22,0,0,0,1,0,0,0,0,0,0,0,4,1.2,3.3,11.0,1.6,0,2,0,2,0,0.04,0.01,0.05,0.24,65,-2137,6789,269,2406,512,Kudus,MID,19,TOT,NEW
512,28,18,1,False,2026-09-05T14:00:00Z,0,0,3,False,29,0,0,0,0,0,0,0,0,0,0,0,13,5.2,15.1,2.0,2.2,0,3,0,3,0,0.00,0.16,0.16,0.43,65,2526,12485,4599,2073,512,Kudus,MID,19,TOT,NFO
512,37,9,1,True,2026-09-12T16:30:00Z,0,0,4,False,27,0,0,0,0,0,0,0,0,0,0,0,8,6.0,12.8,6.0,2.5,0,1,1,2,0,0.00,0.05,0.05,0.44,65,545,14250,3198,2653,512,Kudus,MID,19,TOT,EVE
512,48,2,4,True,2026-09-19T11:30:00Z,2,3,5,False,45,0,1,0,2,0,0,0,0,0,0,0,24,24.8,17.5,7.0,4.9,0,5,2,7,0,0.07,0.20,0.27,0.35,65,-95,14877,2728,2823,512,Kudus,MID,19,TOT,AVL
513,2,4,0,False,2026-08-22T16:30:00Z,3,0,1,False,0,0,0,0,0,0,0,0,0,0,0,0,0,0.0,0.0,0.0,0.0,0,0,0,0,0,0.00,0.00,0.00,0.00,60,0,1345,0,0,513,Xavi,MID,19,TOT,BRE
513,15,17,0,True,2026-08-29T16:30:00Z,0,2,2,False,0,0,0,0,0,0,0,0,0,0,0,0,0,0.0,0.0,0.0,0.0,0,0,0,0,0,0.00,0.00,0.00,0.00,60,-279,1453,77,356,513,Xavi,MID,19,TOT,NEW
513,28,18,0,False,2026-09-05T14:00:00Z,0,0,3,False,0,0,0,0,0,0,0,0,0,0,0,0,0,0.0,0.0,0.0,0.0,0,0,0,0,0,0.00,0.00,0.00,0.00,60,-291,1296,78,369,513,Xavi,MID,19,TOT,NFO
513,37,9,0,True,2026-09-12T16:30:00Z,0,0,4,False,0,0,0,0,0,0,0,0,0,0,0,0,0,0.0,0.0,0.0,0.0,0,0,0,0,0,0.00,0.00,0.00,0.00,59,-108,1311,86,194,513,Xavi,MID,19,TOT,EVE
513,48,2,0,True,2026-09-19T11:30:00Z,2,3,5,False,0,0,0,0,0,0,0,0,0,0,0,0,0,0.0,0.0,0.0,0.0,0,0,0,0,0,0.00,0.00,0.00,0.00,59,-71,1301,51,122,513,Xavi,MID,19,TOT,AVL
514,2,4,2,False,2026-08-22T16:30:00Z,3,0,1,False,90,0,0,0,3,0,0,0,0,0,0,0,17,10.4,26.0,9.0,4.5,1,7,0,8,1,0.06,0.06,0.12,3.87,60,0,50995,0,0,514,Tel,MID,19,TOT,BRE
514,15,17,2,True,2026-08-29T16:30:00Z,0,2,2,False,67,0,0,0,1,0,0,0,0,0,0,0,10,3.8,3.3,34.0,4.1,0,2,1,3,1,0.14,0.03,0.17,0.48,60,-6287,48495,4174,10461,514,Tel,MID,19,TOT,NEW
514,28,18,3,False,2026-09-05T14:00:00Z,0,0,3,False,73,0,0,1,0,0,0,0,0,0,0,0,11,6.8,20.2,20.0,4.7,0,2,0,2,1,0.00,0.05,0.05,0.76,59,-17708,30912,2049,19757,514,Tel,MID,19,TOT,NFO
514,37,9,1,True,2026-09-12T16:30:00Z,0,0,4,False,27,0,0,0,0,0,0,0,0,0,0,0,3,0.6,3.2,9.0,1.3,0,0,0,0,0,0.01,0.09,0.10,0.44,58,-6570,26160,1812,8382,514,Tel,MID,19,TOT,EVE
514,48,2,0,True,2026-09-19T11:30:00Z,2,3,5,False,0,0,0,0,0,0,0,0,0,0,0,0,0,0.0,0.0,0.0,0.0,0,0,0,0,0,0.00,0.00,0.00,0.00,58,-5320,21179,897,6217,514,Tel,MID,19,TOT,AVL
515,2,4,1,False,2026-08-22T16:30:00Z,3,0,1,False,22,0,0,0,0,0,0,0,0,0,0,0,6,4.4,8.3,8.0,2.1,1,1,0,2,0,0.00,0.01,0.01,0.85,65,0,119410,0,0,515,Maddison,MID,19,TOT,BRE
515,15,17,0,True,2026-08-29T16:30:00Z,0,2,2,False,0,0,0,0,0,0,0,0,0,0,0,0,0,0.0,0.0,0.0,0.0,0,0,0,0,0,0.00,0.00,0.00,0.00,65,-34300,96409,2686,36986,515,Maddison,MID,19,TOT,NEW
515,28,18,0,False,2026-09-05T14:00:00Z,0,0,3,False,0,0,0,0,0,0,0,0,0,0,0,0,0,0.0,0.0,0.0,0.0,0,0,0,0,0,0.00,0.00,0.00,0.00,64,-38883,57231,175,39058,515,Maddison,MID,19,TOT,NFO
515,37,9,1,True,2026-09-12T16:30:00Z,0,0,4,False,13,0,0,0,0,0,0,0,0,0,0,0,3,6.8,3.8,0.0,1.1,2,1,0,3,0,0.00,0.01,0.01,0.03,63,-13096,45874,447,13543,515,Maddison,MID,19,TOT,EVE
515,48,2,1,True,2026-09-19T11:30:00Z,2,3,5,False,24,0,0,0,2,0,0,0,0,0,0,0,9,10.6,2.4,11.0,2.4,0,2,4,6,0,0.06,0.02,0.08,0.15,63,-2925,43979,1741,4666,515,Maddison,MID,19,TOT,AVL
516,2,4,1,False,2026-08-22T16:30:00Z,3,0,1,False,45,0,0,0,1,0,0,0,0,0,0,0,8,2.0,14.7,0.0,1.7,0,2,3,5,0,0.00,0.01,0.01,2.18,55,0,17403,0,0,516,Bentancur,MID,19,TOT,BRE
516,15,17,2,True,2026-08-29T16:30:00Z,0,2,2,False,90,0,0,0,2,0,0,0,0,0,0,0,17,15.4,7.1,0.0,2.3,3,6,2,11,1,0.00,0.02,0.02,0.72,55,-1429,18887,602,2031,516,Bentancur,MID,19,TOT,NEW
516,28,18,5,False,2026-09-05T14:00:00Z,0,0,3,False,90,0,0,1,0,0,0,0,0,0,0,0,14,18.4,3.3,6.0,2.8,11,5,1,17,1,0.02,0.01,0.03,0.92,55,-1789,17786,831,2620,516,Bentancur,MID,19,TOT,NFO
516,37,9,3,True,2026-09-12T16:30:00Z,0,0,4,False,62,0,0,1,0,0,0,0,0,0,0,0,15,22.6,7.9,0.0,3.1,5,2,3,10,1,0.00,0.04,0.04,0.67,55,-172,18318,1225,1397,516,Bentancur,MID,19,TOT,EVE
516,48,2,4,True,2026-09-19T11:30:00Z,2,3,5,False,83,0,0,0,3,0,0,0,0,0,0,0,15,19.0,6.3,2.0,2.7,3,8,6,17,1,0.00,0.04,0.04,1.10,55,497,19246,2106,1609,516,Bentancur,MID,19,TOT,AVL
517,2,4,0,False,2026-08-22T16:30:00Z,3,0,1,False,0,0,0,0,0,0,0,0,0,0,0,0,0,0.0,0.0,0.0,0.0,0,0,0,0,0,0.00,0.00,0.00,0.00,55,0,100,0,0,517,Odobert,MID,19,TOT,BRE
517,15,17,0,True,2026-08-29T16:30:00Z,0,2,2,False,0,0,0,0,0,0,0,0,0,0,0,0,0,0.0,0.0,0.0,0.0,0,0,0,0,0,0.00,0.00,0.00,0.00,55,-3,121,16,19,517,Odobert,MID,19,TOT,NEW
517,28,18,0,False,2026-09-05T14:00:00Z,0,0,3,False,0,0,0,0,0,0,0,0,0,0,0,0,0,0.0,0.0,0.0,0.0,0,0,0,0,0,0.00,0.00,0.00,0.00,55,-11,117,27,38,517,Odobert,MID,19,TOT,NFO
517,37,9,0,True,2026-09-12T16:30:00Z,0,0,4,False,0,0,0,0,0,0,0,0,0,0,0,0,0,0.0,0.0,0.0,0.0,0,0,0,0,0,0.00,0.00,0.00,0.00,55,18,143,36,18,517,Odobert,MID,19,TOT,EVE
517,48,2,0,True,2026-09-19T11:30:00Z,2,3,5,False,0,0,0,0,0,0,0,0,0,0,0,0,0,0.0,0.0,0.0,0.0,0,0,0,0,0,0.00,0.00,0.00,0.00,55,3,159,23,20,517,Odobert,MID,19,TOT,AVL
518,2,4,0,False,2026-08-22T16:30:00Z,3,0,1,False,0,0,0,0,0,0,0,0,0,0,0,0,0,0.0,0.0,0.0,0.0,0,0,0,0,0,0.00,0.00,0.00,0.00,50,0,25576,0,0,518,P.M.Sarr,MID,19,TOT,BRE
518,15,17,0,True,2026-08-29T16:30:00Z,0,2,2,False,0,0,0,0,0,0,0,0,0,0,0,0,0,0.0,0.0,0.0,0.0,0,0,0,0,0,0.00,0.00,0.00,0.00,49,-10351,15118,113,10464,518,P.M.Sarr,MID,19,TOT,NEW
518,28,18,0,False,2026-09-05T14:00:00Z,0,0,3,False,0,0,0,0,0,0,0,0,0,0,0,0,0,0.0,0.0,0.0,0.0,0,0,0,0,0,0.00,0.00,0.00,0.00,49,-1782,14992,4025,5807,518,P.M.Sarr,MID,19,TOT,NFO
518,37,9,0,True,2026-09-12T16:30:00Z,0,0,4,False,0,0,0,0,0,0,0,0,0,0,0,0,0,0.0,0.0,0.0,0.0,0,0,0,0,0,0.00,0.00,0.00,0.00,49,-4648,10250,0,4648,518,P.M.Sarr,MID,19,TOT,EVE
518,48,2,0,True,2026-09-19T11:30:00Z,2,3,5,False,0,0,0,0,0,0,0,0,0,0,0,0,0,0.0,0.0,0.0,0.0,0,0,0,0,0,0.00,0.00,0.00,0.00,49,-2148,8302,0,2148,518,P.M.Sarr,MID,19,TOT,AVL
519,2,4,0,False,2026-08-22T16:30:00Z,3,0,1,False,45,0,0,0,2,0,0,0,1,0,0,0,1,0.0,5.5,1.0,0.5,0,2,1,3,1,0.02,0.06,0.08,1.70,55,0,26860,0,0,519,Gallagher,MID,19,TOT,BRE
519,15,17,0,True,2026-08-29T16:30:00Z,0,2,2,False,0,0,0,0,0,0,0,0,0,0,0,0,0,0.0,0.0,0.0,0.0,0,0,0,0,0,0.00,0.00,0.00,0.00,55,-3439,27438,1208,4647,519,Gallagher,MID,19,TOT,NEW
519,28,18,3,False,2026-09-05T14:00:00Z,0,0,3,False,83,0,0,1,0,0,0,0,0,0,0,0,23,10.2,4.4,2.0,1.7,1,6,4,11,1,0.00,0.06,0.06,0.88,54,-5563,22380,1024,6587,519,Gallagher,MID,19,TOT,NFO
519,37,9,0,True,2026-09-12T16:30:00Z,0,0,4,False,0,0,0,0,0,0,0,0,0,0,0,0,0,0.0,0.0,0.0,0.0,0,0,0,0,0,0.00,0.00,0.00,0.00,54,-1744,21226,812,2556,519,Gallagher,MID,19,TOT,EVE
519,48,2,6,True,2026-09-19T11:30:00Z,2,3,5,False,6,1,0,0,0,0,0,0,0,0,0,0,24,38.4,2.3,33.0,7.4,0,1,3,4,0,0.35,0.00,0.35,0.07,53,-1786,19752,812,2598,519,Gallagher,MID,19,TOT,AVL
520,2,4,1,False,2026-08-22T16:30:00Z,3,0,1,False,45,0,0,0,2,0,0,0,0,0,0,0,2,0.0,2.0,2.0,0.0,0,7,1,8,1,0.00,0.01,0.01,1.70,55,0,18443,0,0,520,Bergvall,MID,19,TOT,BRE
520,15,17,0,True,2026-08-29T16:30:00Z,0,2,2,False,0,0,0,0,0,0,0,0,0,0,0,0,0,0.0,0.0,0.0,0.0,0,0,0,0,0,0.00,0.00,0.00,0.00,55,-1564,20234,635,2199,520,Bergvall,MID,19,TOT,NEW
520,28,18,0,False,2026-09-05T14:00:00Z,0,0,3,False,0,0,0,0,0,0,0,0,0,0,0,0,0,0.0,0.0,0.0,0.0,0,0,0,0,0,0.00,0.00,0.00,0.00,54,-3012,17646,482,3494,520,Bergvall,MID,19,TOT,NFO
520,37,9,1,True,2026-09-12T16:30:00Z,0,0,4,False,27,0,0,0,0,0,0,0,0,0,0,0,8,8.0,7.9,7.0,2.3,1,2,1,4,0,0.06,0.25,0.31,0.44,54,-1664,16379,319,1983,520,Bergvall,MID,19,TOT,EVE
520,48,2,1,True,2026-09-19T11:30:00Z,2,3,5,False,6,0,0,0,0,0,0,0,0,0,0,0,3,3.0,0.9,2.0,0.6,0,0,1,1,0,0.00,0.01,0.01,0.07,54,-913,15731,344,1257,520,Bergvall,MID,19,TOT,AVL
521,2,4,0,False,2026-08-22T16:30:00Z,3,0,1,False,0,0,0,0,0,0,0,0,0,0,0,0,0,0.0,0.0,0.0,0.0,0,0,0,0,0,0.00,0.00,0.00,0.00,65,0,949,0,0,521,Kulusevski,MID,19,TOT,BRE
521,15,17,0,True,2026-08-29T16:30:00Z,0,2,2,False,0,0,0,0,0,0,0,0,0,0,0,0,0,0.0,0.0,0.0,0.0,0,0,0,0,0,0.00,0.00,0.00,0.00,65,-166,939,75,241,521,Kulusevski,MID,19,TOT,NEW
521,28,18,0,False,2026-09-05T14:00:00Z,0,0,3,False,0,0,0,0,0,0,0,0,0,0,0,0,0,0.0,0.0,0.0,0.0,0,0,0,0,0,0.00,0.00,0.00,0.00,65,-90,912,87,177,521,Kulusevski,MID,19,TOT,NFO
521,37,9,0,True,2026-09-12T16:30:00Z,0,0,4,False,0,0,0,0,0,0,0,0,0,0,0,0,0,0.0,0.0,0.0,0.0,0,0,0,0,0,0.00,0.00,0.00,0.00,65,-73,894,81,154,521,Kulusevski,MID,19,TOT,EVE
521,48,2,0,True,2026-09-19T11:30:00Z,2,3,5,False,0,0,0,0,0,0,0,0,0,0,0,0,0,0.0,0.0,0.0,0.0,0,0,0,0,0,0.00,0.00,0.00,0.00,65,-30,892,63,93,521,Kulusevski,MID,19,TOT,AVL
522,2,4,2,False,2026-08-22T16:30:00Z,3,0,1,False,85,0,0,0,3,0,0,0,0,0,0,0,15,6.2,3.3,0.0,1.0,2,2,1,5,1,0.00,0.01,0.01,3.43,50,0,19767,0,0,522,Gray,MID,19,TOT,BRE
522,15,17,2,True,2026-08-29T16:30:00Z,0,2,2,False,67,0,0,0,1,0,0,0,0,0,0,0,9,1.8,1.5,0.0,0.3,3,3,0,6,1,0.00,0.00,0.00,0.48,50,-833,22329,1711,2544,522,Gray,MID,19,TOT,NEW
522,28,18,0,False,2026-09-05T14:00:00Z,0,0,3,False,0,0,0,0,0,0,0,0,0,0,0,0,0,0.0,0.0,0.0,0.0,0,0,0,0,0,0.00,0.00,0.00,0.00,50,-1885,21616,2161,4046,522,Gray,MID,19,TOT,NFO
522,37,9,3,True,2026-09-12T16:30:00Z,0,0,4,False,84,0,0,1,0,0,0,0,0,0,0,0,13,9.6,6.7,10.0,2.6,4,5,2,11,1,0.09,0.03,0.12,1.08,50,-2439,19703,876,3315,522,Gray,MID,19,TOT,EVE
522,48,2,2,True,2026-09-19T11:30:00Z,2,3,5,False,71,0,0,0,3,0,0,0,0,0,0,0,14,10.8,3.1,17.0,3.1,1,2,2,5,0,0.14,0.01,0.15,1.12,49,-637,19727,1629,2266,522,Gray,MID,19,TOT,AVL
523,2,4,2,False,2026-08-22T16:30:00Z,3,0,1,False,67,0,0,0,3,0,0,0,0,0,0,0,10,14.2,5.9,55.0,7.5,0,1,1,2,1,0.38,0.02,0.40,3.02,50,0,17505,0,0,523,Moore,MID,19,TOT,BRE
523,15,17,1,True,2026-08-29T16:30:00Z,0,2,2,False,22,0,0,0,1,0,0,0,0,0,0,0,1,0.0,0.4,1.0,0.0,0,1,0,1,0,0.02,0.00,0.02,0.24,50,-107,19021,2419,2526,523,Moore,MID,19,TOT,NEW
523,28,18,0,False,2026-09-05T14:00:00Z,0,0,3,False,0,0,0,0,0,0,0,0,0,0,0,0,0,0.0,0.0,0.0,0.0,0,0,0,0,0,0.00,0.00,0.00,0.00,50,-5650,13268,839,6489,523,Moore,MID,19,TOT,NFO
523,37,9,0,True,2026-09-12T16:30:00Z,0,0,4,False,0,0,0,0,0,0,0,0,0,0,0,0,0,0.0,0.0,0.0,0.0,0,0,0,0,0,0.00,0.00,0.00,0.00,50,-5490,8137,0,5490,523,Moore,MID,19,TOT,EVE
523,48,2,0,True,2026-09-19T11:30:00Z,2,3,5,False,0,0,0,0,0,0,0,0,0,0,0,0,0,0.0,0.0,0.0,0.0,0,0,0,0,0,0.00,0.00,0.00,0.00,50,-1980,6388,0,1980,523,Moore,MID,19,TOT,AVL
524,2,4,0,False,2026-08-22T16:30:00Z,3,0,1,False,0,0,0,0,0,0,0,0,0,0,0,0,0,0.0,0.0,0.0,0.0,0,0,0,0,0,0.00,0.00,0.00,0.00,45,0,79913,0,0,524,Olusesi,MID,19,TOT,BRE
524,15,17,0,True,2026-08-29T16:30:00Z,0,2,2,False,0,0,0,0,0,0,0,0,0,0,0,0,0,0.0,0.0,0.0,0.0,0,0,0,0,0,0.00,0.00,0.00,0.00,45,-7298,79923,2014,9312,524,Olusesi,MID,19,TOT,NEW
524,28,18,0,False,2026-09-05T14:00:00Z,0,0,3,False,0,0,0,0,0,0,0,0,0,0,0,0,0,0.0,0.0,0.0,0.0,0,0,0,0,0,0.00,0.00,0.00,0.00,45,-7853,72776,1613,9466,524,Olusesi,MID,19,TOT,NFO
524,37,9,0,True,2026-09-12T16:30:00Z,0,0,4,False,0,0,0,0,0,0,0,0,0,0,0,0,0,0.0,0.0,0.0,0.0,0,0,0,0,0,0.00,0.00,0.00,0.00,44,5676,93913,13763,8087,524,Olusesi,MID,19,TOT,EVE
524,48,2,0,True,2026-09-19T11:30:00Z,2,3,5,False,0,0,0,0,0,0,0,0,0,0,0,0,0,0.0,0.0,0.0,0.0,0,0,0,0,0,0.00,0.00,0.00,0.00,44,17246,117471,32226,14980,524,Olusesi,MID,19,TOT,AVL
525,2,4,1,False,2026-08-22T16:30:00Z,3,0,1,False,45,0,0,0,1,0,0,0,0,0,0,0,16,7.2,27.2,2.0,3.6,0,1,1,2,0,0.00,0.06,0.06,2.18,60,0,178624,0,0,525,Fernandes,MID,19,TOT,BRE
525,15,17,2,True,2026-08-29T16:30:00Z,0,2,2,False,90,0,0,0,2,0,0,0,0,0,0,0,18,14.0,46.3,1.0,6.1,0,5,3,8,1,0.01,0.17,0.18,0.72,60,-26800,160253,4529,31329,525,Fernandes,MID,19,TOT,NEW
525,28,18,0,False,2026-09-05T14:00:00Z,0,0,3,False,7,0,0,0,0,0,0,0,1,0,0,0,-1,0.0,0.4,0.0,0.0,0,0,0,0,0,0.00,0.00,0.00,0.04,59,-38063,123903,4942,43005,525,Fernandes,MID,19,TOT,NFO
525,37,9,3,True,2026-09-12T16:30:00Z,0,0,4,False,62,0,0,1,0,0,0,0,0,0,0,0,15,3.0,13.0,22.0,3.8,0,2,2,4,1,0.11,0.03,0.14,0.67,58,-27969,98672,1839,29808,525,Fernandes,MID,19,TOT,EVE
525,48,2,1,True,2026-09-19T11:30:00Z,2,3,5,False,45,0,0,0,1,0,0,0,0,0,0,0,2,0.0,5.7,9.0,1.1,2,4,1,7,1,0.07,0.02,0.09,0.82,58,-11274,89133,2671,13945,525,Fernandes,MID,19,TOT,AVL
526,2,4,1,False,2026-08-22T16:30:00Z,3,0,1,False,22,0,0,0,0,0,0,0,0,0,0,0,3,0.0,0.0,5.0,0.5,0,0,0,0,0,0.07,0.00,0.07,0.85,60,0,126667,0,0,526,Solanke,FWD,19,TOT,BRE
526,15,17,1,True,2026-08-29T16:30:00Z,0,2,2,False,15,0,0,0,0,0,0,0,0,0,0,0,6,3.2,0.3,6.0,1.0,0,0,0,0,0,0.20,0.00,0.20,0.00,60,-12606,131276,8212,20818,526,Solanke,FWD,19,TOT,NEW
526,28,18,1,False,2026-09-05T14:00:00Z,0,0,3,False,6,0,0,0,0,0,0,0,0,0,0,0,-1,0.0,0.3,4.0,0.4,1,0,0,1,0,0.17,0.00,0.17,0.04,59,-27806,106592,7532,35338,526,Solanke,FWD,19,TOT,NFO
526,37,9,2,True,2026-09-12T16:30:00Z,0,0,4,False,62,0,0,1,0,0,0,0,0,0,0,0,4,0.0,4.3,6.0,0.8,0,2,0,2,1,0.00,0.01,0.01,0.67,59,-14059,96682,5756,19815,526,Solanke,FWD,19,TOT,EVE
526,48,2,2,True,2026-09-19T11:30:00Z,2,3,5,False,65,0,0,0,1,0,0,0,0,0,0,0,9,5.2,12.6,16.0,3.4,1,3,2,6,1,0.12,0.00,0.12,1.01,58,-7033,92077,6047,13080,526,Solanke,FWD,19,TOT,AVL
527,2,4,2,False,2026-08-22T16:30:00Z,3,0,1,False,67,0,0,0,3,0,0,0,0,0,0,0,6,0.0,2.2,0.0,0.2,1,0,0,1,1,0.00,0.00,0.00,3.02,60,0,283639,0,0,527,Richarlison,FWD,19,TOT,BRE
527,15,17,0,True,2026-08-29T16:30:00Z,0,2,2,False,0,0,0,0,0,0,0,0,0,0,0,0,0,0.0,0.0,0.0,0.0,0,0,0,0,0,0.00,0.00,0.00,0.00,60,-31748,275481,14723,46471,527,Richarlison,FWD,19,TOT,NEW
527,28,18,0,False,2026-09-05T14:00:00Z,0,0,3,False,0,0,0,0,0,0,0,0,0,0,0,0,0,0.0,0.0,0.0,0.0,0,0,0,0,0,0.00,0.00,0.00,0.00,59,-117513,153916,6716,124229,527,Richarlison,FWD,19,TOT,NFO
527,37,9,0,True,2026-09-12T16:30:00Z,0,0,4,False,0,0,0,0,0,0,0,0,0,0,0,0,0,0.0,0.0,0.0,0.0,0,0,0,0,0,0.00,0.00,0.00,0.00,59,-69368,94527,0,69368,527,Richarlison,FWD,19,TOT,EVE
527,48,2,0,True,2026-09-19T11:30:00Z,2,3,5,False,0,0,0,0,0,0,0,0,0,0,0,0,0,0.0,0.0,0.0,0.0,0,0,0,0,0,0.00,0.00,0.00,0.00,59,-22415,74547,0,22415,527,Richarlison,FWD,19,TOT,AVL
528,2,4,0,False,2026-08-22T16:30:00Z,3,0,1,False,0,0,0,0,0,0,0,0,0,0,0,0,0,0.0,0.0,0.0,0.0,0,0,0,0,0,0.00,0.00,0.00,0.00,45,0,149807,0,0,528,Scarlett,FWD,19,TOT,BRE
528,15,17,0,True,2026-08-29T16:30:00Z,0,2,2,False,0,0,0,0,0,0,0,0,0,0,0,0,0,0.0,0.0,0.0,0.0,0,0,0,0,0,0.00,0.00,0.00,0.00,45,-3996,172295,13184,17180,528,Scarlett,FWD,19,TOT,NEW
528,28,18,0,False,2026-09-05T14:00:00Z,0,0,3,False,0,0,0,0,0,0,0,0,0,0,0,0,0,0.0,0.0,0.0,0.0,0,0,0,0,0,0.00,0.00,0.00,0.00,45,-5408,178567,29341,34749,528,Scarlett,FWD,19,TOT,NFO
528,37,9,0,True,2026-09-12T16:30:00Z,0,0,4,False,0,0,0,0,0,0,0,0,0,0,0,0,0,0.0,0.0,0.0,0.0,0,0,0,0,0,0.00,0.00,0.00,0.00,45,-31099,142066,0,31099,528,Scarlett,FWD,19,TOT,EVE
528,48,2,0,True,2026-09-19T11:30:00Z,2,3,5,False,0,0,0,0,0,0,0,0,0,0,0,0,0,0.0,0.0,0.0,0.0,0,0,0,0,0,0.00,0.00,0.00,0.00,45,-18539,125898,0,18539,528,Scarlett,FWD,19,TOT,AVL
578,10,10,0,False,2026-08-24T19:00:00Z,2,3,1,False,0,0,0,0,0,0,0,0,0,0,0,0,0,0.0,0.0,0.0,0.0,0,0,0,0,0,0.00,0.00,0.00,0.00,55,0,3847,0,0,578,Mudryk,MID,19,TOT,FUL
578,16,5,0,True,2026-08-30T13:00:00Z,4,3,2,False,0,0,0,0,0,0,0,0,0,0,0,0,0,0.0,0.0,0.0,0.0,0,0,0,0,0,0.00,0.00,0.00,0.00,55,-742,4222,234,976,578,Mudryk,MID,19,TOT,BHA
578,28,18,1,False,2026-09-05T14:00:00Z,0,0,3,False,16,0,0,0,0,0,0,0,0,0,0,0,3,0.0,0.1,2.0,0.1,0,0,0,0,0,0.00,0.00,0.00,0.16,54,1892,7171,3534,1642,578,Mudryk,MID,19,TOT,NFO
578,37,9,0,True,2026-09-12T16:30:00Z,0,0,4,False,0,0,0,0,0,0,0,0,0,0,0,0,0,0.0,0.0,0.0,0.0,0,0,0,0,0,0.00,0.00,0.00,0.00,54,-670,6691,1620,2290,578,Mudryk,MID,19,TOT,EVE
578,48,2,0,True,2026-09-19T11:30:00Z,2,3,5,False,0,0,0,0,0,0,0,0,0,0,0,0,0,0.0,0.0,0.0,0.0,0,0,0,0,0,0.00,0.00,0.00,0.00,54,-2108,4612,32,2140,578,Mudryk,MID,19,TOT,AVL
601,2,4,0,False,2026-08-22T16:30:00Z,3,0,1,False,0,0,0,0,0,0,0,0,0,0,0,0,0,0.0,0.0,0.0,0.0,0,0,0,0,0,0.00,0.00,0.00,0.00,45,0,0,0,0,601,Williams-Barnett,MID,19,TOT,BRE
601,15,17,0,True,2026-08-29T16:30:00Z,0,2,2,False,0,0,0,0,0,0,0,0,0,0,0,0,0,0.0,0.0,0.0,0.0,0,0,0,0,0,0.00,0.00,0.00,0.00,45,2052,7704,2636,584,601,Williams-Barnett,MID,19,TOT,NEW
601,28,18,0,False,2026-09-05T14:00:00Z,0,0,3,False,0,0,0,0,0,0,0,0,0,0,0,0,0,0.0,0.0,0.0,0.0,0,0,0,0,0,0.00,0.00,0.00,0.00,45,2301,13933,4467,2166,601,Williams-Barnett,MID,19,TOT,NFO
601,37,9,0,True,2026-09-12T16:30:00Z,0,0,4,False,0,0,0,0,0,0,0,0,0,0,0,0,0,0.0,0.0,0.0,0.0,0,0,0,0,0,0.00,0.00,0.00,0.00,45,403,14941,2324,1921,601,Williams-Barnett,MID,19,TOT,EVE
601,48,2,0,True,2026-09-19T11:30:00Z,2,3,5,False,0,0,0,0,0,0,0,0,0,0,0,0,0,0.0,0.0,0.0,0.0,0,0,0,0,0,0.00,0.00,0.00,0.00,45,-957,13898,655,1612,601,Williams-Barnett,MID,19,TOT,AVL
501,2,4,0,False,2026-08-22T16:30:00Z,3,0,1,False,0,0,0,0,0,0,0,0,0,0,0,0,0,0.0,0.0,0.0,0.0,0,0,0,0,0,0.00,0.00,0.00,0.00,50,0,15516,0,0,501,Danso,DEF,20,SUN,BRE
501,15,17,0,True,2026-08-29T16:30:00Z,0,2,2,False,0,0,0,0,0,0,0,0,0,0,0,0,0,0.0,0.0,0.0,0.0,0,0,0,0,0,0.00,0.00,0.00,0.00,50,-1412,17484,1020,2432,501,Danso,DEF,20,SUN,NEW
501,22,4,2,False,2026-09-05T14:00:00Z,1,1,3,False,90,0,0,0,1,0,0,0,0,0,0,0,9,20.8,10.9,0.0,3.2,7,3,1,8,1,0.00,0.08,0.08,1.21,50,-2005,16199,1307,3312,501,Danso,DEF,20,SUN,BRE
501,36,1,1,True,2026-09-12T19:00:00Z,0,2,4,False,90,0,0,0,2,0,0,0,0,0,0,0,6,16.8,11.0,2.0,3.0,4,3,0,4,1,0.00,0.08,0.08,1.88,50,-179,16781,1568,1747,501,Danso,DEF,20,SUN,ARS
501,45,15,0,False,2026-09-20T13:00:00Z,5,3,5,False,90,0,0,0,5,0,0,0,0,0,0,0,-8,17.6,11.0,19.0,4.8,8,5,0,8,1,0.07,0.01,0.08,2.82,50,-16,17126,1530,1546,501,Danso,DEF,20,SUN,MCI
529,5,12,1,False,2026-08-22T14:00:00Z,2,1,1,False,90,0,0,0,2,0,0,0,0,0,1,0,7,15.2,0.0,0.0,1.5,1,8,0,0,1,0.00,0.00,0.00,1.80,50,0,397315,0,0,529,Roefs,GK,20,SUN,IPS
529,19,10,6,True,2026-08-30T13:00:00Z,1,0,2,False,90,0,0,1,0,0,0,0,0,0,0,0,22,4.0,0.0,0.0,0.4,2,7,0,0,1,0.00,0.00,0.00,0.95,50,-25568,389022,4766,30334,529,Roefs,GK,20,SUN,FUL
529,22,4,2,False,2026-09-05T14:00:00Z,1,1,3,False,90,0,0,0,1,0,0,0,0,0,1,0,11,12.6,0.0,0.0,1.3,1,13,0,0,1,0.00,0.00,0.00,1.21,50,-38987,342137,10237,49224,529,Roefs,GK,20,SUN,BRE
529,36,1,2,True,2026-09-12T19:00:00Z,0,2,4,False,90,0,0,0,2,0,0,0,0,0,3,0,9,27.2,0.0,0.0,2.7,1,3,0,0,1,0.00,0.00,0.00,1.88,50,-47961,301456,2287,50248,529,Roefs,GK,20,SUN,ARS
529,45,15,0,False,2026-09-20T13:00:00Z,5,3,5,False,90,0,0,0,5,0,0,0,0,0,1,0,-8,14.4,0.0,0.0,1.4,2,4,0,0,1,0.00,0.01,0.01,2.82,49,-33760,271819,2559,36319,529,Roefs,GK,20,SUN,MCI
530,5,12,0,False,2026-08-22T14:00:00Z,2,1,1,False,0,0,0,0,0,0,0,0,0,0,0,0,0,0.0,0.0,0.0,0.0,0,0,0,0,0,0.00,0.00,0.00,0.00,40,0,18557,0,0,530,Patterson,GK,20,SUN,IPS
530,19,10,0,True,2026-08-30T13:00:00Z,1,0,2,False,0,0,0,0,0,0,0,0,0,0,0,0,0,0.0,0.0,0.0,0.0,0,0,0,0,0,0.00,0.00,0.00,0.00,40,-2307,16075,0,2307,530,Patterson,GK,20,SUN,FUL
530,22,4,0,False,2026-09-05T14:00:00Z,1,1,3,False,0,0,0,0,0,0,0,0,0,0,0,0,0,0.0,0.0,0.0,0.0,0,0,0,0,0,0.00,0.00,0.00,0.00,40,-1616,14484,0,1616,530,Patterson,GK,20,SUN,BRE
530,36,1,0,True,2026-09-12T19:00:00Z,0,2,4,False,0,0,0,0,0,0,0,0,0,0,0,0,0,0.0,0.0,0.0,0.0,0,0,0,0,0,0.00,0.00,0.00,0.00,40,-986,13568,0,986,530,Patterson,GK,20,SUN,ARS
530,45,15,0,False,2026-09-20T13:00:00Z,5,3,5,False,0,0,0,0,0,0,0,0,0,0,0,0,0,0.0,0.0,0.0,0.0,0,0,0,0,0,0.00,0.00,0.00,0.00,40,-743,12868,0,743,530,Patterson,GK,20,SUN,MCI
531,5,12,0,False,2026-08-22T14:00:00Z,2,1,1,False,0,0,0,0,0,0,0,0,0,0,0,0,0,0.0,0.0,0.0,0.0,0,0,0,0,0,0.00,0.00,0.00,0.00,45,0,8630,0,0,531,Ellborg,GK,20,SUN,IPS
531,19,10,0,True,2026-08-30T13:00:00Z,1,0,2,False,0,0,0,0,0,0,0,0,0,0,0,0,0,0.0,0.0,0.0,0.0,0,0,0,0,0,0.00,0.00,0.00,0.00,45,-645,8877,209,854,531,Ellborg,GK,20,SUN,FUL
531,22,4,0,False,2026-09-05T14:00:00Z,1,1,3,False,0,0,0,0,0,0,0,0,0,0,0,0,0,0.0,0.0,0.0,0.0,0,0,0,0,0,0.00,0.00,0.00,0.00,45,-546,8803,405,951,531,Ellborg,GK,20,SUN,BRE
531,36,1,0,True,2026-09-12T19:00:00Z,0,2,4,False,0,0,0,0,0,0,0,0,0,0,0,0,0,0.0,0.0,0.0,0.0,0,0,0,0,0,0.00,0.00,0.00,0.00,45,-491,8559,235,726,531,Ellborg,GK,20,SUN,ARS
531,45,15,0,False,2026-09-20T13:00:00Z,5,3,5,False,0,0,0,0,0,0,0,0,0,0,0,0,0,0.0,0.0,0.0,0.0,0,0,0,0,0,0.00,0.00,0.00,0.00,45,-360,8450,190,550,531,Ellborg,GK,20,SUN,MCI
532,5,12,0,False,2026-08-22T14:00:00Z,2,1,1,False,90,0,0,0,2,0,0,0,1,0,0,0,4,18.2,1.2,0.0,1.9,7,0,2,9,1,0.00,0.01,0.01,1.80,50,0,518741,0,0,532,Ballard,DEF,20,SUN,IPS
532,19,10,8,True,2026-08-30T13:00:00Z,1,0,2,False,90,0,0,1,0,0,0,0,0,0,0,0,27,23.6,1.2,7.0,3.2,9,1,1,10,1,0.03,0.00,0.03,0.95,50,-36906,495946,12798,49704,532,Ballard,DEF,20,SUN,FUL
532,22,4,4,False,2026-09-05T14:00:00Z,1,1,3,False,90,0,0,0,1,0,0,0,0,0,0,0,12,25.0,10.3,8.0,4.3,8,5,2,10,1,0.06,0.14,0.20,1.21,50,-79167,398900,15628,94795,532,Ballard,DEF,20,SUN,BRE
532,36,1,0,True,2026-09-12T19:00:00Z,0,2,4,False,90,0,0,0,2,0,0,0,1,0,0,0,0,9.0,10.8,9.0,2.9,5,3,1,6,1,0.08,0.01,0.09,1.88,49,-96106,317274,7170,103276,532,Ballard,DEF,20,SUN,ARS
532,45,15,2,False,2026-09-20T13:00:00Z,5,3,5,False,90,0,0,0,5,0,0,0,0,0,0,0,-12,28.4,0.3,11.0,4.0,10,3,4,14,1,0.14,0.00,0.14,2.82,49,-46490,279291,6303,52793,532,Ballard,DEF,20,SUN,MCI
533,5,12,0,False,2026-08-22T14:00:00Z,2,1,1,False,0,0,0,0,0,0,0,0,0,0,0,0,0,0.0,0.0,0.0,0.0,0,0,0,0,0,0.00,0.00,0.00,0.00,55,0,257772,0,0,533,Mukiele,DEF,20,SUN,IPS
533,19,10,9,True,2026-08-30T13:00:00Z,1,0,2,False,90,0,0,1,0,0,0,0,0,0,0,1,28,42.6,8.0,2.0,5.3,17,4,2,19,1,0.00,0.01,0.01,0.95,55,-32999,244003,5588,38587,533,Mukiele,DEF,20,SUN,FUL
533,22,4,4,False,2026-09-05T14:00:00Z,1,1,3,False,90,0,0,0,1,0,0,0,0,0,0,0,16,32.4,5.0,0.0,3.7,10,6,4,14,1,0.00,0.02,0.02,1.21,55,-3387,247977,21418,24805,533,Mukiele,DEF,20,SUN,BRE
533,36,1,0,True,2026-09-12T19:00:00Z,0,2,4,False,90,0,0,0,2,0,0,0,1,0,0,0,-5,10.4,4.9,46.0,6.1,3,3,3,6,1,0.70,0.02,0.72,1.88,55,-21852,227847,6912,28764,533,Mukiele,DEF,20,SUN,ARS
533,45,15,0,False,2026-09-20T13:00:00Z,5,3,5,False,90,0,0,0,5,0,0,0,0,0,0,0,5,30.2,30.5,11.0,7.2,5,3,4,9,1,0.05,0.23,0.28,2.82,54,-23536,207085,5413,28949,533,Mukiele,DEF,20,SUN,MCI
534,5,12,2,False,2026-08-22T14:00:00Z,2,1,1,False,79,0,0,0,1,0,0,0,0,0,0,0,14,9.4,39.4,13.0,6.2,1,6,3,4,1,0.04,0.27,0.31,1.69,45,0,641436,0,0,534,Hume,DEF,20,SUN,IPS
534,19,10,6,True,2026-08-30T13:00:00Z,1,0,2,False,90,0,0,1,0,0,0,0,0,0,0,0,24,18.6,19.1,2.0,4.0,2,4,4,6,1,0.00,0.01,0.01,0.95,45,-23752,631620,13619,37371,534,Hume,DEF,20,SUN,FUL
534,22,4,1,False,2026-09-05T14:00:00Z,1,1,3,False,26,0,0,0,0,0,0,0,0,0,0,0,8,3.8,0.1,0.0,0.4,0,2,2,2,0,0.00,0.00,0.00,0.45,45,-68992,528010,17561,86553,534,Hume,DEF,20,SUN,BRE
534,36,1,0,True,2026-09-12T19:00:00Z,0,2,4,False,0,0,0,0,0,0,0,0,0,0,0,0,0,0.0,0.0,0.0,0.0,0,0,0,0,0,0.00,0.00,0.00,0.00,44,-149674,392084,3636,153310,534,Hume,DEF,20,SUN,ARS
534,45,15,1,False,2026-09-20T13:00:00Z,5,3,5,False,11,0,0,0,1,0,0,0,0,0,0,0,-2,0.4,0.4,8.0,0.9,0,0,1,1,0,0.10,0.01,0.11,1.48,44,-88631,317533,1810,90441,534,Hume,DEF,20,SUN,MCI
535,5,12,1,False,2026-08-22T14:00:00Z,2,1,1,False,23,0,0,0,1,0,0,0,0,0,0,0,2,0.0,0.6,0.0,0.0,0,2,0,0,0,0.00,0.01,0.01,0.10,50,0,41929,0,0,535,Alderete,DEF,20,SUN,IPS
535,19,10,0,True,2026-08-30T13:00:00Z,1,0,2,False,0,0,0,0,0,0,0,0,0,0,0,0,0,0.0,0.0,0.0,0.0,0,0,0,0,0,0.00,0.00,0.00,0.00,50,-2667,43620,2597,5264,535,Alderete,DEF,20,SUN,FUL
535,22,4,0,False,2026-09-05T14:00:00Z,1,1,3,False,0,0,0,0,0,0,0,0,0,0,0,0,0,0.0,0.0,0.0,0.0,0,0,0,0,0,0.00,0.00,0.00,0.00,50,-8564,35107,1476,10040,535,Alderete,DEF,20,SUN,BRE
535,36,1,0,True,2026-09-12T19:00:00Z,0,2,4,False,0,0,0,0,0,0,0,0,0,0,0,0,0,0.0,0.0,0.0,0.0,0,0,0,0,0,0.00,0.00,0.00,0.00,49,-6355,29356,401,6756,535,Alderete,DEF,20,SUN,ARS
535,45,15,0,False,2026-09-20T13:00:00Z,5,3,5,False,0,0,0,0,0,0,0,0,0,0,0,0,0,0.0,0.0,0.0,0.0,0,0,0,0,0,0.00,0.00,0.00,0.00,49,-3936,25847,280,4216,535,Alderete,DEF,20,SUN,MCI
536,5,12,1,False,2026-08-22T14:00:00Z,2,1,1,False,90,0,0,0,2,0,0,0,0,0,0,0,9,23.0,27.5,4.0,5.5,5,5,3,8,1,0.00,0.29,0.29,1.80,45,0,43515,0,0,536,Reinildo,DEF,20,SUN,IPS
536,19,10,6,True,2026-08-30T13:00:00Z,1,0,2,False,90,0,0,1,0,0,0,0,0,0,0,0,26,16.4,6.0,2.0,2.4,6,3,1,7,1,0.00,0.01,0.01,0.95,45,-2603,44204,975,3578,536,Reinildo,DEF,20,SUN,FUL
536,22,4,2,False,2026-09-05T14:00:00Z,1,1,3,False,90,0,0,0,1,0,0,0,0,0,0,0,14,14.4,1.5,0.0,1.6,4,7,3,7,1,0.00,0.01,0.01,1.21,45,-2351,41923,1972,4323,536,Reinildo,DEF,20,SUN,BRE
536,36,1,-2,True,2026-09-12T19:00:00Z,0,2,4,False,90,0,0,0,2,0,0,0,0,1,0,0,-12,0.0,1.4,0.0,0.0,6,3,1,7,1,0.00,0.01,0.01,1.09,45,-4352,37836,780,5132,536,Reinildo,DEF,20,SUN,ARS
536,45,15,0,False,2026-09-20T13:00:00Z,5,3,5,False,0,0,0,0,0,0,0,0,0,0,0,0,0,0.0,0.0,0.0,0.0,0,0,0,0,0,0.00,0.00,0.00,0.00,45,-9631,28357,136,9767,536,Reinildo,DEF,20,SUN,MCI
537,5,12,0,False,2026-08-22T14:00:00Z,2,1,1,False,0,0,0,0,0,0,0,0,0,0,0,0,0,0.0,0.0,0.0,0.0,0,0,0,0,0,0.00,0.00,0.00,0.00,45,0,941,0,0,537,Seelt,DEF,20,SUN,IPS
537,19,10,0,True,2026-08-30T13:00:00Z,1,0,2,False,0,0,0,0,0,0,0,0,0,0,0,0,0,0.0,0.0,0.0,0.0,0,0,0,0,0,0.00,0.00,0.00,0.00,45,-69,1055,58,127,537,Seelt,DEF,20,SUN,FUL
537,22,4,0,False,2026-09-05T14:00:00Z,1,1,3,False,0,0,0,0,0,0,0,0,0,0,0,0,0,0.0,0.0,0.0,0.0,0,0,0,0,0,0.00,0.00,0.00,0.00,45,-357,701,3,360,537,Seelt,DEF,20,SUN,BRE
537,36,1,0,True,2026-09-12T19:00:00Z,0,2,4,False,0,0,0,0,0,0,0,0,0,0,0,0,0,0.0,0.0,0.0,0.0,0,0,0,0,0,0.00,0.00,0.00,0.00,45,-100,612,0,100,537,Seelt,DEF,20,SUN,ARS
537,45,15,0,False,2026-09-20T13:00:00Z,5,3,5,False,0,0,0,0,0,0,0,0,0,0,0,0,0,0.0,0.0,0.0,0.0,0,0,0,0,0,0.00,0.00,0.00,0.00,45,-55,566,0,55,537,Seelt,DEF,20,SUN,MCI
538,5,12,0,False,2026-08-22T14:00:00Z,2,1,1,False,0,0,0,0,0,0,0,0,0,0,0,0,0,0.0,0.0,0.0,0.0,0,0,0,0,0,0.00,0.00,0.00,0.00,40,0,6220,0,0,538,Hjelde,DEF,20,SUN,IPS
538,19,10,0,True,2026-08-30T13:00:00Z,1,0,2,False,0,0,0,0,0,0,0,0,0,0,0,0,0,0.0,0.0,0.0,0.0,0,0,0,0,0,0.00,0.00,0.00,0.00,40,-990,5174,0,990,538,Hjelde,DEF,20,SUN,FUL
538,22,4,0,False,2026-09-05T14:00:00Z,1,1,3,False,0,0,0,0,0,0,0,0,0,0,0,0,0,0.0,0.0,0.0,0.0,0,0,0,0,0,0.00,0.00,0.00,0.00,40,-680,4484,0,680,538,Hjelde,DEF,20,SUN,BRE
538,36,1,0,True,2026-09-12T19:00:00Z,0,2,4,False,0,0,0,0,0,0,0,0,0,0,0,0,0,0.0,0.0,0.0,0.0,0,0,0,0,0,0.00,0.00,0.00,0.00,40,-403,4107,0,403,538,Hjelde,DEF,20,SUN,ARS
538,45,15,0,False,2026-09-20T13:00:00Z,5,3,5,False,0,0,0,0,0,0,0,0,0,0,0,0,0,0.0,0.0,0.0,0.0,0,0,0,0,0,0.00,0.00,0.00,0.00,40,-298,3843,0,298,538,Hjelde,DEF,20,SUN,MCI
539,5,12,1,False,2026-08-22T14:00:00Z,2,1,1,False,66,0,0,0,1,0,0,0,1,0,0,0,1,11.4,1.4,4.0,1.7,4,4,1,5,1,0.01,0.01,0.02,1.69,40,0,332959,0,0,539,O'Nien,DEF,20,SUN,IPS
539,19,10,0,True,2026-08-30T13:00:00Z,1,0,2,False,0,0,0,0,0,0,0,0,0,0,0,0,0,0.0,0.0,0.0,0.0,0,0,0,0,0,0.00,0.00,0.00,0.00,40,-12937,338160,4602,17539,539,O'Nien,DEF,20,SUN,FUL
539,22,4,0,False,2026-09-05T14:00:00Z,1,1,3,False,0,0,0,0,0,0,0,0,0,0,0,0,0,0.0,0.0,0.0,0.0,0,0,0,0,0,0.00,0.00,0.00,0.00,40,-27829,310001,5301,33130,539,O'Nien,DEF,20,SUN,BRE
539,36,1,0,True,2026-09-12T19:00:00Z,0,2,4,False,0,0,0,0,0,0,0,0,0,0,0,0,0,0.0,0.0,0.0,0.0,0,0,0,0,0,0.00,0.00,0.00,0.00,40,-31354,279659,2683,34037,539,O'Nien,DEF,20,SUN,ARS
539,45,15,0,False,2026-09-20T13:00:00Z,5,3,5,False,0,0,0,0,0,0,0,0,0,0,0,0,0,0.0,0.0,0.0,0.0,0,0,0,0,0,0.00,0.00,0.00,0.00,40,-23037,258432,2157,25194,539,O'Nien,DEF,20,SUN,MCI
540,5,12,0,False,2026-08-22T14:00:00Z,2,1,1,False,0,0,0,0,0,0,0,0,0,0,0,0,0,0.0,0.0,0.0,0.0,0,0,0,0,0,0.00,0.00,0.00,0.00,40,0,25578,0,0,540,Masuaku,DEF,20,SUN,IPS
540,19,10,0,True,2026-08-30T13:00:00Z,1,0,2,False,0,0,0,0,0,0,0,0,0,0,0,0,0,0.0,0.0,0.0,0.0,0,0,0,0,0,0.00,0.00,0.00,0.00,40,-4868,20421,0,4868,540,Masuaku,DEF,20,SUN,FUL
540,22,4,0,False,2026-09-05T14:00:00Z,1,1,3,False,0,0,0,0,0,0,0,0,0,0,0,0,0,0.0,0.0,0.0,0.0,0,0,0,0,0,0.00,0.00,0.00,0.00,40,-3070,17428,0,3070,540,Masuaku,DEF,20,SUN,BRE
540,36,1,0,True,2026-09-12T19:00:00Z,0,2,4,False,0,0,0,0,0,0,0,0,0,0,0,0,0,0.0,0.0,0.0,0.0,0,0,0,0,0,0.00,0.00,0.00,0.00,40,-1719,15823,0,1719,540,Masuaku,DEF,20,SUN,ARS
540,45,15,0,False,2026-09-20T13:00:00Z,5,3,5,False,0,0,0,0,0,0,0,0,0,0,0,0,0,0.0,0.0,0.0,0.0,0,0,0,0,0,0.00,0.00,0.00,0.00,40,-1276,14606,0,1276,540,Masuaku,DEF,20,SUN,MCI
541,5,12,1,False,2026-08-22T14:00:00Z,2,1,1,False,90,0,0,0,2,0,0,0,0,0,0,0,5,13.8,5.3,11.0,3.0,2,3,2,4,1,0.08,0.08,0.16,1.80,45,0,26928,0,0,541,Meunier,DEF,20,SUN,IPS
541,19,10,6,True,2026-08-30T13:00:00Z,1,0,2,False,90,0,0,1,0,0,0,0,0,0,0,0,27,22.6,20.0,9.0,5.2,8,5,0,8,1,0.02,0.05,0.07,0.95,45,-708,29834,1010,1718,541,Meunier,DEF,20,SUN,FUL
541,22,4,2,False,2026-09-05T14:00:00Z,1,1,3,False,63,0,0,0,1,0,0,0,0,0,0,0,0,5.2,1.5,6.0,1.3,2,0,0,2,1,0.11,0.00,0.11,0.76,45,301,30963,2639,2338,541,Meunier,DEF,20,SUN,BRE
541,36,1,2,True,2026-09-12T19:00:00Z,0,2,4,False,75,0,0,0,1,0,0,0,0,0,0,0,5,5.8,1.8,15.0,2.3,2,4,0,2,1,0.13,0.00,0.13,1.09,45,-1785,29243,781,2566,541,Meunier,DEF,20,SUN,ARS
541,45,15,3,False,2026-09-20T13:00:00Z,5,3,5,False,78,0,1,0,4,0,0,0,0,0,0,0,5,22.8,12.8,2.0,3.8,2,3,2,4,1,0.00,0.45,0.45,1.34,45,-1159,28358,971,2130,541,Meunier,DEF,20,SUN,MCI
542,5,12,2,False,2026-08-22T14:00:00Z,2,1,1,False,79,0,0,0,1,0,0,0,0,0,0,0,13,4.6,9.9,0.0,1.5,0,1,1,2,1,0.00,0.03,0.03,1.69,60,0,942702,0,0,542,E.Le Fée,MID,20,SUN,IPS
542,19,10,3,True,2026-08-30T13:00:00Z,1,0,2,False,89,0,0,1,0,0,0,0,0,0,0,0,13,3.4,21.2,30.0,5.5,1,4,1,6,1,0.37,0.17,0.54,0.86,60,-103724,853085,11386,115110,542,E.Le Fée,MID,20,SUN,FUL
542,22,4,8,False,2026-09-05T14:00:00Z,1,1,3,False,90,1,0,0,1,0,0,0,0,0,0,1,25,40.0,3.7,24.0,6.8,0,2,4,6,1,0.84,0.03,0.87,1.21,59,-256530,564317,7320,263850,542,E.Le Fée,MID,20,SUN,BRE
542,36,1,0,True,2026-09-12T19:00:00Z,0,2,4,False,90,0,0,0,2,0,0,1,0,0,0,0,6,6.8,29.7,26.0,6.3,0,4,0,4,1,0.85,0.59,1.44,1.88,58,-137433,448859,9125,146558,542,E.Le Fée,MID,20,SUN,ARS
542,45,15,5,False,2026-09-20T13:00:00Z,5,3,5,False,90,0,1,0,5,0,0,0,0,0,0,0,33,33.8,72.8,2.0,10.9,2,0,1,3,1,0.00,0.52,0.52,2.82,58,-95316,367322,5741,101057,542,E.Le Fée,MID,20,SUN,MCI
543,5,12,1,False,2026-08-22T14:00:00Z,2,1,1,False,10,0,0,0,1,0,0,0,0,0,0,0,3,0.4,0.6,2.0,0.3,0,0,0,0,0,0.03,0.00,0.03,0.10,55,0,6286,0,0,543,Diarra,MID,20,SUN,IPS
543,19,10,4,True,2026-08-30T13:00:00Z,1,0,2,False,18,0,1,0,0,0,0,0,0,0,0,0,15,15.2,10.3,0.0,2.6,0,0,0,0,0,0.00,0.16,0.16,0.02,55,-842,6801,335,1177,543,Diarra,MID,20,SUN,FUL
543,22,4,0,False,2026-09-05T14:00:00Z,1,1,3,False,0,0,0,0,0,0,0,0,0,0,0,0,0,0.0,0.0,0.0,0.0,0,0,0,0,0,0.00,0.00,0.00,0.00,55,-2142,4664,164,2306,543,Diarra,MID,20,SUN,BRE
543,36,1,0,True,2026-09-12T19:00:00Z,0,2,4,False,0,0,0,0,0,0,0,0,0,0,0,0,0,0.0,0.0,0.0,0.0,0,0,0,0,0,0.00,0.00,0.00,0.00,54,-1501,3263,27,1528,543,Diarra,MID,20,SUN,ARS
543,45,15,0,False,2026-09-20T13:00:00Z,5,3,5,False,0,0,0,0,0,0,0,0,0,0,0,0,0,0.0,0.0,0.0,0.0,0,0,0,0,0,0.00,0.00,0.00,0.00,54,-660,2684,12,672,543,Diarra,MID,20,SUN,MCI
544,5,12,9,False,2026-08-22T14:00:00Z,2,1,1,False,90,0,1,0,2,0,0,0,0,0,0,2,31,18.8,31.4,0.0,5.0,2,8,3,13,1,0.00,0.09,0.09,1.80,55,0,392611,0,0,544,Xhaka,MID,20,SUN,IPS
544,19,10,6,True,2026-08-30T13:00:00Z,1,0,2,False,90,0,0,1,0,0,0,0,0,0,0,3,29,20.4,57.9,0.0,7.8,1,6,0,7,1,0.00,0.36,0.36,0.95,55,24566,464299,42781,18215,544,Xhaka,MID,20,SUN,FUL
544,22,4,3,False,2026-09-05T14:00:00Z,1,1,3,False,90,0,0,0,1,0,0,0,1,0,0,0,12,15.2,20.5,3.0,3.9,4,9,2,15,1,0.06,0.12,0.18,1.21,55,-1951,475519,45125,47076,544,Xhaka,MID,20,SUN,BRE
544,36,1,1,True,2026-09-12T19:00:00Z,0,2,4,False,90,0,0,0,2,0,0,0,1,0,0,0,19,14.6,44.0,0.0,5.9,2,8,1,11,1,0.00,0.37,0.37,1.88,55,-37779,442948,23504,61283,544,Xhaka,MID,20,SUN,ARS
544,45,15,2,False,2026-09-20T13:00:00Z,5,3,5,False,90,0,0,0,5,0,0,0,0,0,0,0,25,24.6,37.3,0.0,6.2,3,2,3,8,1,0.00,0.38,0.38,2.82,55,-45393,405611,13122,58515,544,Xhaka,MID,20,SUN,MCI
545,5,12,2,False,2026-08-22T14:00:00Z,2,1,1,False,90,0,0,0,2,0,0,0,0,0,0,0,18,14.6,32.1,25.0,7.2,0,2,0,2,1,0.06,0.03,0.09,1.80,50,0,32634,0,0,545,Sadiki,MID,20,SUN,IPS
545,19,10,3,True,2026-08-30T13:00:00Z,1,0,2,False,90,0,0,1,0,0,0,0,0,0,0,0,21,18.4,7.8,6.0,3.2,6,2,3,11,1,0.02,0.02,0.04,0.95,50,-2332,32341,1165,3497,545,Sadiki,MID,20,SUN,FUL
545,22,4,1,False,2026-09-05T14:00:00Z,1,1,3,False,73,0,0,0,1,0,0,0,1,0,0,0,16,8.8,15.0,48.0,7.2,0,3,0,3,1,0.28,0.18,0.46,0.82,50,-3063,29609,1887,4950,545,Sadiki,MID,20,SUN,BRE
545,36,1,2,True,2026-09-12T19:00:00Z,0,2,4,False,90,0,0,0,2,0,0,0,0,0,0,0,11,11.0,1.3,1.0,1.3,4,3,3,10,1,0.04,0.00,0.04,1.88,49,-3819,26156,1090,4909,545,Sadiki,MID,20,SUN,ARS
545,45,15,2,False,2026-09-20T13:00:00Z,5,3,5,False,67,0,0,0,4,0,0,0,0,0,0,0,9,0.0,3.3,1.0,0.3,1,2,0,3,1,0.04,0.01,0.05,1.02,49,-2498,24166,1171,3669,545,Sadiki,MID,20,SUN,MCI
546,5,12,0,False,2026-08-22T14:00:00Z,2,1,1,False,0,0,0,0,0,0,0,0,0,0,0,0,0,0.0,0.0,0.0,0.0,0,0,0,0,0,0.00,0.00,0.00,0.00,50,0,9551,0,0,546,Adingra,MID,20,SUN,IPS
546,19,10,0,True,2026-08-30T13:00:00Z,1,0,2,False,0,0,0,0,0,0,0,0,0,0,0,0,0,0.0,0.0,0.0,0.0,0,0,0,0,0,0.00,0.00,0.00,0.00,50,-3506,6042,53,3559,546,Adingra,MID,20,SUN,FUL
546,22,4,0,False,2026-09-05T14:00:00Z,1,1,3,False,0,0,0,0,0,0,0,0,0,0,0,0,0,0.0,0.0,0.0,0.0,0,0,0,0,0,0.00,0.00,0.00,0.00,49,-1749,4340,187,1936,546,Adingra,MID,20,SUN,BRE
546,36,1,0,True,2026-09-12T19:00:00Z,0,2,4,False,0,0,0,0,0,0,0,0,0,0,0,0,0,0.0,0.0,0.0,0.0,0,0,0,0,0,0.00,0.00,0.00,0.00,49,-1088,3324,0,1088,546,Adingra,MID,20,SUN,ARS
546,45,15,0,False,2026-09-20T13:00:00Z,5,3,5,False,0,0,0,0,0,0,0,0,0,0,0,0,0,0.0,0.0,0.0,0.0,0,0,0,0,0,0.00,0.00,0.00,0.00,49,-645,2712,0,645,546,Adingra,MID,20,SUN,MCI
547,5,12,0,False,2026-08-22T14:00:00Z,2,1,1,False,0,0,0,0,0,0,0,0,0,0,0,0,0,0.0,0.0,0.0,0.0,0,0,0,0,0,0.00,0.00,0.00,0.00,50,0,801,0,0,547,Mundle,MID,20,SUN,IPS
547,19,10,1,True,2026-08-30T13:00:00Z,1,0,2,False,1,0,0,0,0,0,0,0,0,0,0,0,2,8.0,0.1,17.0,2.5,1,0,0,1,0,0.17,0.00,0.17,0.09,50,-110,822,40,150,547,Mundle,MID,20,SUN,FUL
547,22,4,0,False,2026-09-05T14:00:00Z,1,1,3,False,0,0,0,0,0,0,0,0,0,0,0,0,0,0.0,0.0,0.0,0.0,0,0,0,0,0,0.00,0.00,0.00,0.00,50,-51,810,83,134,547,Mundle,MID,20,SUN,BRE
547,36,1,0,True,2026-09-12T19:00:00Z,0,2,4,False,0,0,0,0,0,0,0,0,0,0,0,0,0,0.0,0.0,0.0,0.0,0,0,0,0,0,0.00,0.00,0.00,0.00,49,-146,691,53,199,547,Mundle,MID,20,SUN,ARS
547,45,15,0,False,2026-09-20T13:00:00Z,5,3,5,False,0,0,0,0,0,0,0,0,0,0,0,0,0,0.0,0.0,0.0,0.0,0,0,0,0,0,0.00,0.00,0.00,0.00,49,-120,586,15,135,547,Mundle,MID,20,SUN,MCI
548,5,12,1,False,2026-08-22T14:00:00Z,2,1,1,False,10,0,0,0,1,0,0,0,0,0,0,0,3,0.0,0.3,0.0,0.0,0,1,0,1,0,0.00,0.00,0.00,0.10,50,0,6214,0,0,548,Rigg,MID,20,SUN,IPS
548,19,10,1,True,2026-08-30T13:00:00Z,1,0,2,False,7,0,0,0,0,0,0,0,0,0,0,0,3,0.0,0.0,0.0,0.0,0,0,0,0,0,0.00,0.00,0.00,0.34,50,-521,6409,99,620,548,Rigg,MID,20,SUN,FUL
548,22,4,0,False,2026-09-05T14:00:00Z,1,1,3,False,0,0,0,0,0,0,0,0,0,0,0,0,0,0.0,0.0,0.0,0.0,0,0,0,0,0,0.00,0.00,0.00,0.00,50,-719,5751,143,862,548,Rigg,MID,20,SUN,BRE
548,36,1,0,True,2026-09-12T19:00:00Z,0,2,4,False,0,0,0,0,0,0,0,0,0,0,0,0,0,0.0,0.0,0.0,0.0,0,0,0,0,0,0.00,0.00,0.00,0.00,49,-504,5378,130,634,548,Rigg,MID,20,SUN,ARS
548,45,15,0,False,2026-09-20T13:00:00Z,5,3,5,False,0,0,0,0,0,0,0,0,0,0,0,0,0,0.0,0.0,0.0,0.0,0,0,0,0,0,0.00,0.00,0.00,0.00,49,-439,4992,65,504,548,Rigg,MID,20,SUN,MCI
549,5,12,1,False,2026-08-22T14:00:00Z,2,1,1,False,31,0,0,0,1,0,0,0,0,0,0,0,1,0.0,0.9,0.0,0.0,0,2,0,2,0,0.00,0.00,0.00,0.14,55,0,20822,0,0,549,Talbi,MID,20,SUN,IPS
549,19,10,0,True,2026-08-30T13:00:00Z,1,0,2,False,0,0,0,0,0,0,0,0,0,0,0,0,0,0.0,0.0,0.0,0.0,0,0,0,0,0,0.00,0.00,0.00,0.00,55,-2560,20684,284,2844,549,Talbi,MID,20,SUN,FUL
549,22,4,0,False,2026-09-05T14:00:00Z,1,1,3,False,0,0,0,0,0,0,0,0,0,0,0,0,0,0.0,0.0,0.0,0.0,0,0,0,0,0,0.00,0.00,0.00,0.00,54,-3700,17189,427,4127,549,Talbi,MID,20,SUN,BRE
549,36,1,0,True,2026-09-12T19:00:00Z,0,2,4,False,0,0,0,0,0,0,0,0,0,0,0,0,0,0.0,0.0,0.0,0.0,0,0,0,0,0,0.00,0.00,0.00,0.00,54,-2338,15167,214,2552,549,Talbi,MID,20,SUN,ARS
549,45,15,0,False,2026-09-20T13:00:00Z,5,3,5,False,0,0,0,0,0,0,0,0,0,0,0,0,0,0.0,0.0,0.0,0.0,0,0,0,0,0,0.00,0.00,0.00,0.00,53,-1389,14043,308,1697,549,Talbi,MID,20,SUN,MCI
550,5,12,0,False,2026-08-22T14:00:00Z,2,1,1,False,0,0,0,0,0,0,0,0,0,0,0,0,0,0.0,0.0,0.0,0.0,0,0,0,0,0,0.00,0.00,0.00,0.00,50,0,501,0,0,550,Jocelin.T,MID,20,SUN,IPS
550,19,10,0,True,2026-08-30T13:00:00Z,1,0,2,False,0,0,0,0,0,0,0,0,0,0,0,0,0,0.0,0.0,0.0,0.0,0,0,0,0,0,0.00,0.00,0.00,0.00,50,-50,569,51,101,550,Jocelin.T,MID,20,SUN,FUL
550,22,4,0,False,2026-09-05T14:00:00Z,1,1,3,False,0,0,0,0,0,0,0,0,0,0,0,0,0,0.0,0.0,0.0,0.0,0,0,0,0,0,0.00,0.00,0.00,0.00,50,-21,602,80,101,550,Jocelin.T,MID,20,SUN,BRE
550,36,1,0,True,2026-09-12T19:00:00Z,0,2,4,False,0,0,0,0,0,0,0,0,0,0,0,0,0,0.0,0.0,0.0,0.0,0,0,0,0,0,0.00,0.00,0.00,0.00,50,-12,630,79,91,550,Jocelin.T,MID,20,SUN,ARS
550,45,15,0,False,2026-09-20T13:00:00Z,5,3,5,False,0,0,0,0,0,0,0,0,0,0,0,0,0,0.0,0.0,0.0,0.0,0,0,0,0,0,0.00,0.00,0.00,0.00,50,-24,627,64,88,550,Jocelin.T,MID,20,SUN,MCI
551,5,12,5,False,2026-08-22T14:00:00Z,2,1,1,False,58,1,0,0,1,0,0,0,1,0,0,0,23,32.8,3.3,16.0,5.2,1,5,1,7,1,0.15,0.01,0.16,1.66,50,0,5260,0,0,551,N.Angulo,MID,20,SUN,IPS
551,19,10,3,True,2026-08-30T13:00:00Z,1,0,2,False,64,0,0,1,0,0,0,0,0,0,0,0,13,7.2,16.7,0.0,2.4,0,4,1,5,1,0.00,0.04,0.04,0.58,50,3964,13112,5343,1379,551,N.Angulo,MID,20,SUN,FUL
551,22,4,2,False,2026-09-05T14:00:00Z,1,1,3,False,63,0,0,0,1,0,0,0,0,0,0,0,11,8.6,5.7,16.0,3.0,1,3,1,5,1,0.00,0.07,0.07,0.76,50,1656,15646,4768,3112,551,N.Angulo,MID,20,SUN,BRE
551,36,1,2,True,2026-09-12T19:00:00Z,0,2,4,False,69,0,0,0,1,0,0,0,0,0,0,0,7,2.2,0.9,2.0,0.5,0,1,2,3,1,0.00,0.00,0.00,0.81,50,-1700,14020,1450,3150,551,N.Angulo,MID,20,SUN,ARS
551,45,15,4,False,2026-09-20T13:00:00Z,5,3,5,False,59,0,1,0,4,0,0,0,0,0,0,0,13,21.4,11.7,13.0,4.6,3,1,0,4,1,0.45,0.01,0.46,0.75,50,-1429,12830,718,2147,551,N.Angulo,MID,20,SUN,MCI
552,5,12,2,False,2026-08-22T14:00:00Z,2,1,1,False,66,0,0,0,1,0,0,0,0,0,0,0,1,0.0,1.5,9.0,1.1,0,0,0,0,1,0.30,0.00,0.30,1.69,60,0,1279847,0,0,552,Brobbey,FWD,20,SUN,IPS
552,19,10,2,True,2026-08-30T13:00:00Z,1,0,2,False,63,0,0,1,0,0,0,0,0,0,0,0,5,0.0,2.8,6.0,0.7,1,3,0,4,1,0.03,0.00,0.03,0.58,60,-81358,1261093,38269,119627,552,Brobbey,FWD,20,SUN,FUL
552,22,4,2,False,2026-09-05T14:00:00Z,1,1,3,False,90,0,0,0,1,0,0,0,0,0,0,0,11,4.4,37.1,29.0,7.1,0,3,0,3,1,0.26,0.06,0.32,1.21,59,-321733,912046,27284,349017,552,Brobbey,FWD,20,SUN,BRE
552,36,1,1,True,2026-09-12T19:00:00Z,0,2,4,False,90,0,0,0,2,0,0,0,1,0,0,0,4,0.0,11.5,14.0,2.4,0,4,0,4,1,0.00,0.01,0.01,1.88,58,-246486,701070,13895,260381,552,Brobbey,FWD,20,SUN,ARS
552,45,15,17,False,2026-09-20T13:00:00Z,5,3,5,False,90,3,0,0,5,0,0,0,0,0,0,3,92,104.0,16.1,84.0,20.4,0,0,0,0,1,2.35,0.04,2.39,2.82,58,-145137,577036,12010,157147,552,Brobbey,FWD,20,SUN,MCI
553,5,12,1,False,2026-08-22T14:00:00Z,2,1,1,False,23,0,0,0,1,0,0,0,0,0,0,0,3,0.0,0.2,0.0,0.0,0,0,0,0,0,0.00,0.00,0.00,0.10,55,0,90196,0,0,553,Isidor,FWD,20,SUN,IPS
553,19,10,8,True,2026-08-30T13:00:00Z,1,0,2,False,26,1,0,0,0,0,0,0,0,0,0,3,29,29.2,0.1,25.0,5.4,0,0,0,0,0,1.39,0.00,1.39,0.37,55,-10451,85703,2470,12921,553,Isidor,FWD,20,SUN,FUL
553,22,4,4,False,2026-09-05T14:00:00Z,1,1,3,False,26,0,1,0,0,0,0,0,0,0,0,0,15,0.2,0.3,10.0,1.1,0,2,0,2,0,0.10,0.01,0.11,0.45,55,21273,116229,35830,14557,553,Isidor,FWD,20,SUN,BRE
553,36,1,1,True,2026-09-12T19:00:00Z,0,2,4,False,20,0,0,0,1,0,0,0,0,0,0,0,1,1.2,0.1,0.0,0.1,0,0,1,1,0,0.00,0.00,0.00,1.07,55,25312,163059,47557,22245,553,Isidor,FWD,20,SUN,ARS
553,45,15,1,False,2026-09-20T13:00:00Z,5,3,5,False,22,0,0,0,1,0,0,0,0,0,0,0,3,0.2,0.3,0.0,0.1,0,1,1,2,0,0.00,0.00,0.00,1.79,55,-18986,143906,6445,25431,553,Isidor,FWD,20,SUN,MCI
612,19,10,0,True,2026-08-30T13:00:00Z,1,0,2,False,0,0,0,0,0,0,0,0,0,0,0,0,0,0.0,0.0,0.0,0.0,0,0,0,0,0,0.00,0.00,0.00,0.00,45,68,156,95,27,612,Methalie,DEF,20,SUN,FUL
612,22,4,0,False,2026-09-05T14:00:00Z,1,1,3,False,0,0,0,0,0,0,0,0,0,0,0,0,0,0.0,0.0,0.0,0.0,0,0,0,0,0,0.00,0.00,0.00,0.00,45,262,632,362,100,612,Methalie,DEF,20,SUN,BRE
612,36,1,0,True,2026-09-12T19:00:00Z,0,2,4,False,0,0,0,0,0,0,0,0,0,0,0,0,0,0.0,0.0,0.0,0.0,0,0,0,0,0,0.00,0.00,0.00,0.00,45,-16,710,187,203,612,Methalie,DEF,20,SUN,ARS
612,45,15,-1,False,2026-09-20T13:00:00Z,5,3,5,False,90,0,0,0,5,0,0,0,1,0,0,0,-8,8.0,2.0,2.0,1.2,2,4,1,3,1,0.03,0.01,0.04,2.82,45,49,834,145,96,612,Methalie,DEF,20,SUN,MCI
613,19,10,0,True,2026-08-30T13:00:00Z,1,0,2,False,0,0,0,0,0,0,0,0,0,0,0,0,0,0.0,0.0,0.0,0.0,0,0,0,0,0,0.00,0.00,0.00,0.00,45,2077,6052,2475,398,613,Ahoka,MID,20,SUN,FUL
613,22,4,0,False,2026-09-05T14:00:00Z,1,1,3,False,0,0,0,0,0,0,0,0,0,0,0,0,0,0.0,0.0,0.0,0.0,0,0,0,0,0,0.00,0.00,0.00,0.00,45,8884,27345,13182,4298,613,Ahoka,MID,20,SUN,BRE
613,36,1,0,True,2026-09-12T19:00:00Z,0,2,4,False,0,0,0,0,0,0,0,0,0,0,0,0,0,0.0,0.0,0.0,0.0,0,0,0,0,0,0.00,0.00,0.00,0.00,45,2550,29307,6933,4383,613,Ahoka,MID,20,SUN,ARS
613,45,15,0,False,2026-09-20T13:00:00Z,5,3,5,False,0,0,0,0,0,0,0,0,0,0,0,0,0,0.0,0.0,0.0,0.0,0,0,0,0,0,0.00,0.00,0.00,0.00,45,-1414,26173,2205,3619,613,Ahoka,MID,20,SUN,MCI
646,22,4,1,False,2026-09-05T14:00:00Z,1,1,3,False,16,0,0,0,0,0,0,0,0,0,0,0,3,0.0,0.5,0.0,0.1,0,0,0,0,0,0.00,0.00,0.00,0.39,55,1832,2246,2071,239,646,Fofana,MID,20,SUN,BRE
646,36,1,1,True,2026-09-12T19:00:00Z,0,2,4,False,14,0,0,0,1,0,0,0,0,0,0,0,2,0.0,0.8,6.0,0.6,0,0,0,0,0,0.00,0.00,0.00,0.79,55,636,3125,1193,557,646,Fofana,MID,20,SUN,ARS
646,45,15,1,False,2026-09-20T13:00:00Z,5,3,5,False,30,0,0,0,1,0,0,0,0,0,0,0,6,12.4,0.8,38.0,5.1,0,2,1,3,0,0.39,0.01,0.40,2.07,55,-160,3082,472,632,646,Fofana,MID,20,SUN,MCI
651,22,4,0,False,2026-09-05T14:00:00Z,1,1,3,False,0,0,0,0,0,0,0,0,0,0,0,0,0,0.0,0.0,0.0,0.0,0,0,0,0,0,0.00,0.00,0.00,0.00,45,14103,27023,15939,1836,651,J.Angulo,FWD,20,SUN,BRE
651,36,1,0,True,2026-09-12T19:00:00Z,0,2,4,False,0,0,0,0,0,0,0,0,0,0,0,0,0,0.0,0.0,0.0,0.0,0,0,0,0,0,0.00,0.00,0.00,0.00,45,22849,53783,32385,9536,651,J.Angulo,FWD,20,SUN,ARS
651,45,15,0,False,2026-09-20T13:00:00Z,5,3,5,False,0,0,0,0,0,0,0,0,0,0,0,0,0,0.0,0.0,0.0,0.0,0,0,0,0,0,0.00,0.00,0.00,0.00,45,21901,87358,33544,11643,651,J.Angulo,FWD,20,SUN,MCI
